f7d7fcf72251ea182424b5b7610cdf3b,e488722d-28e2-5115-b2d7-38cdc7f516f3
acf21fdeaf894ba602a3f0c33f2c68fb,e488722d-28e2-5115-b2d7-38cdc7f516f3
6eedada001467ab7679c24d170821de5,e488722d-28e2-5115-b2d7-38cdc7f516f3
3fda895114adfad30293d962325b73be,e488722d-28e2-5115-b2d7-38cdc7f516f3
39f0f0570cabf6267aedce3c57e75c97,e488722d-28e2-5115-b2d7-38cdc7f516f3
af4f6f2c7a93e07a17915dbf92f0fcfb,e488722d-28e2-5115-b2d7-38cdc7f516f3
16a7cbf6cfb4523405dd0b4f599d88ac,e488722d-28e2-5115-b2d7-38cdc7f516f3
f130329299cb4839f0a6a4fe90c800f5,e488722d-28e2-5115-b2d7-38cdc7f516f3
21b3cae4f6cc934fd0e0f871ca0d9da8,e488722d-28e2-5115-b2d7-38cdc7f516f3
2c5e4d097ebc1d47e785fc9a1c702bde,e488722d-28e2-5115-b2d7-38cdc7f516f3
f2d0f7dde861a7429c500055528c9fde,e488722d-28e2-5115-b2d7-38cdc7f516f3
d3a07f1cec0e7edd052051aa46deac6a,e488722d-28e2-5115-b2d7-38cdc7f516f3
558015c45647170a9e242b9bf8925165,e488722d-28e2-5115-b2d7-38cdc7f516f3
2121b467423481fd5761f054b3d3036c,e488722d-28e2-5115-b2d7-38cdc7f516f3
eca53d09fc28fc5ae1bd25ca8b47e3e9,e488722d-28e2-5115-b2d7-38cdc7f516f3
afad652597ef4b885835a8617d8d6945,e488722d-28e2-5115-b2d7-38cdc7f516f3
6d9cc2d5ebd83166b091a0db423d359f,e488722d-28e2-5115-b2d7-38cdc7f516f3
3b22c502199beace861d015996e72ec2,e488722d-28e2-5115-b2d7-38cdc7f516f3
9c877d14f70c883734131d2117b0c931,e488722d-28e2-5115-b2d7-38cdc7f516f3
225fb87c4d87eaf493027a7ac91bde8c,e488722d-28e2-5115-b2d7-38cdc7f516f3
4f82deb081fc4acd8f55221c0ee7c533,e488722d-28e2-5115-b2d7-38cdc7f516f3
80fc2583c15d008554a6ba01ae0a07ac,e488722d-28e2-5115-b2d7-38cdc7f516f3
46833864ac553fa7178cacaf3e564399,e488722d-28e2-5115-b2d7-38cdc7f516f3
2b603568fea7ece87389aef863f43db9,e488722d-28e2-5115-b2d7-38cdc7f516f3
4187c848abc1fedb9f1d0dd29345f16f,e488722d-28e2-5115-b2d7-38cdc7f516f3
60ae508ef64f9bd9e073f89433e0dae3,e488722d-28e2-5115-b2d7-38cdc7f516f3
f0e01b0dfe3f2cd536d8fe3a44ab07ec,e488722d-28e2-5115-b2d7-38cdc7f516f3
a6b0c6449a15558c2776c8da1d354401,e488722d-28e2-5115-b2d7-38cdc7f516f3
532162b6b104652e3360fa7ee5040ac8,e488722d-28e2-5115-b2d7-38cdc7f516f3
03228a0e5faa06223ca30e8879d879ed,e488722d-28e2-5115-b2d7-38cdc7f516f3
82726bfb8de02b0f882c22978a0c574a,e488722d-28e2-5115-b2d7-38cdc7f516f3
b18b78e41c1d5e19131c568e2f62ddba,e488722d-28e2-5115-b2d7-38cdc7f516f3
4e04b8ee0744029a35de9d7ba4fc80b8,e488722d-28e2-5115-b2d7-38cdc7f516f3
c5ceaae22b0cc4582c7e69b3252a75e0,e488722d-28e2-5115-b2d7-38cdc7f516f3
d4d9ddfcb0ab1bd91824b50642a9aa3e,e488722d-28e2-5115-b2d7-38cdc7f516f3
04e2ffefbb2c1af29a6200ab43159637,e488722d-28e2-5115-b2d7-38cdc7f516f3
021688c74b24723cc4315e932b254498,e488722d-28e2-5115-b2d7-38cdc7f516f3
bfce9b2a6435e40a66763ad5f0373c34,e488722d-28e2-5115-b2d7-38cdc7f516f3
1dc8fb0ed6191a19afd7be744e3eebc5,e488722d-28e2-5115-b2d7-38cdc7f516f3
d5ab758411ec41f2e3243ca4bb989e03,e488722d-28e2-5115-b2d7-38cdc7f516f3
d2b31a199674683a7ecc400532ac70d3,e488722d-28e2-5115-b2d7-38cdc7f516f3
c7c5cd3c5391c394843c553c8db401f2,e488722d-28e2-5115-b2d7-38cdc7f516f3
bc774b14621e26c052d9a10d37526f43,e488722d-28e2-5115-b2d7-38cdc7f516f3
5228ae43d97c237bbcc8c4cd5642187e,e488722d-28e2-5115-b2d7-38cdc7f516f3
b2a07638ac96461bf97dd136e565c662,e488722d-28e2-5115-b2d7-38cdc7f516f3
c560fab565afe97408056d7561ee13ad,e488722d-28e2-5115-b2d7-38cdc7f516f3
0169bcb9857d290eb535306ad4dac71a,e488722d-28e2-5115-b2d7-38cdc7f516f3
645609f82c3d90665b764b8f8b0d9d03,e488722d-28e2-5115-b2d7-38cdc7f516f3
9d6b755f627cbb52f346c082b46dd01e,e488722d-28e2-5115-b2d7-38cdc7f516f3
1c71fb2cb75174b77c4603d7f7814d23,e488722d-28e2-5115-b2d7-38cdc7f516f3
0619d784f7a5bc85f31c21ff60c144ad,e488722d-28e2-5115-b2d7-38cdc7f516f3
b9d3c223b558dd14d893cd3a03b5806e,e488722d-28e2-5115-b2d7-38cdc7f516f3
f171ce6fd8ab4fa74d96808251eb693b,e488722d-28e2-5115-b2d7-38cdc7f516f3
3aa0aa74b43cac36df1f38dfc0190aaf,e488722d-28e2-5115-b2d7-38cdc7f516f3
b5dfed80a86a53fc5e353a27f20a7192,e488722d-28e2-5115-b2d7-38cdc7f516f3
d77dad0603a00e564174683f59feb297,e488722d-28e2-5115-b2d7-38cdc7f516f3
dca502a0d738fd4697492d3fb7bf038e,e488722d-28e2-5115-b2d7-38cdc7f516f3
8e70e9061917b457eb9d83f8aea352e4,e488722d-28e2-5115-b2d7-38cdc7f516f3
d2ecc0ca327f64c0a382493282750f6e,e488722d-28e2-5115-b2d7-38cdc7f516f3
b2eff4003dc40e2242ae0030ba584277,e488722d-28e2-5115-b2d7-38cdc7f516f3
7350c58166e76c5978adf1786428b061,e488722d-28e2-5115-b2d7-38cdc7f516f3
1b26b5366446f4d64921d72aca4bdd70,e488722d-28e2-5115-b2d7-38cdc7f516f3
08354f7d53f3683bf618e4742d99f319,e488722d-28e2-5115-b2d7-38cdc7f516f3
68004b7ce65b8611a690c7ca3a4e0b52,e488722d-28e2-5115-b2d7-38cdc7f516f3
06d84a0e5f0dfcf58f78f001c3fe9afd,e488722d-28e2-5115-b2d7-38cdc7f516f3
781b35fedaf8316f75be304782b46dcd,e488722d-28e2-5115-b2d7-38cdc7f516f3
abf8e9c03909a2594951f2a08858089e,e488722d-28e2-5115-b2d7-38cdc7f516f3
bc4c916785669aae74dc29af25c919cf,e488722d-28e2-5115-b2d7-38cdc7f516f3
1f631637bea56599e8e36f1412ac3703,e488722d-28e2-5115-b2d7-38cdc7f516f3
39f894e84bbcb5670ea4e6b64df92e76,e488722d-28e2-5115-b2d7-38cdc7f516f3
ad8f0aee252bf7c2e1ea3553f78c87ce,e488722d-28e2-5115-b2d7-38cdc7f516f3
05d5e1a818834ec272884e956984a3a1,e488722d-28e2-5115-b2d7-38cdc7f516f3
799a394285924a2599c20b5899b1abc1,e488722d-28e2-5115-b2d7-38cdc7f516f3
a01d5d2241d0b2f53bbd7a705b1853fd,e488722d-28e2-5115-b2d7-38cdc7f516f3
3e3a713706fd616283db02d029830368,e488722d-28e2-5115-b2d7-38cdc7f516f3
1b2cafdf5c581e035d90c71a0ca36405,e488722d-28e2-5115-b2d7-38cdc7f516f3
e412950e2e67431286716e8da64403bc,e488722d-28e2-5115-b2d7-38cdc7f516f3
fc24d2b72b81130c9a6351b6bf8a56bb,e488722d-28e2-5115-b2d7-38cdc7f516f3
26662267250d83b7862d483aac348452,e488722d-28e2-5115-b2d7-38cdc7f516f3
49bd44f8c8bcb5d95f68867d5b07dead,e488722d-28e2-5115-b2d7-38cdc7f516f3
5698d4aa29ca8b72eafefa72ef2e870c,e488722d-28e2-5115-b2d7-38cdc7f516f3
2cd000413fd821c2e79c5b9ab2982039,e488722d-28e2-5115-b2d7-38cdc7f516f3
761b08bd7ec00f0c7c131b9bd9a5b9c3,e488722d-28e2-5115-b2d7-38cdc7f516f3
9d3989653a32e9a01a0def5ebce4951a,e488722d-28e2-5115-b2d7-38cdc7f516f3
0ecd691e373bbe74ead5bad192708b27,e488722d-28e2-5115-b2d7-38cdc7f516f3
f7dae84f8deac91eee7e0b1d19976268,e488722d-28e2-5115-b2d7-38cdc7f516f3
290318df0c6eff536af84684380ef390,e488722d-28e2-5115-b2d7-38cdc7f516f3
324633c1992856045e031d49a1802361,e488722d-28e2-5115-b2d7-38cdc7f516f3
1427dfc60befb61db8d054c53e638666,e488722d-28e2-5115-b2d7-38cdc7f516f3
28c4d61b17b058468a7e0e1ebaf94167,e488722d-28e2-5115-b2d7-38cdc7f516f3
ec511fdabdbdd161604a37b6481b9069,e488722d-28e2-5115-b2d7-38cdc7f516f3
cbd7a2a3ccb2ad489c068cac47b83213,e488722d-28e2-5115-b2d7-38cdc7f516f3
1c200c7bde274954e0012a59b738b9b9,e488722d-28e2-5115-b2d7-38cdc7f516f3
6660ca0d705b4f34dd892a81c0fa5319,e488722d-28e2-5115-b2d7-38cdc7f516f3
efdc9fafe4a80c66bcd15ce59e4b4dd8,e488722d-28e2-5115-b2d7-38cdc7f516f3
c0ea0ffe5a7e362e828e08b1154bf4bb,e488722d-28e2-5115-b2d7-38cdc7f516f3
d3ac7bf61aee69e84cf4ba202422368b,e488722d-28e2-5115-b2d7-38cdc7f516f3
7f9c47bb51dab2d20cbfa60d99ac250e,e488722d-28e2-5115-b2d7-38cdc7f516f3
096967af4a467b71c18b34012c907c72,e488722d-28e2-5115-b2d7-38cdc7f516f3
7313d2d8ec220ea90bbafcdec1d11964,e488722d-28e2-5115-b2d7-38cdc7f516f3
40dc1552e35314d524c347a5592e52d9,e488722d-28e2-5115-b2d7-38cdc7f516f3
d5f359cb0a1320ebb4dd11874995161a,e488722d-28e2-5115-b2d7-38cdc7f516f3
d8a32ba0c1c28c97d37bead5eebc6536,e488722d-28e2-5115-b2d7-38cdc7f516f3
88d23ee1c936b9e5011477a93f131bff,e488722d-28e2-5115-b2d7-38cdc7f516f3
d03f7d5e1bd92a0cb3ce55ef471373dc,e488722d-28e2-5115-b2d7-38cdc7f516f3
d02ff19521062328d083f175f9ec56d6,e488722d-28e2-5115-b2d7-38cdc7f516f3
8667abfb0d62e81fbfc1f0e0ac7c9c37,e488722d-28e2-5115-b2d7-38cdc7f516f3
29122934c52b24320efd35d1285eeabc,e488722d-28e2-5115-b2d7-38cdc7f516f3
df76e2df69886f78599f6457ce060f9c,e488722d-28e2-5115-b2d7-38cdc7f516f3
20155a4f0cc0497a35c90234377ee6ee,e488722d-28e2-5115-b2d7-38cdc7f516f3
e5e3b5df8c1b2d7fa2bd8a4218eb44f8,e488722d-28e2-5115-b2d7-38cdc7f516f3
c6c2ea49c4d6d399fcd9c21aad668ab1,e488722d-28e2-5115-b2d7-38cdc7f516f3
cef23facc7400181fb92a87701a48d20,e488722d-28e2-5115-b2d7-38cdc7f516f3
c8d8fe3cd7c9be813e3e776077a2a0a8,e488722d-28e2-5115-b2d7-38cdc7f516f3
725a06f4913621b93fb31fcb6231f63d,e488722d-28e2-5115-b2d7-38cdc7f516f3
39fc5571faa14a98b62936d20c6894ec,e488722d-28e2-5115-b2d7-38cdc7f516f3
3b613cf1faedf5ec764058a8142e6665,e488722d-28e2-5115-b2d7-38cdc7f516f3
aefb96870d7ea162c47f38b762fd2fd9,e488722d-28e2-5115-b2d7-38cdc7f516f3
b325368ea212e397e0e1118f3b990866,e488722d-28e2-5115-b2d7-38cdc7f516f3
0ed183d5a32af7bec20a9330beb25c9c,e488722d-28e2-5115-b2d7-38cdc7f516f3
3c836ab7db7afc18aa2387a2054314c3,e488722d-28e2-5115-b2d7-38cdc7f516f3
e41383e18f64b3e6336d8167a44b1c24,e488722d-28e2-5115-b2d7-38cdc7f516f3
d678e65d2e22304dd9acc21fde6e284b,e488722d-28e2-5115-b2d7-38cdc7f516f3
23b85ab3b1b26814607955c00aa6346f,e488722d-28e2-5115-b2d7-38cdc7f516f3
955b082b16402356d32f50844e6f0e70,e488722d-28e2-5115-b2d7-38cdc7f516f3
df2323f683808de00999a753d998f36a,e488722d-28e2-5115-b2d7-38cdc7f516f3
a1972bbad4109588e870b32c8ffe84c8,e488722d-28e2-5115-b2d7-38cdc7f516f3
f69fda1b39e6a054a07182c53aeec828,e488722d-28e2-5115-b2d7-38cdc7f516f3
d042f8fa4e5584ce2e4e96bc8f1ee07b,e488722d-28e2-5115-b2d7-38cdc7f516f3
3738fa5cdb188c73cf074a3062d9105c,e488722d-28e2-5115-b2d7-38cdc7f516f3
3be392cf2cf89e6b3b099e925ccaecb5,e488722d-28e2-5115-b2d7-38cdc7f516f3
3e2d2473da5ac8066a684b95dad6fe8f,e488722d-28e2-5115-b2d7-38cdc7f516f3
4e4b7026c8e608b64f6216ec29fd0536,e488722d-28e2-5115-b2d7-38cdc7f516f3
561d558319f32088e0e4380e7f4a8fb2,e488722d-28e2-5115-b2d7-38cdc7f516f3
e3ef9216b3668e86c494d5d4485f76f6,e488722d-28e2-5115-b2d7-38cdc7f516f3
1d4cfa913bdb183d6a03f8a0fa776753,e488722d-28e2-5115-b2d7-38cdc7f516f3
b6c8075d4c7bca00f62b6f8274033597,e488722d-28e2-5115-b2d7-38cdc7f516f3
3fa264302169a33f5d3c31e9a93033ef,e488722d-28e2-5115-b2d7-38cdc7f516f3
b5e48bbfd08039ea51a50f63ae0fb5d2,e488722d-28e2-5115-b2d7-38cdc7f516f3
73014e12730835117de4c853b790df10,e488722d-28e2-5115-b2d7-38cdc7f516f3
4d4630523293e6487273cdca06820ab1,e488722d-28e2-5115-b2d7-38cdc7f516f3
80a66a45328eab9017e6ef772fad512c,e488722d-28e2-5115-b2d7-38cdc7f516f3
d337da2ca54a48aee917ae2c03966297,e488722d-28e2-5115-b2d7-38cdc7f516f3
b149046ff61324839276de6a0f9f05c8,e488722d-28e2-5115-b2d7-38cdc7f516f3
c5d58143b6a99fb3a4f9be6d68d0750f,e488722d-28e2-5115-b2d7-38cdc7f516f3
ac618938ae1ccdb04fc354bec0baae21,e488722d-28e2-5115-b2d7-38cdc7f516f3
aad936005533812f5277b721229df6f1,e488722d-28e2-5115-b2d7-38cdc7f516f3
9923b440cc354d0d5f86b987546ea098,e488722d-28e2-5115-b2d7-38cdc7f516f3
7ea3082ea77be830b9a9dda7b975d6f2,e488722d-28e2-5115-b2d7-38cdc7f516f3
d82e881cd8ba511bf1758ddf9f0d2ad3,e488722d-28e2-5115-b2d7-38cdc7f516f3
16cb4554764ae15a8ce641dea40a6c47,e488722d-28e2-5115-b2d7-38cdc7f516f3
de35fcac10d16fa05d613eb38444bd8f,e488722d-28e2-5115-b2d7-38cdc7f516f3
295dc10502327bbb69714e1fcfb00117,e488722d-28e2-5115-b2d7-38cdc7f516f3
9b3da66048db277f53bde84ab4c5d260,e488722d-28e2-5115-b2d7-38cdc7f516f3
fab3b7a0c1a3fa61454df8ae4fbcff3b,e488722d-28e2-5115-b2d7-38cdc7f516f3
6c81255c6be0e75bca12f8794dbd2bb1,e488722d-28e2-5115-b2d7-38cdc7f516f3
d55c1df0c379e6ea3feb3529db6b6225,e488722d-28e2-5115-b2d7-38cdc7f516f3
189e307e0272118c0d634e1466f8c5e0,e488722d-28e2-5115-b2d7-38cdc7f516f3
b077dabf750b514088587ae0e627de57,e488722d-28e2-5115-b2d7-38cdc7f516f3
dcd34b5b7ef713a04f694c2fb7588d76,e488722d-28e2-5115-b2d7-38cdc7f516f3
7a7bfdd893a0668b1cd922997fe1f777,e488722d-28e2-5115-b2d7-38cdc7f516f3
50646f14a394563af669f61d24d7d5d0,e488722d-28e2-5115-b2d7-38cdc7f516f3
7ab8bb21e5b5c1d7d623b87380032464,e488722d-28e2-5115-b2d7-38cdc7f516f3
65883cf7754512e32312691e8e11609a,e488722d-28e2-5115-b2d7-38cdc7f516f3
7d64cdebd7c33a7739330db5052fff40,e488722d-28e2-5115-b2d7-38cdc7f516f3
c39fd7066c21c06453f7739de1fc161a,e488722d-28e2-5115-b2d7-38cdc7f516f3
bba751d416c0ff7adcd6c3f37613db24,e488722d-28e2-5115-b2d7-38cdc7f516f3
3b5d79ffcd2246b5ff8154509d9bf277,e488722d-28e2-5115-b2d7-38cdc7f516f3
d1dfa819331182cf0ae4b0fc9454b1c3,e488722d-28e2-5115-b2d7-38cdc7f516f3
62b293dba610ff8efd82a5470c3eb1d7,e488722d-28e2-5115-b2d7-38cdc7f516f3
b6460835c46235cfedbe6d2fb9122576,e488722d-28e2-5115-b2d7-38cdc7f516f3
44d630e7d107347613dcac3bae54c15f,e488722d-28e2-5115-b2d7-38cdc7f516f3
5fb4106aac2dd65b563cffc48154aace,e488722d-28e2-5115-b2d7-38cdc7f516f3
e3fa0303b84ee2547c9b61fc1fe069bb,e488722d-28e2-5115-b2d7-38cdc7f516f3
b2fc2377c297671188e389cb666ef5b5,e488722d-28e2-5115-b2d7-38cdc7f516f3
dc68935fd0311daa65b6bfacf8e60b11,e488722d-28e2-5115-b2d7-38cdc7f516f3
462ff2ebc05749a211d76cd721154707,e488722d-28e2-5115-b2d7-38cdc7f516f3
d19e07e542e3eb673b47253ea1568f4b,e488722d-28e2-5115-b2d7-38cdc7f516f3
92e1c73383358663ac9e67b22329178c,e488722d-28e2-5115-b2d7-38cdc7f516f3
8f04115721425f99c620760ded6d0cd4,e488722d-28e2-5115-b2d7-38cdc7f516f3
20056c884793e16f14f68f627bd06fa3,e488722d-28e2-5115-b2d7-38cdc7f516f3
74be9464312962955df19495552cc755,e488722d-28e2-5115-b2d7-38cdc7f516f3
e5d9633d39d466556445188b398f26f3,ed773d04-506a-50de-9b4b-29f5d6f30771
81ee4bbb40c8f103062bc172391b9541,ed773d04-506a-50de-9b4b-29f5d6f30771
66d64b94c08f3502fd16cbbbb8d94a80,ed773d04-506a-50de-9b4b-29f5d6f30771
bf49ffd75d37d17a88d5e5629239289a,ed773d04-506a-50de-9b4b-29f5d6f30771
92af653bda8f94e314e1e722057f6e5b,ed773d04-506a-50de-9b4b-29f5d6f30771
5492ed7186d67d481b86582e494186e0,ed773d04-506a-50de-9b4b-29f5d6f30771
5f11f35ddb24e86ca75f0845e4f431f4,ed773d04-506a-50de-9b4b-29f5d6f30771
24494c6e72d8500b804126c0875e4092,ed773d04-506a-50de-9b4b-29f5d6f30771
e51b44ef135ca44e497b0cfcd48cd730,ed773d04-506a-50de-9b4b-29f5d6f30771
7176b84c2eacde6e8c65f8f4f7f816d1,ed773d04-506a-50de-9b4b-29f5d6f30771
ac6b91994f79b56783964fac0a907eb2,ed773d04-506a-50de-9b4b-29f5d6f30771
d2212363b5fc126ebadb31b02cb42054,ed773d04-506a-50de-9b4b-29f5d6f30771
6196607d061cf1375a2c0c7b7e5e65a9,ed773d04-506a-50de-9b4b-29f5d6f30771
867ad737830fb1943651ee0d53bac159,ed773d04-506a-50de-9b4b-29f5d6f30771
aa17f2e4b1d6ccbc21d0c91feaf1b419,ed773d04-506a-50de-9b4b-29f5d6f30771
f0fc4970b53657a6d5c5095d6ae04d96,ed773d04-506a-50de-9b4b-29f5d6f30771
4d8513cfa3e168c6b5fea2dec40d849c,ed773d04-506a-50de-9b4b-29f5d6f30771
afcab71d725b856b54d47841a8cb1df6,ed773d04-506a-50de-9b4b-29f5d6f30771
8abb1867a41887251b864d08d33d6081,ed773d04-506a-50de-9b4b-29f5d6f30771
ae7f71123b4a8c6343fbc6762b50fc15,ed773d04-506a-50de-9b4b-29f5d6f30771
e11bbf5bfca62b35459b56d141fdcb09,ed773d04-506a-50de-9b4b-29f5d6f30771
3a2c0d04c059505e3951f4d6b0e37846,ed773d04-506a-50de-9b4b-29f5d6f30771
277e42b3a5da580b4abb86095873a13a,ed773d04-506a-50de-9b4b-29f5d6f30771
9a0cafc25f726fdadeb6001d7edc3c78,ed773d04-506a-50de-9b4b-29f5d6f30771
abd26ce8f23f3d21d84de21845d1d747,ed773d04-506a-50de-9b4b-29f5d6f30771
fb86e5d4c811ba5ba3ff32aed07bd472,ed773d04-506a-50de-9b4b-29f5d6f30771
7cccdfbb1accea7a7767cae0c934119a,ed773d04-506a-50de-9b4b-29f5d6f30771
1dafcb086c203fa6089361c3d179bab5,ed773d04-506a-50de-9b4b-29f5d6f30771
3310ae47f910ac265534e7c52a7f7688,ed773d04-506a-50de-9b4b-29f5d6f30771
f864af4640b9967f722bcc061bc48183,ed773d04-506a-50de-9b4b-29f5d6f30771
0cb4cd6daa3fbb6c47211917930002a9,ed773d04-506a-50de-9b4b-29f5d6f30771
221385d190fa355b7407adef905f4481,ed773d04-506a-50de-9b4b-29f5d6f30771
7e3533b7750caff5714ba0cbaee10a3d,ed773d04-506a-50de-9b4b-29f5d6f30771
982ff4ec0f10cc55c077da03fecb1f12,ed773d04-506a-50de-9b4b-29f5d6f30771
bde25b25aeb1ad670b11581d48a25153,ed773d04-506a-50de-9b4b-29f5d6f30771
b52450b69514ab6e7d43ea4e29826762,ed773d04-506a-50de-9b4b-29f5d6f30771
7a434c7a9da938355677e1f7d58913b7,ed773d04-506a-50de-9b4b-29f5d6f30771
0cf405db65c129de0178e788f086791c,ed773d04-506a-50de-9b4b-29f5d6f30771
029d1a5111788d9d9250de7eb4482acd,ed773d04-506a-50de-9b4b-29f5d6f30771
71e466fe016aeb31a3ef82801ed93508,ed773d04-506a-50de-9b4b-29f5d6f30771
f0e9ae03150f374a65e2672b7928f6b2,ed773d04-506a-50de-9b4b-29f5d6f30771
90250b8fa8bdb5b7377c393e4651f9e5,ed773d04-506a-50de-9b4b-29f5d6f30771
2caadb0655fa8c6163e206b905603815,ed773d04-506a-50de-9b4b-29f5d6f30771
4e3ff870ffdc88e5a4bae535ccc14900,ed773d04-506a-50de-9b4b-29f5d6f30771
702300507d29bf335fdea93f5da6345d,ed773d04-506a-50de-9b4b-29f5d6f30771
92d0a971489c7c6374a096c75d853210,ed773d04-506a-50de-9b4b-29f5d6f30771
126ba26d774dd653cd6ef41d81a00e9a,ed773d04-506a-50de-9b4b-29f5d6f30771
687d3a0dcb6833e9ed2b52489c475d03,ed773d04-506a-50de-9b4b-29f5d6f30771
53e094675e7581b5ef2dc8a8d1d9a678,ed773d04-506a-50de-9b4b-29f5d6f30771
287e66993481a00c2ba15b2c527b2903,ed773d04-506a-50de-9b4b-29f5d6f30771
2bc02fab52f2ce221fbe186fa9650fcd,ed773d04-506a-50de-9b4b-29f5d6f30771
a2f4ba3b3b38b647c8e2315fbcbc261f,ed773d04-506a-50de-9b4b-29f5d6f30771
4874d4af702d57fd0fee2acd53fe3c6b,ed773d04-506a-50de-9b4b-29f5d6f30771
2d216fe1126f98848e366a998da1ddf7,ed773d04-506a-50de-9b4b-29f5d6f30771
4a4bf47390101abd4c5b6cc88c73d9d5,ed773d04-506a-50de-9b4b-29f5d6f30771
c37b32cb4996c9847866f3fcd739cfd6,ed773d04-506a-50de-9b4b-29f5d6f30771
28ef70d63f6aa234a54a7ea4e00d394d,ed773d04-506a-50de-9b4b-29f5d6f30771
047cd43eaafbdad68337affb36a1353f,ed773d04-506a-50de-9b4b-29f5d6f30771
f5f8afd2d404ccb757dabffed4b5ee86,ed773d04-506a-50de-9b4b-29f5d6f30771
f6e4fdd05417d0038ea8cee108b0ef1b,ed773d04-506a-50de-9b4b-29f5d6f30771
9b021dcc5fef11cfa73bdb1e0dfd79eb,ed773d04-506a-50de-9b4b-29f5d6f30771
d79513b0486ed6a50c239f8780b38d5c,ed773d04-506a-50de-9b4b-29f5d6f30771
533a967c9e7f1442e859fc9099613ac4,ed773d04-506a-50de-9b4b-29f5d6f30771
fc16a321d4a6fce838e08efa81d9e7ec,ed773d04-506a-50de-9b4b-29f5d6f30771
a7f91e5f5d69113b219cf4a51832aca7,ed773d04-506a-50de-9b4b-29f5d6f30771
d11c7be03d612e3ecb8ddac6b981c24f,ed773d04-506a-50de-9b4b-29f5d6f30771
50dd1cf60910c1d9b904ecd0b03957f1,ed773d04-506a-50de-9b4b-29f5d6f30771
d1043174b13b5935e4916dd2c777cae7,ed773d04-506a-50de-9b4b-29f5d6f30771
1c5f241ae543ce67e2b7e0db7f89e9ef,ed773d04-506a-50de-9b4b-29f5d6f30771
c5f28d06cd8251caca21a6af9cad665d,ed773d04-506a-50de-9b4b-29f5d6f30771
c9acef722b92c8fd31a9bed3171deec1,ed773d04-506a-50de-9b4b-29f5d6f30771
ca7f07988a6069eaa6120641d82dbd00,ed773d04-506a-50de-9b4b-29f5d6f30771
8879fd08f597d7623c420b81596d93b8,ed773d04-506a-50de-9b4b-29f5d6f30771
992e337832865e0813339e9887d154ec,ed773d04-506a-50de-9b4b-29f5d6f30771
fe78b67f35cde2751053480f2ddd4bb2,ed773d04-506a-50de-9b4b-29f5d6f30771
bf5c0372e412c18713ca09d9c881fa0b,ed773d04-506a-50de-9b4b-29f5d6f30771
c42d5a6a19814cf8da1074fe16662694,ed773d04-506a-50de-9b4b-29f5d6f30771
0231cc3e884b958cf12f12ef511b0fbf,ed773d04-506a-50de-9b4b-29f5d6f30771
e11774102e3bd0f6de293612c8362311,ed773d04-506a-50de-9b4b-29f5d6f30771
2dd20575d4f1fd032aac6c024bea56db,ed773d04-506a-50de-9b4b-29f5d6f30771
dcd76eacfb45220a69e91c33f7b0915f,ed773d04-506a-50de-9b4b-29f5d6f30771
596632b8c64fd550ba54643a517718dc,ed773d04-506a-50de-9b4b-29f5d6f30771
1aed38343f3f290b32d7fea0d6484028,ed773d04-506a-50de-9b4b-29f5d6f30771
0c94d11a13e8dbb370e52bb49c64fa82,ed773d04-506a-50de-9b4b-29f5d6f30771
cb5063e1a0e0810c57f0a5c1c9f11c09,ed773d04-506a-50de-9b4b-29f5d6f30771
9dff746f77291eff14ddd254cc47d358,ed773d04-506a-50de-9b4b-29f5d6f30771
5d6b3599c06f70caeb82af4c097b23e0,ed773d04-506a-50de-9b4b-29f5d6f30771
303309f4b48d8fb06f9e82df71c5c41b,ed773d04-506a-50de-9b4b-29f5d6f30771
0d2e68c7207743d9bcb1f05e38541d72,ed773d04-506a-50de-9b4b-29f5d6f30771
2bad3c5f4095205975c1e24fcc9f9b9c,ed773d04-506a-50de-9b4b-29f5d6f30771
e69c926c2340244db5fa000ba311bd76,ed773d04-506a-50de-9b4b-29f5d6f30771
74aa2b329e25260dff6c627a12fed321,ed773d04-506a-50de-9b4b-29f5d6f30771
5fbbd4725c6a428d89e2178d21e5543d,ed773d04-506a-50de-9b4b-29f5d6f30771
99d9697876311cb8a04d3dd64689c454,ed773d04-506a-50de-9b4b-29f5d6f30771
b8138f144ac0076edaeaf0eb9b7f1846,ed773d04-506a-50de-9b4b-29f5d6f30771
4f7cfd3daacd7df657a30d62c2676cf8,ed773d04-506a-50de-9b4b-29f5d6f30771
ed6f2df9234a4b7cd8fa195721c3bdfd,ed773d04-506a-50de-9b4b-29f5d6f30771
3fdeafe32b8567278223eab63acf76a5,ed773d04-506a-50de-9b4b-29f5d6f30771
d1c8ff5e473624f8e8b1d6ac31f5bb1a,ed773d04-506a-50de-9b4b-29f5d6f30771
b8d1e88227f3b6c017d9c27d9051e4ee,ed773d04-506a-50de-9b4b-29f5d6f30771
05e4bd5998c73072025572b5e7977205,ed773d04-506a-50de-9b4b-29f5d6f30771
f704fba925f2135a99cf3799811e4149,ed773d04-506a-50de-9b4b-29f5d6f30771
f7422cb8eae27966154687b08670d107,ed773d04-506a-50de-9b4b-29f5d6f30771
ccadf5016375a38d65bf2bca1564e394,ed773d04-506a-50de-9b4b-29f5d6f30771
18a20d50e224403ddaf996c593e3b8c7,ed773d04-506a-50de-9b4b-29f5d6f30771
649630e7e9086ad4fdf545f7f827165a,ed773d04-506a-50de-9b4b-29f5d6f30771
e61e8f2ae47ac2a1d37a21f096eaeffa,ed773d04-506a-50de-9b4b-29f5d6f30771
a344cb6a670f9d8e2b55486d30db8235,ed773d04-506a-50de-9b4b-29f5d6f30771
67894da237705b78456cd99dcaf9451d,ed773d04-506a-50de-9b4b-29f5d6f30771
ceff7ce445d1cb742974847651f0575b,ed773d04-506a-50de-9b4b-29f5d6f30771
8d017521259ab8bfc00362984bb15d8c,ed773d04-506a-50de-9b4b-29f5d6f30771
41ca44b1e4aa35c5fd4bb9f24cd6efbf,ed773d04-506a-50de-9b4b-29f5d6f30771
0baa4c827b7f75ec2e45c8b4e5103475,ed773d04-506a-50de-9b4b-29f5d6f30771
bb2bbaa6a9429210c2f5ab810a0fe127,4690bc6f-6fb3-5f0f-8279-5fbe8d42065a
b2f79e274698e6a498fadea6f416acb9,4690bc6f-6fb3-5f0f-8279-5fbe8d42065a
f15f1b5fa86e9a7861c7b60a251bb779,4690bc6f-6fb3-5f0f-8279-5fbe8d42065a
a8e6267c4302c25424e5987cc25ec564,4690bc6f-6fb3-5f0f-8279-5fbe8d42065a
410a030df4b7594a0a16dcac0329cc36,4690bc6f-6fb3-5f0f-8279-5fbe8d42065a
017274c38291a6de5a03b048ae917196,4690bc6f-6fb3-5f0f-8279-5fbe8d42065a
77f0aefa20408781203534b1c4837218,4690bc6f-6fb3-5f0f-8279-5fbe8d42065a
5669ebf128acfd0bfbcdf8b5494cb085,4690bc6f-6fb3-5f0f-8279-5fbe8d42065a
aff731d00698278bbb89d40a85dce443,4690bc6f-6fb3-5f0f-8279-5fbe8d42065a
a10e6e7129011579993671101551a72c,4690bc6f-6fb3-5f0f-8279-5fbe8d42065a
91602f339657f3e88016020242895c53,4690bc6f-6fb3-5f0f-8279-5fbe8d42065a
39388e963cad87f4c4bdcf3ce31a7274,4690bc6f-6fb3-5f0f-8279-5fbe8d42065a
37d7dfb6a07d90063d390c26f3800bf8,4690bc6f-6fb3-5f0f-8279-5fbe8d42065a
fc202adbb8143e49f7c28d026f86a671,4690bc6f-6fb3-5f0f-8279-5fbe8d42065a
d71fb4f084add35b35161bc31da59732,4690bc6f-6fb3-5f0f-8279-5fbe8d42065a
d107a49266ca0cb5806f62042de45a33,4690bc6f-6fb3-5f0f-8279-5fbe8d42065a
68a58f39a3f850dc69d83f9d59fa93fe,4690bc6f-6fb3-5f0f-8279-5fbe8d42065a
b9d3c223b558dd14d893cd3a03b5806e,4690bc6f-6fb3-5f0f-8279-5fbe8d42065a
0619d784f7a5bc85f31c21ff60c144ad,4690bc6f-6fb3-5f0f-8279-5fbe8d42065a
e2249e8e10b6e91b8bcd874eea61bc93,4690bc6f-6fb3-5f0f-8279-5fbe8d42065a
151915071278a724d81873cc8b90c9e9,4690bc6f-6fb3-5f0f-8279-5fbe8d42065a
875542d40717dd1ca4120028987453bf,4690bc6f-6fb3-5f0f-8279-5fbe8d42065a
c0d444e6530f279e0c79ac1c2c821345,4690bc6f-6fb3-5f0f-8279-5fbe8d42065a
5318f8ca801a9c32ce71323777d1ae2b,4690bc6f-6fb3-5f0f-8279-5fbe8d42065a
4b85dff58bbcc89606d9d1738373cc39,4690bc6f-6fb3-5f0f-8279-5fbe8d42065a
764a3c1be83fd9b378ba1d7b15b4dea9,4690bc6f-6fb3-5f0f-8279-5fbe8d42065a
61b82cb11612909be75cb0f6b85cebc9,4690bc6f-6fb3-5f0f-8279-5fbe8d42065a
607363ca130f175e4dca9459d71b901d,4690bc6f-6fb3-5f0f-8279-5fbe8d42065a
4f84acb310dba54ceed00a3fae48e758,4690bc6f-6fb3-5f0f-8279-5fbe8d42065a
3d8ea8a03e746f729bba814b1beb74a5,4690bc6f-6fb3-5f0f-8279-5fbe8d42065a
d9b6b562036b0e6cbedc8394b3441cf9,4690bc6f-6fb3-5f0f-8279-5fbe8d42065a
ca674bb9b0772174bf75515da29e1c67,4690bc6f-6fb3-5f0f-8279-5fbe8d42065a
65440dfdd2b5247e8f88e94d668fce3e,4690bc6f-6fb3-5f0f-8279-5fbe8d42065a
6acec6496f1a22275658eadf68171237,4690bc6f-6fb3-5f0f-8279-5fbe8d42065a
266564560384ede97575f86bde561bd8,4690bc6f-6fb3-5f0f-8279-5fbe8d42065a
f69220ff34534c4782d2b14ab756e2c6,4690bc6f-6fb3-5f0f-8279-5fbe8d42065a
22fe540bd69a3ae350cd5bc8a9e0dff8,4690bc6f-6fb3-5f0f-8279-5fbe8d42065a
80d4195b0797e6daf09f595e52c73839,4690bc6f-6fb3-5f0f-8279-5fbe8d42065a
cc70e243a4c54859be819b1319bee0e8,4690bc6f-6fb3-5f0f-8279-5fbe8d42065a
e8bfa54a084cbf05bbf37f00c2d0c142,4690bc6f-6fb3-5f0f-8279-5fbe8d42065a
903a2840c935cef73cba1447d04d3f22,4690bc6f-6fb3-5f0f-8279-5fbe8d42065a
2b782510d6a40c32963fab27478deea7,4690bc6f-6fb3-5f0f-8279-5fbe8d42065a
43cedb57d30c6820b1c62851515f7f1e,4690bc6f-6fb3-5f0f-8279-5fbe8d42065a
9aadb263cfb9c6cec6942c8ba686f20b,4690bc6f-6fb3-5f0f-8279-5fbe8d42065a
2d9367ff73c3934e54d2d71e0d4a0257,4690bc6f-6fb3-5f0f-8279-5fbe8d42065a
ad8f0aee252bf7c2e1ea3553f78c87ce,4690bc6f-6fb3-5f0f-8279-5fbe8d42065a
05d5e1a818834ec272884e956984a3a1,4690bc6f-6fb3-5f0f-8279-5fbe8d42065a
799a394285924a2599c20b5899b1abc1,4690bc6f-6fb3-5f0f-8279-5fbe8d42065a
a01d5d2241d0b2f53bbd7a705b1853fd,4690bc6f-6fb3-5f0f-8279-5fbe8d42065a
3e3a713706fd616283db02d029830368,4690bc6f-6fb3-5f0f-8279-5fbe8d42065a
1b2cafdf5c581e035d90c71a0ca36405,4690bc6f-6fb3-5f0f-8279-5fbe8d42065a
e412950e2e67431286716e8da64403bc,4690bc6f-6fb3-5f0f-8279-5fbe8d42065a
fc24d2b72b81130c9a6351b6bf8a56bb,4690bc6f-6fb3-5f0f-8279-5fbe8d42065a
26662267250d83b7862d483aac348452,4690bc6f-6fb3-5f0f-8279-5fbe8d42065a
49bd44f8c8bcb5d95f68867d5b07dead,4690bc6f-6fb3-5f0f-8279-5fbe8d42065a
5698d4aa29ca8b72eafefa72ef2e870c,4690bc6f-6fb3-5f0f-8279-5fbe8d42065a
2cd000413fd821c2e79c5b9ab2982039,4690bc6f-6fb3-5f0f-8279-5fbe8d42065a
a366a51bf32b2b1814aed73e28317bb4,4690bc6f-6fb3-5f0f-8279-5fbe8d42065a
ff4cca9ad68b80dda72918dc803c5485,4690bc6f-6fb3-5f0f-8279-5fbe8d42065a
2f5378d32fb5697bfb2eb0bb4d273679,4690bc6f-6fb3-5f0f-8279-5fbe8d42065a
08cc5614e53a164fe83622201aba9e42,4690bc6f-6fb3-5f0f-8279-5fbe8d42065a
73a60feba430a698c51cecc4b21fb02b,4690bc6f-6fb3-5f0f-8279-5fbe8d42065a
bf85b596af3b72a610fe46633b9f7be5,4690bc6f-6fb3-5f0f-8279-5fbe8d42065a
88240ebce3c186498418cf0dabdc17f4,4690bc6f-6fb3-5f0f-8279-5fbe8d42065a
9653d3e973d4e378a5bfdbeff45dd201,4690bc6f-6fb3-5f0f-8279-5fbe8d42065a
da6b89c950b813193fc92e2782b4d1d7,4690bc6f-6fb3-5f0f-8279-5fbe8d42065a
ad906e171ed87aeb90992c0f73c048b6,4690bc6f-6fb3-5f0f-8279-5fbe8d42065a
837e7891d47aa44fdd8bf6a3c1be255e,4690bc6f-6fb3-5f0f-8279-5fbe8d42065a
9d5f0ba054b68bdd311cdafee98fc09f,4690bc6f-6fb3-5f0f-8279-5fbe8d42065a
36dd9cd33ed14e7f872b9b2bf852e73a,4690bc6f-6fb3-5f0f-8279-5fbe8d42065a
a60b8e4fd128ed31438a8dc386898fe6,4690bc6f-6fb3-5f0f-8279-5fbe8d42065a
8b40d212ca79e4d5fb0da3ed0ab9e10e,4690bc6f-6fb3-5f0f-8279-5fbe8d42065a
3febf112f7954f7402bbafc66725d573,4690bc6f-6fb3-5f0f-8279-5fbe8d42065a
e4d9dcf8e1139a9cf78f764e986f349c,4690bc6f-6fb3-5f0f-8279-5fbe8d42065a
eb568281d76535ae59c9f2a7765bf7fd,4690bc6f-6fb3-5f0f-8279-5fbe8d42065a
fd175b9cae64d419770fc3d329b9be66,4690bc6f-6fb3-5f0f-8279-5fbe8d42065a
0d2e68c7207743d9bcb1f05e38541d72,4690bc6f-6fb3-5f0f-8279-5fbe8d42065a
303309f4b48d8fb06f9e82df71c5c41b,4690bc6f-6fb3-5f0f-8279-5fbe8d42065a
dcd76eacfb45220a69e91c33f7b0915f,4690bc6f-6fb3-5f0f-8279-5fbe8d42065a
2bad3c5f4095205975c1e24fcc9f9b9c,4690bc6f-6fb3-5f0f-8279-5fbe8d42065a
bf5c0372e412c18713ca09d9c881fa0b,4690bc6f-6fb3-5f0f-8279-5fbe8d42065a
fe78b67f35cde2751053480f2ddd4bb2,4690bc6f-6fb3-5f0f-8279-5fbe8d42065a
0231cc3e884b958cf12f12ef511b0fbf,4690bc6f-6fb3-5f0f-8279-5fbe8d42065a
c42d5a6a19814cf8da1074fe16662694,4690bc6f-6fb3-5f0f-8279-5fbe8d42065a
2dd20575d4f1fd032aac6c024bea56db,4690bc6f-6fb3-5f0f-8279-5fbe8d42065a
8879fd08f597d7623c420b81596d93b8,4690bc6f-6fb3-5f0f-8279-5fbe8d42065a
e11774102e3bd0f6de293612c8362311,4690bc6f-6fb3-5f0f-8279-5fbe8d42065a
c5f28d06cd8251caca21a6af9cad665d,4690bc6f-6fb3-5f0f-8279-5fbe8d42065a
a40883793b743fac65cd13b81d456ac6,4690bc6f-6fb3-5f0f-8279-5fbe8d42065a
3faef614f586e65181d1759f77f8e790,4690bc6f-6fb3-5f0f-8279-5fbe8d42065a
99d01dbf2dc1fdb879846ad5c501f1b1,4690bc6f-6fb3-5f0f-8279-5fbe8d42065a
0308bcf0de3401f5a75e4a13440783fa,4690bc6f-6fb3-5f0f-8279-5fbe8d42065a
eced64f62bad8d84471610d694d42aeb,4690bc6f-6fb3-5f0f-8279-5fbe8d42065a
dd822cb371e3ca341894fca27d153c9b,4690bc6f-6fb3-5f0f-8279-5fbe8d42065a
9c69c931d34fc1ee020c8cd88b5f255a,4690bc6f-6fb3-5f0f-8279-5fbe8d42065a
631d968f6d19e8e2cf88c7b2e9084a1a,4690bc6f-6fb3-5f0f-8279-5fbe8d42065a
6d85c7e2636501ad656a6a6c018e67b0,4690bc6f-6fb3-5f0f-8279-5fbe8d42065a
23861b6c2502cca5c6283f4282c18f18,4690bc6f-6fb3-5f0f-8279-5fbe8d42065a
51e7174c7849567ae6ae3e24b7e5f793,4690bc6f-6fb3-5f0f-8279-5fbe8d42065a
12c67233f5b7d4a6999cd10f33037c51,4690bc6f-6fb3-5f0f-8279-5fbe8d42065a
e6a9613cad3e1f7716814887dd11471f,4690bc6f-6fb3-5f0f-8279-5fbe8d42065a
fe61b559951d13e4289d3d5ba66d9029,4690bc6f-6fb3-5f0f-8279-5fbe8d42065a
dbac1cc5691029e86bfee8cc21e8baaa,4690bc6f-6fb3-5f0f-8279-5fbe8d42065a
890960430a385412b1b4002ce86efc1a,4690bc6f-6fb3-5f0f-8279-5fbe8d42065a
ffe9fd9d74d2ac1fc27d6e3f12483b18,4690bc6f-6fb3-5f0f-8279-5fbe8d42065a
cee88fd68496f2303583615a9c8e7c08,4690bc6f-6fb3-5f0f-8279-5fbe8d42065a
6f7a6f54708c06181ceee0da7529dac3,4690bc6f-6fb3-5f0f-8279-5fbe8d42065a
a913637cf89893fc7e752f952879f401,4690bc6f-6fb3-5f0f-8279-5fbe8d42065a
1996e9386cfcb8a778866a00c43bd952,4690bc6f-6fb3-5f0f-8279-5fbe8d42065a
93f36bafcf73599d7891697a338c477f,4690bc6f-6fb3-5f0f-8279-5fbe8d42065a
8cd1f8481d29320eb2f2919d3a087265,4690bc6f-6fb3-5f0f-8279-5fbe8d42065a
c7d076c59b0ae5475eb322474ad7a683,4690bc6f-6fb3-5f0f-8279-5fbe8d42065a
b9b7601212697a4645403db7f931938b,4690bc6f-6fb3-5f0f-8279-5fbe8d42065a
662bc28351aff1aa1038f35b0925ea3e,4690bc6f-6fb3-5f0f-8279-5fbe8d42065a
d688eec6d22287f00382a39be8db738a,4690bc6f-6fb3-5f0f-8279-5fbe8d42065a
de1e33a73fd8a4d43bb9ba8efd14e894,4690bc6f-6fb3-5f0f-8279-5fbe8d42065a
a98d200471b0f2e7582be7df4ff44683,4690bc6f-6fb3-5f0f-8279-5fbe8d42065a
9f9e2d5c4ad18930c9a0fbc81217255e,4690bc6f-6fb3-5f0f-8279-5fbe8d42065a
91e2fb85b86746a8d493dc54d420d6d9,4690bc6f-6fb3-5f0f-8279-5fbe8d42065a
67b11a77c8ee586f1850f047cf8ff8f3,4690bc6f-6fb3-5f0f-8279-5fbe8d42065a
843b013949f3804fbbad702888690e26,2dc6ddfd-d9cc-5809-98ce-692ceee2cb4d
d6ecaebc5831d2790ee185ac3e313fb4,2dc6ddfd-d9cc-5809-98ce-692ceee2cb4d
4e1b7e045b709a00cc076447bca6ddb9,2dc6ddfd-d9cc-5809-98ce-692ceee2cb4d
2141dd41b53291681fbbefd99e2b6feb,2dc6ddfd-d9cc-5809-98ce-692ceee2cb4d
673749489f7a19972dbda82d5368e477,2dc6ddfd-d9cc-5809-98ce-692ceee2cb4d
795e523532fe0baf15d8d0787e3c761e,2dc6ddfd-d9cc-5809-98ce-692ceee2cb4d
739521069b1aca07c7f5415c148e1c2d,2dc6ddfd-d9cc-5809-98ce-692ceee2cb4d
038f12bf237e0d5e1df9d90c8508348f,2dc6ddfd-d9cc-5809-98ce-692ceee2cb4d
6419ab5992749a43b9560b238d96e854,2dc6ddfd-d9cc-5809-98ce-692ceee2cb4d
b05651a903a8224e9e9686a8abb37e20,2dc6ddfd-d9cc-5809-98ce-692ceee2cb4d
f8a82050fa8e5f8bb746149bd1f6da8f,2dc6ddfd-d9cc-5809-98ce-692ceee2cb4d
57fb100c09844ed4d59ec74e2534ee06,2dc6ddfd-d9cc-5809-98ce-692ceee2cb4d
9001540d50cb2721eec76593c590b6af,2dc6ddfd-d9cc-5809-98ce-692ceee2cb4d
b26cdefdf78517ad97259b979f98eb0a,2dc6ddfd-d9cc-5809-98ce-692ceee2cb4d
21c4037f10ef504343edf12911d8ff4b,2dc6ddfd-d9cc-5809-98ce-692ceee2cb4d
58962d3b177fb23cda9f58f5dc15fcf8,2dc6ddfd-d9cc-5809-98ce-692ceee2cb4d
0da11972daffeab54737ee040215d144,2dc6ddfd-d9cc-5809-98ce-692ceee2cb4d
ad14a912719aad80ceba196ecdb38394,2dc6ddfd-d9cc-5809-98ce-692ceee2cb4d
67ff302a5b53b8993e5f30b6883d20e7,2dc6ddfd-d9cc-5809-98ce-692ceee2cb4d
7955ebf1a46d1684651c7a7ec4642fe5,2dc6ddfd-d9cc-5809-98ce-692ceee2cb4d
a0f884c209d6ed0ecf37179842955bfa,2dc6ddfd-d9cc-5809-98ce-692ceee2cb4d
2548cbe7cf32361c9911315e82d29f2f,2dc6ddfd-d9cc-5809-98ce-692ceee2cb4d
914e9cda070477e55ba0007a4f800535,2dc6ddfd-d9cc-5809-98ce-692ceee2cb4d
a285d6f4d0f3faa50c357728791f78a3,2dc6ddfd-d9cc-5809-98ce-692ceee2cb4d
c6113045c538433406cbea0002ba15e5,2dc6ddfd-d9cc-5809-98ce-692ceee2cb4d
ab356598a7c20e5cfa657b5b53eba662,2dc6ddfd-d9cc-5809-98ce-692ceee2cb4d
2a59953d03245330130b4aa4143793af,2dc6ddfd-d9cc-5809-98ce-692ceee2cb4d
786435f06870d09f624eeaf9df8bb05e,2dc6ddfd-d9cc-5809-98ce-692ceee2cb4d
ce70bd16f0c69d473e6e6eb25580ce2a,2dc6ddfd-d9cc-5809-98ce-692ceee2cb4d
bed782e50cb78002862a54fde8730269,2dc6ddfd-d9cc-5809-98ce-692ceee2cb4d
712d638fed18af969d2a66e7a18a457e,2dc6ddfd-d9cc-5809-98ce-692ceee2cb4d
8596f6641e3fa96ce8e9038ac907fb6a,2dc6ddfd-d9cc-5809-98ce-692ceee2cb4d
8814006c5a751ff0c4a65e8b9e56b9f0,2dc6ddfd-d9cc-5809-98ce-692ceee2cb4d
f3140e2d240b349efc6f9f017b23f101,2dc6ddfd-d9cc-5809-98ce-692ceee2cb4d
450c57a0ed62f4d44e5e84d621b7a6b0,2dc6ddfd-d9cc-5809-98ce-692ceee2cb4d
e4341f786b37d024f0a85df8ac318510,2dc6ddfd-d9cc-5809-98ce-692ceee2cb4d
f25b0b46e924e69f3b88f9f5c986dfd9,2dc6ddfd-d9cc-5809-98ce-692ceee2cb4d
b1c54db87030cf6f33318331425f3483,2dc6ddfd-d9cc-5809-98ce-692ceee2cb4d
73023c5c77b016f3b65217b5c64428c6,2dc6ddfd-d9cc-5809-98ce-692ceee2cb4d
610a8b1b69eff2302f6d1e584e474c7e,2dc6ddfd-d9cc-5809-98ce-692ceee2cb4d
44beb0cb5d4d15646f16c887db7bb632,2dc6ddfd-d9cc-5809-98ce-692ceee2cb4d
f7a1bcc5c58aed4d79279741737d9556,2dc6ddfd-d9cc-5809-98ce-692ceee2cb4d
8213e6f638455676daf159a332202114,2dc6ddfd-d9cc-5809-98ce-692ceee2cb4d
54e6af508c6c2565bbeace48858eee93,2dc6ddfd-d9cc-5809-98ce-692ceee2cb4d
04833cad086188a605be31e5c0ff8494,2dc6ddfd-d9cc-5809-98ce-692ceee2cb4d
65c0b0b3ab601e8e13181ac7af0e4282,2dc6ddfd-d9cc-5809-98ce-692ceee2cb4d
8190f6e7193ed3ec3f1c66603380a58f,2dc6ddfd-d9cc-5809-98ce-692ceee2cb4d
50dd1cf60910c1d9b904ecd0b03957f1,2dc6ddfd-d9cc-5809-98ce-692ceee2cb4d
d11c7be03d612e3ecb8ddac6b981c24f,2dc6ddfd-d9cc-5809-98ce-692ceee2cb4d
538ba9741decd3c3e956ba8eecc365cc,2dc6ddfd-d9cc-5809-98ce-692ceee2cb4d
a7f91e5f5d69113b219cf4a51832aca7,2dc6ddfd-d9cc-5809-98ce-692ceee2cb4d
fc16a321d4a6fce838e08efa81d9e7ec,2dc6ddfd-d9cc-5809-98ce-692ceee2cb4d
d79513b0486ed6a50c239f8780b38d5c,2dc6ddfd-d9cc-5809-98ce-692ceee2cb4d
533a967c9e7f1442e859fc9099613ac4,2dc6ddfd-d9cc-5809-98ce-692ceee2cb4d
f6e4fdd05417d0038ea8cee108b0ef1b,2dc6ddfd-d9cc-5809-98ce-692ceee2cb4d
f5f8afd2d404ccb757dabffed4b5ee86,2dc6ddfd-d9cc-5809-98ce-692ceee2cb4d
e4846050297532cc0da3df302a8f8efd,2dc6ddfd-d9cc-5809-98ce-692ceee2cb4d
2a0a1384f7a526a9bf4c467600f6c426,2dc6ddfd-d9cc-5809-98ce-692ceee2cb4d
f2b5433f01ae32b0665d93e609dc41b7,2dc6ddfd-d9cc-5809-98ce-692ceee2cb4d
b60f0a6dc71bad70253f8ffdacd7236b,2dc6ddfd-d9cc-5809-98ce-692ceee2cb4d
b2464c962540d10b2f70cded92889eca,2dc6ddfd-d9cc-5809-98ce-692ceee2cb4d
539f1f399690d3ca157e81a3c932ccda,2dc6ddfd-d9cc-5809-98ce-692ceee2cb4d
234cf8a99e809a88741aed8db2e97da2,2dc6ddfd-d9cc-5809-98ce-692ceee2cb4d
3d057a157fa9b88007b7903f71cef550,2dc6ddfd-d9cc-5809-98ce-692ceee2cb4d
a0d360b4a680ceb599399f52ecf0c259,2dc6ddfd-d9cc-5809-98ce-692ceee2cb4d
1c99d24da86f1f3fe5a4f00e3bc817f1,2dc6ddfd-d9cc-5809-98ce-692ceee2cb4d
b68457034b90e77ad47104fd63864e65,2dc6ddfd-d9cc-5809-98ce-692ceee2cb4d
08b43a53d2ce771a5303ad8d9d053232,2dc6ddfd-d9cc-5809-98ce-692ceee2cb4d
f36a96781f797f6a7908d1ffe09a295c,2dc6ddfd-d9cc-5809-98ce-692ceee2cb4d
d8ac636e8cf95350c8f39ba460a695e0,2dc6ddfd-d9cc-5809-98ce-692ceee2cb4d
fa51b215d0e73bc7a92e6c2c48faaa93,2dc6ddfd-d9cc-5809-98ce-692ceee2cb4d
8d793b2cad4d09566762e10acabca5d8,2dc6ddfd-d9cc-5809-98ce-692ceee2cb4d
bc2bd1bdeec8a925d6f8014eb87075e6,2dc6ddfd-d9cc-5809-98ce-692ceee2cb4d
4525fb3e545d9a541c254e50dcc8b573,2dc6ddfd-d9cc-5809-98ce-692ceee2cb4d
51bb2a8ab6990fd036857e28ef6db42b,2dc6ddfd-d9cc-5809-98ce-692ceee2cb4d
b8941f267f8f6f7fa82f0f5cdca61f48,2dc6ddfd-d9cc-5809-98ce-692ceee2cb4d
50e55f4422bceeac794ce9cbe5c7645c,2dc6ddfd-d9cc-5809-98ce-692ceee2cb4d
c135aa789ce84be611d72eb474d65c4a,2dc6ddfd-d9cc-5809-98ce-692ceee2cb4d
77f0aefa20408781203534b1c4837218,2dc6ddfd-d9cc-5809-98ce-692ceee2cb4d
c99f9ddc64a500b4d9de97a500ba0175,2dc6ddfd-d9cc-5809-98ce-692ceee2cb4d
f24d59e6980ed5345c9d50b775a705bd,2dc6ddfd-d9cc-5809-98ce-692ceee2cb4d
2f51607f9c98d35539c412902c443f64,2dc6ddfd-d9cc-5809-98ce-692ceee2cb4d
93bacba100c21c2feee2ad7c823d543b,2dc6ddfd-d9cc-5809-98ce-692ceee2cb4d
55637aa3ef01d5eaa967967dae19521f,d6fad613-3939-55a2-b508-63dbf2b82a29
87458fbb028c39c241cc608b5c871833,d6fad613-3939-55a2-b508-63dbf2b82a29
84c41a8afa9ba0edee3e9b87377cd1e1,d6fad613-3939-55a2-b508-63dbf2b82a29
67d27be3fead0e451bfeeb114088a661,d6fad613-3939-55a2-b508-63dbf2b82a29
ed2c14d65356c22628f636b3328621bc,d6fad613-3939-55a2-b508-63dbf2b82a29
d8c012f45bd06e9ecad083a9830c3df5,d6fad613-3939-55a2-b508-63dbf2b82a29
1af171591137668bb5d81dc5e7530885,d6fad613-3939-55a2-b508-63dbf2b82a29
b3d6c5e9d4b7aeae618187903e4b1c14,d6fad613-3939-55a2-b508-63dbf2b82a29
0534599eca30963b6f64990e7bffbfed,d6fad613-3939-55a2-b508-63dbf2b82a29
c7f53d9009e0c4fd6a19a4ad9471ca0b,d6fad613-3939-55a2-b508-63dbf2b82a29
17c2635d2e13fcb0185a378299c35df8,d6fad613-3939-55a2-b508-63dbf2b82a29
e0a0abb345ec9182561570654baf1041,d6fad613-3939-55a2-b508-63dbf2b82a29
3eb7ef683501c63e7cd7ac6442fbb10d,d6fad613-3939-55a2-b508-63dbf2b82a29
16a7cbf6cfb4523405dd0b4f599d88ac,d6fad613-3939-55a2-b508-63dbf2b82a29
f130329299cb4839f0a6a4fe90c800f5,d6fad613-3939-55a2-b508-63dbf2b82a29
32bb719a707d0517a2f4c422fc88982a,d6fad613-3939-55a2-b508-63dbf2b82a29
71e74fe2cc3ee45114bdc0c87ba7d8a8,d6fad613-3939-55a2-b508-63dbf2b82a29
0b7870d9974ea3bb701ee56898a0f350,d6fad613-3939-55a2-b508-63dbf2b82a29
9e38b5346104f9a0a17d7662e5f0f5ce,d6fad613-3939-55a2-b508-63dbf2b82a29
0588719d898404c8c1c89d042841545e,d6fad613-3939-55a2-b508-63dbf2b82a29
2c3e6f00bf90ec5ebca46e627f9e6968,d6fad613-3939-55a2-b508-63dbf2b82a29
b1e52f7e413242e42eb74a84399e7230,d6fad613-3939-55a2-b508-63dbf2b82a29
1fa9658713d5d5b5d34ba1bdcb9b1d81,d6fad613-3939-55a2-b508-63dbf2b82a29
9b9b3ae585c9c0e215b6d0a59a01dcb9,d6fad613-3939-55a2-b508-63dbf2b82a29
7bb8e13923c9af2f8c71f9bfed2a9cd0,d6fad613-3939-55a2-b508-63dbf2b82a29
a87e74794fbd2ae3b02c4c197a06d0c6,d6fad613-3939-55a2-b508-63dbf2b82a29
1265ce0f2d740eede933069ed62c92cc,d6fad613-3939-55a2-b508-63dbf2b82a29
dd9f07f208e1057b68754097aa224fba,d6fad613-3939-55a2-b508-63dbf2b82a29
f5a400bd25e2bbdf5409a24e31d94a3e,d6fad613-3939-55a2-b508-63dbf2b82a29
65c0440b899d0827bb5990e63485b0e0,d6fad613-3939-55a2-b508-63dbf2b82a29
a4f079cb41ae42d45d1af26f3aac7c61,d6fad613-3939-55a2-b508-63dbf2b82a29
46c3b410b43e73bad8c4daa2a735c4bf,d6fad613-3939-55a2-b508-63dbf2b82a29
4e1306ce7d55f943764d5f3639c46311,d6fad613-3939-55a2-b508-63dbf2b82a29
0a2eeb26630cf3b21136f78362697245,d6fad613-3939-55a2-b508-63dbf2b82a29
6b7b4f44a03fdd80b915a6b3f0a02dc6,d6fad613-3939-55a2-b508-63dbf2b82a29
c41478f45c659e309183ff6eab60121d,d6fad613-3939-55a2-b508-63dbf2b82a29
e4d12a3ad173f301a72f10778775e4b0,d6fad613-3939-55a2-b508-63dbf2b82a29
a41f5ff91f91c9b438f82c60ca40201f,d6fad613-3939-55a2-b508-63dbf2b82a29
ff6fbbde2d4b0212fd9bd229cb5a2298,d6fad613-3939-55a2-b508-63dbf2b82a29
175056bb1d1bb60b48014628acefb1f1,d6fad613-3939-55a2-b508-63dbf2b82a29
611a80a04ed4757e05d9ace5b21e5475,d6fad613-3939-55a2-b508-63dbf2b82a29
ed7b0aed898e4daffb7d5767e06bdc42,d6fad613-3939-55a2-b508-63dbf2b82a29
84f27fa4e29af3f96f7d97a289a9cc8a,d6fad613-3939-55a2-b508-63dbf2b82a29
9efb0f47985172df779fc13013c498e4,d6fad613-3939-55a2-b508-63dbf2b82a29
e4fc196b6252d283a25164e514f3a6d4,d6fad613-3939-55a2-b508-63dbf2b82a29
1ac5efd88852330c19ca8d53e02981de,d6fad613-3939-55a2-b508-63dbf2b82a29
6d9ce8e6eb40104ac7855d4d21aa2b77,d6fad613-3939-55a2-b508-63dbf2b82a29
ce54513aad7c2ec3ffc5814bbda87279,d6fad613-3939-55a2-b508-63dbf2b82a29
ca3f3d8d2596b6502479f69541289acf,d6fad613-3939-55a2-b508-63dbf2b82a29
642e63f8d02b06b9911b9108eca222dd,d6fad613-3939-55a2-b508-63dbf2b82a29
3f3f1a0640cabd4565924a1c02cf7645,d6fad613-3939-55a2-b508-63dbf2b82a29
1ad74ce40b0cab8a89448f8227c2ac66,d6fad613-3939-55a2-b508-63dbf2b82a29
29cc32e1ac8cec2f8d4a68eb268a0514,d6fad613-3939-55a2-b508-63dbf2b82a29
92af71174cb10d049522620e2cbdeb62,d6fad613-3939-55a2-b508-63dbf2b82a29
5ddcede68e4f08ea5f296da123c16cb1,d6fad613-3939-55a2-b508-63dbf2b82a29
b2aea788784687a5a888da6a7c10930c,d6fad613-3939-55a2-b508-63dbf2b82a29
c17fe7ca9128be97bf29d806aa461529,d6fad613-3939-55a2-b508-63dbf2b82a29
3e9776f9c692fe32c6e19eeb95f1634a,d6fad613-3939-55a2-b508-63dbf2b82a29
6393a368117fe469facb1b5685212560,d6fad613-3939-55a2-b508-63dbf2b82a29
87db14244d65de9112f29a36a5154d56,d6fad613-3939-55a2-b508-63dbf2b82a29
9cefaf2f39b91f767d2b112711d4fc21,d6fad613-3939-55a2-b508-63dbf2b82a29
f9ff8d8f4d3c7e35f5826147adca6eb5,d6fad613-3939-55a2-b508-63dbf2b82a29
e6d349bf844e0d343cdfebcc6f0e3101,d6fad613-3939-55a2-b508-63dbf2b82a29
a8e74d46bda30824f39c34237abc1501,d6fad613-3939-55a2-b508-63dbf2b82a29
8beb831b00bd24e24dfb93c44a2d2bdf,d6fad613-3939-55a2-b508-63dbf2b82a29
5f9bc8baa967cbb46394fd3d23ef5b40,d6fad613-3939-55a2-b508-63dbf2b82a29
a8de14ed30019e3704f4648c9df70a8d,d6fad613-3939-55a2-b508-63dbf2b82a29
b6c678eeedc2f06bc9c6484e547e7a26,d6fad613-3939-55a2-b508-63dbf2b82a29
b967668b950fcac8e3ba1adf611b4d8b,d6fad613-3939-55a2-b508-63dbf2b82a29
755d35f7644c8ab36c4bd50f6df09bc5,d6fad613-3939-55a2-b508-63dbf2b82a29
d4af202d0f1c6e003f9b526731fbd6c3,d6fad613-3939-55a2-b508-63dbf2b82a29
028983cb333ea790f414422bbf60e7b6,d6fad613-3939-55a2-b508-63dbf2b82a29
d83a2fea4b10aad11dcc9d5ba0f056a5,d6fad613-3939-55a2-b508-63dbf2b82a29
c76208ae0ba556d7c5fa896b96a66d18,d6fad613-3939-55a2-b508-63dbf2b82a29
83520ab8bdd90fdddbd2a3e9136de114,d6fad613-3939-55a2-b508-63dbf2b82a29
a11badebf36b641a2fbc8063c42aec43,d6fad613-3939-55a2-b508-63dbf2b82a29
cab77571a8ce90d5ab24a7675f1b5c30,d6fad613-3939-55a2-b508-63dbf2b82a29
33ee7c3a583fef52d5fffeffe5c59fa8,d6fad613-3939-55a2-b508-63dbf2b82a29
c56892310860efba16c5a3de5f1283d6,d6fad613-3939-55a2-b508-63dbf2b82a29
2f745a6367dbc10474d8f18b9c036a52,d6fad613-3939-55a2-b508-63dbf2b82a29
6d9c1e8a1bbb98f08b1c7dbe2ea10f6d,d6fad613-3939-55a2-b508-63dbf2b82a29
3525c2ce8c82c4f02aa2b8161e1be7e0,d6fad613-3939-55a2-b508-63dbf2b82a29
8ed4434e721ab78519d2024859021e94,d6fad613-3939-55a2-b508-63dbf2b82a29
cda8636d5832dbf24bbfac0ccf2f08c3,d6fad613-3939-55a2-b508-63dbf2b82a29
3b77d5d2341f6eb2fdce805a8729696c,d6fad613-3939-55a2-b508-63dbf2b82a29
dd8a3cfaed275e0a57df38b01ae208a7,d6fad613-3939-55a2-b508-63dbf2b82a29
4e2a19a1d3874a4850771b0de1f12a7d,d6fad613-3939-55a2-b508-63dbf2b82a29
d80b9e12e41ac95acbc70d298381629c,d6fad613-3939-55a2-b508-63dbf2b82a29
18501a868a63e4106fee88bfd12bdbe2,d6fad613-3939-55a2-b508-63dbf2b82a29
8ba85f28f49eb3c797b06dac6615d15c,d6fad613-3939-55a2-b508-63dbf2b82a29
6aab7d49f58c03e22f92717e4e132fae,d6fad613-3939-55a2-b508-63dbf2b82a29
e412950e2e67431286716e8da64403bc,d6fad613-3939-55a2-b508-63dbf2b82a29
fc24d2b72b81130c9a6351b6bf8a56bb,d6fad613-3939-55a2-b508-63dbf2b82a29
ad8f0aee252bf7c2e1ea3553f78c87ce,d6fad613-3939-55a2-b508-63dbf2b82a29
05d5e1a818834ec272884e956984a3a1,d6fad613-3939-55a2-b508-63dbf2b82a29
799a394285924a2599c20b5899b1abc1,d6fad613-3939-55a2-b508-63dbf2b82a29
a01d5d2241d0b2f53bbd7a705b1853fd,d6fad613-3939-55a2-b508-63dbf2b82a29
3e3a713706fd616283db02d029830368,d6fad613-3939-55a2-b508-63dbf2b82a29
1b2cafdf5c581e035d90c71a0ca36405,d6fad613-3939-55a2-b508-63dbf2b82a29
26662267250d83b7862d483aac348452,d6fad613-3939-55a2-b508-63dbf2b82a29
49bd44f8c8bcb5d95f68867d5b07dead,d6fad613-3939-55a2-b508-63dbf2b82a29
5698d4aa29ca8b72eafefa72ef2e870c,d6fad613-3939-55a2-b508-63dbf2b82a29
2cd000413fd821c2e79c5b9ab2982039,d6fad613-3939-55a2-b508-63dbf2b82a29
7e1c171e7460150ecc898b6a7fdbea89,d6fad613-3939-55a2-b508-63dbf2b82a29
0927240a2d19a2c3100e26c41a923e18,d6fad613-3939-55a2-b508-63dbf2b82a29
95572f3d789d9cf6bb1c9ffe3a9bbe94,d6fad613-3939-55a2-b508-63dbf2b82a29
a80df07722f32a752171608993da1ae7,d6fad613-3939-55a2-b508-63dbf2b82a29
a96466c622b884be47c2960297d9e691,d6fad613-3939-55a2-b508-63dbf2b82a29
5c1a710de25436c553b29f82afd63a4c,d6fad613-3939-55a2-b508-63dbf2b82a29
132003b91d47e0c4d119265c82766df0,d6fad613-3939-55a2-b508-63dbf2b82a29
948e488c0f19a031f479ebff5b6f015d,d6fad613-3939-55a2-b508-63dbf2b82a29
a7bf03792907d87845c5be5dbc888944,d6fad613-3939-55a2-b508-63dbf2b82a29
ddc458056e8cc9e9ba51b2447df28bbe,d6fad613-3939-55a2-b508-63dbf2b82a29
cb324958e308f9e56ff19317ec9b4c68,d6fad613-3939-55a2-b508-63dbf2b82a29
30d27e573e6d4627b0dfae45cfe4510a,d6fad613-3939-55a2-b508-63dbf2b82a29
42a3a5f9e3ebb6ce2cc3fcfaec427868,d6fad613-3939-55a2-b508-63dbf2b82a29
cbf0256007674093214be1877c268c5c,d6fad613-3939-55a2-b508-63dbf2b82a29
f0a9a7f4bea812bf7fbb506b827df66c,d6fad613-3939-55a2-b508-63dbf2b82a29
525d434ced1f875b10be6af5e5a38740,d6fad613-3939-55a2-b508-63dbf2b82a29
05b4dec32634d2af64a8253d1014f2a9,d6fad613-3939-55a2-b508-63dbf2b82a29
75cefb3ac673500b04472afb50b18ce7,d6fad613-3939-55a2-b508-63dbf2b82a29
42b7428ba556a3156ade85cec0326c50,d6fad613-3939-55a2-b508-63dbf2b82a29
2bbd44f1d747778a13b4a5febb97608a,d6fad613-3939-55a2-b508-63dbf2b82a29
a2809974a983dbcf4ca39adeeabb71d6,d6fad613-3939-55a2-b508-63dbf2b82a29
d4b56e82c2f64079f5217e844e387a73,d6fad613-3939-55a2-b508-63dbf2b82a29
cc6c515fe31196af180b1b59973ee3b2,d6fad613-3939-55a2-b508-63dbf2b82a29
d073ef2545ba95b8af02f8b9010317c0,d6fad613-3939-55a2-b508-63dbf2b82a29
18ab32eeb5f0afc61b48fd3631316993,d6fad613-3939-55a2-b508-63dbf2b82a29
d86168341888290a22fa0c1544f9056f,d6fad613-3939-55a2-b508-63dbf2b82a29
6dd3f54bfa9122bcd722a5dd3dc7b0e8,d6fad613-3939-55a2-b508-63dbf2b82a29
6c91052bd6d9ebc7aa46afcc43c0fc39,d6fad613-3939-55a2-b508-63dbf2b82a29
123b08f70d650bd5dc19a91e393d6d33,d6fad613-3939-55a2-b508-63dbf2b82a29
98c3a5d0830d338de8356a592efcd8d7,d6fad613-3939-55a2-b508-63dbf2b82a29
a47df4a2b4fc7efb73c4d2250be78696,d6fad613-3939-55a2-b508-63dbf2b82a29
0255fa62e9b9bbf91a1c3a34aa2943e4,d6fad613-3939-55a2-b508-63dbf2b82a29
4603fb6a2ac585cbc800f38529456530,d6fad613-3939-55a2-b508-63dbf2b82a29
f8b5ed2c247899307b4639dfca52bac5,d6fad613-3939-55a2-b508-63dbf2b82a29
41a2fd7cdf71c32b251f582618d686aa,d6fad613-3939-55a2-b508-63dbf2b82a29
9c0a94fcef714aa5268e77bbef22a7bc,d6fad613-3939-55a2-b508-63dbf2b82a29
d8b67feda691c8f037767d06d2cbb617,d6fad613-3939-55a2-b508-63dbf2b82a29
00ea5b130b12529f6c18d2207f1ebea3,d6fad613-3939-55a2-b508-63dbf2b82a29
6bc3b8168755536983b72f50e2a55075,d6fad613-3939-55a2-b508-63dbf2b82a29
3ad46ad0022a94f19e24209712a1b0c2,d6fad613-3939-55a2-b508-63dbf2b82a29
5f8a7cf7fa4566d586726d720cdc3d81,d6fad613-3939-55a2-b508-63dbf2b82a29
be0858baccc997311f8ead366cc25ef1,d6fad613-3939-55a2-b508-63dbf2b82a29
742267a74270e5407f576b954ff04ee4,d6fad613-3939-55a2-b508-63dbf2b82a29
2acd5871dcfa4829e90ca38809dafa2f,d6fad613-3939-55a2-b508-63dbf2b82a29
e8f462822935ed6d0c98a6f7bcfaec30,d6fad613-3939-55a2-b508-63dbf2b82a29
74d3324331f1e7ba3f9f8c7b51c27aeb,d6fad613-3939-55a2-b508-63dbf2b82a29
edfedb5559b046d244d27e229d9da796,d6fad613-3939-55a2-b508-63dbf2b82a29
e4611488f4c92e58ad8268b9a16f9919,d6fad613-3939-55a2-b508-63dbf2b82a29
a7ed9bd59a49d67e5805d837d105baad,4fbae93a-b872-53f5-b094-1d2fcf5b3fb9
762a01d93b216c4a0e9115956a699900,4fbae93a-b872-53f5-b094-1d2fcf5b3fb9
d6f5dba947765551a42feecd1e91b22e,4fbae93a-b872-53f5-b094-1d2fcf5b3fb9
1d39a0b0ebb31cab2dccea978d597f7f,4fbae93a-b872-53f5-b094-1d2fcf5b3fb9
6ade2f6bd228ed8195dd6a392d04a10e,4fbae93a-b872-53f5-b094-1d2fcf5b3fb9
e3d69397c0747821b66c74da54fbed86,4fbae93a-b872-53f5-b094-1d2fcf5b3fb9
4d5a0a9581b33b9f7b7a289924f83a39,4fbae93a-b872-53f5-b094-1d2fcf5b3fb9
8efc33868ad338daf39003ed2ee7e6e8,4fbae93a-b872-53f5-b094-1d2fcf5b3fb9
ea9df770abd456efa3539bd0e141d677,4fbae93a-b872-53f5-b094-1d2fcf5b3fb9
ff6dbb5ebe46a3de2ccc08b259b9fe82,4fbae93a-b872-53f5-b094-1d2fcf5b3fb9
0db5074bcf6d7742918a4abba7903527,4fbae93a-b872-53f5-b094-1d2fcf5b3fb9
548b81b051561c299eb61fb4f50dff5e,4fbae93a-b872-53f5-b094-1d2fcf5b3fb9
78664407309b226e9e8107d7a9a4d2ea,4fbae93a-b872-53f5-b094-1d2fcf5b3fb9
158cae20322081127885e868936ce981,4fbae93a-b872-53f5-b094-1d2fcf5b3fb9
95f1456ed82a3090451875f5616c3c07,4fbae93a-b872-53f5-b094-1d2fcf5b3fb9
81f56eb60cf0fd1f38f83773d53925a1,4fbae93a-b872-53f5-b094-1d2fcf5b3fb9
71c7d1ca15d779ecec316b142913575c,4fbae93a-b872-53f5-b094-1d2fcf5b3fb9
12d0719d679a7430adbc59d426b442c4,4fbae93a-b872-53f5-b094-1d2fcf5b3fb9
16196fd1a0bb2eaf2c1be04bf82762f2,4fbae93a-b872-53f5-b094-1d2fcf5b3fb9
f63ba1f3faf32021dce10a96d3f1cc90,4fbae93a-b872-53f5-b094-1d2fcf5b3fb9
b2402331be98fb5052ccbf5198f8033f,4fbae93a-b872-53f5-b094-1d2fcf5b3fb9
d4487288f7c9589dafe99265724b71cd,4fbae93a-b872-53f5-b094-1d2fcf5b3fb9
27867c86318cc27426f3dff295219d05,4fbae93a-b872-53f5-b094-1d2fcf5b3fb9
a2c7443e0089a778a8f8a053bc7968e5,4fbae93a-b872-53f5-b094-1d2fcf5b3fb9
a12f5df00245897a9df86d8bd44c0568,4fbae93a-b872-53f5-b094-1d2fcf5b3fb9
ff77a0d0f96be7825bbabd8c81f33d2f,4fbae93a-b872-53f5-b094-1d2fcf5b3fb9
c1936dcc844124107721381388ef64f6,4fbae93a-b872-53f5-b094-1d2fcf5b3fb9
cc3c12a6e95a5f9dee316368ed85036d,4fbae93a-b872-53f5-b094-1d2fcf5b3fb9
45cc216aa8483a413485303e0d7f76e1,4fbae93a-b872-53f5-b094-1d2fcf5b3fb9
2a0a1f76e0ed3f679c4141bac76c4072,4fbae93a-b872-53f5-b094-1d2fcf5b3fb9
19ed050c32cf9fc49f4626fc6b706fe9,4fbae93a-b872-53f5-b094-1d2fcf5b3fb9
396e278cb76839b13c922a9d8c298a42,4fbae93a-b872-53f5-b094-1d2fcf5b3fb9
d11a57e0a20ec8da4060832452c1fba6,4fbae93a-b872-53f5-b094-1d2fcf5b3fb9
241866a99cc23f2bfa5ba8a20ab76c8c,4fbae93a-b872-53f5-b094-1d2fcf5b3fb9
2e1e7654808161d3140c3f5f1ef27e96,4fbae93a-b872-53f5-b094-1d2fcf5b3fb9
a81d79f74433ef572f731da60ec297ef,4fbae93a-b872-53f5-b094-1d2fcf5b3fb9
89c0f5d1e3135dab2d9f224c8d15e60e,4fbae93a-b872-53f5-b094-1d2fcf5b3fb9
305ca06a4d3bf763ee393c6a11b69d1e,4fbae93a-b872-53f5-b094-1d2fcf5b3fb9
fc84dd5a42565867e1f2c366c0e76818,4fbae93a-b872-53f5-b094-1d2fcf5b3fb9
354eb9fd18cfe8ce840c79fc1a70cf3f,4fbae93a-b872-53f5-b094-1d2fcf5b3fb9
e558383df54e5f37bd6c444b329041be,4fbae93a-b872-53f5-b094-1d2fcf5b3fb9
83738d7b0a9ad659566d6f19447f174f,4fbae93a-b872-53f5-b094-1d2fcf5b3fb9
eb5a45a2211b7b8be7440ad0572d0846,4fbae93a-b872-53f5-b094-1d2fcf5b3fb9
dd3cf576af1431ed953158e5a66f5863,4fbae93a-b872-53f5-b094-1d2fcf5b3fb9
e783271ba906984f2a922cf3bf561039,4fbae93a-b872-53f5-b094-1d2fcf5b3fb9
2572a5c53469e147476811278f5a65d0,4fbae93a-b872-53f5-b094-1d2fcf5b3fb9
b1cdd8a806b5b1be97d641b211700e54,4fbae93a-b872-53f5-b094-1d2fcf5b3fb9
09d01cfbf5f2b7b783b44db83cff2d73,4fbae93a-b872-53f5-b094-1d2fcf5b3fb9
4fb7ca32f618be2aa56c995bf67fd0fa,4fbae93a-b872-53f5-b094-1d2fcf5b3fb9
c3010837663f7b3bd790ce96f0899208,4fbae93a-b872-53f5-b094-1d2fcf5b3fb9
50d1963bfb05abe15dff9a86b0e10e11,4fbae93a-b872-53f5-b094-1d2fcf5b3fb9
c6b957486a3404d2dc83edaaf9b4ac39,4fbae93a-b872-53f5-b094-1d2fcf5b3fb9
f0b5ffe3ce9dc8a4053f7813537f8121,4fbae93a-b872-53f5-b094-1d2fcf5b3fb9
e6109c3354d635069f721f74646068bb,4fbae93a-b872-53f5-b094-1d2fcf5b3fb9
6153f3ca5c30a42c53ed02226c883472,4fbae93a-b872-53f5-b094-1d2fcf5b3fb9
dc24978eee7cb37707a4a07a2e0ecbb0,4fbae93a-b872-53f5-b094-1d2fcf5b3fb9
6ed2ffc83a41d96216969471dd91710a,4fbae93a-b872-53f5-b094-1d2fcf5b3fb9
314176b05790d756e7d017e0a7e08da8,4fbae93a-b872-53f5-b094-1d2fcf5b3fb9
b13e674f6c17a5d54d79af6a7afc36b9,4fbae93a-b872-53f5-b094-1d2fcf5b3fb9
af432399019d532e417c567ef8224c2f,4fbae93a-b872-53f5-b094-1d2fcf5b3fb9
ef3f327e0de8a73f3c6524c2f8bdf3fd,4fbae93a-b872-53f5-b094-1d2fcf5b3fb9
d4b4c480803c033369fe47d6e20c0321,4fbae93a-b872-53f5-b094-1d2fcf5b3fb9
3232694b8527b52d335fe15cc43b0b98,4fbae93a-b872-53f5-b094-1d2fcf5b3fb9
e9c802a8797d89ada83ad383583ec9c8,4fbae93a-b872-53f5-b094-1d2fcf5b3fb9
52db65947dc3f95fb23964304b9eabd3,4fbae93a-b872-53f5-b094-1d2fcf5b3fb9
8c92cb1fac97ca803e7f5211a9cbd384,4fbae93a-b872-53f5-b094-1d2fcf5b3fb9
e029e05844db43131d77072a8b18a0e4,4fbae93a-b872-53f5-b094-1d2fcf5b3fb9
571d1f502229bab34bc22c3fec5a09f0,4fbae93a-b872-53f5-b094-1d2fcf5b3fb9
91d3f658f07bd76e7f69cc7e581a9864,4fbae93a-b872-53f5-b094-1d2fcf5b3fb9
1127f689676219c94e42854ee37661aa,4fbae93a-b872-53f5-b094-1d2fcf5b3fb9
04a5947faeb67e7be23f1a4a2ed97a2a,4fbae93a-b872-53f5-b094-1d2fcf5b3fb9
90e5bfbc08b4e961c3498b90c182c6d6,4fbae93a-b872-53f5-b094-1d2fcf5b3fb9
b01eaf398fb2c0616d9026a9206d11bc,4fbae93a-b872-53f5-b094-1d2fcf5b3fb9
a5e0df5e1f6ed86aedf88baa3c79e85f,4fbae93a-b872-53f5-b094-1d2fcf5b3fb9
916ac649209301d445d41ccb193213ea,4fbae93a-b872-53f5-b094-1d2fcf5b3fb9
f8397ad6352c342c1e63e6044f144e5b,4fbae93a-b872-53f5-b094-1d2fcf5b3fb9
b7ac65f95c7de9a94b74da45695f36a2,4fbae93a-b872-53f5-b094-1d2fcf5b3fb9
37035791036e0140bca1f39bac4bd8d7,4fbae93a-b872-53f5-b094-1d2fcf5b3fb9
193d1b6d64164b3a5581fea72a147d87,4fbae93a-b872-53f5-b094-1d2fcf5b3fb9
04c88f1f574fb94fe0d4d7c0fb9df0be,4fbae93a-b872-53f5-b094-1d2fcf5b3fb9
22f2ca2fe1904e94b82b7aeee370f69a,4fbae93a-b872-53f5-b094-1d2fcf5b3fb9
ef9277c19719652cd539157d908324b5,4fbae93a-b872-53f5-b094-1d2fcf5b3fb9
998b69f6fce602be26fc2205175ee39a,4fbae93a-b872-53f5-b094-1d2fcf5b3fb9
17f1ebba7469b7ae6da435622b6aa167,4fbae93a-b872-53f5-b094-1d2fcf5b3fb9
da058f96f4eecd12bcbea46787edf6fe,4fbae93a-b872-53f5-b094-1d2fcf5b3fb9
cc5776908278c14205c8052417fc882a,4fbae93a-b872-53f5-b094-1d2fcf5b3fb9
67b09dc616605b34a24cedfe10989c22,4fbae93a-b872-53f5-b094-1d2fcf5b3fb9
5afe0df96a62d176c77f235c5997f042,4fbae93a-b872-53f5-b094-1d2fcf5b3fb9
ddd65f371279d860b6c334bd72b7c567,4fbae93a-b872-53f5-b094-1d2fcf5b3fb9
8a5fdc2993caf0a08d9fbff00a541ec7,4fbae93a-b872-53f5-b094-1d2fcf5b3fb9
83520ab8bdd90fdddbd2a3e9136de114,4fbae93a-b872-53f5-b094-1d2fcf5b3fb9
a11badebf36b641a2fbc8063c42aec43,4fbae93a-b872-53f5-b094-1d2fcf5b3fb9
e517841f1c5c2c23e9c7483d89873904,4fbae93a-b872-53f5-b094-1d2fcf5b3fb9
b2759e7591a5d3ad705cf3b3b6c948d4,4fbae93a-b872-53f5-b094-1d2fcf5b3fb9
ca3b4424d7ba161089f08346f154117f,4fbae93a-b872-53f5-b094-1d2fcf5b3fb9
abd01d8f4c31993ae547f39dc8391100,4fbae93a-b872-53f5-b094-1d2fcf5b3fb9
9ce3975040ffaaf552f28822f7460611,4fbae93a-b872-53f5-b094-1d2fcf5b3fb9
85ee36862c596752d663619a67f72008,4fbae93a-b872-53f5-b094-1d2fcf5b3fb9
33a10f7219624a2e12b2e5c206a3ad03,4fbae93a-b872-53f5-b094-1d2fcf5b3fb9
f3578c0d5f3553dd1880d863f7e420ef,4fbae93a-b872-53f5-b094-1d2fcf5b3fb9
f18ec3a8f747b14d37c6f195b6d90d2e,4fbae93a-b872-53f5-b094-1d2fcf5b3fb9
dd4783070458ac0bebd8c546c8c4484a,4fbae93a-b872-53f5-b094-1d2fcf5b3fb9
44bd55509e8b11007ba6d90f5dfe558e,4fbae93a-b872-53f5-b094-1d2fcf5b3fb9
3ddfae34237221ec9732ef90983e0f8d,4fbae93a-b872-53f5-b094-1d2fcf5b3fb9
ec282533d3c6ee7db2f8c2b43e9474a9,4fbae93a-b872-53f5-b094-1d2fcf5b3fb9
9070c9c861d9e7d37feebb5a616cf39f,4fbae93a-b872-53f5-b094-1d2fcf5b3fb9
4241008a749a8f5a2397ac9baae07274,4fbae93a-b872-53f5-b094-1d2fcf5b3fb9
db024e2f8ee66d994e7ea1f7a504c996,4fbae93a-b872-53f5-b094-1d2fcf5b3fb9
701084eeb3f512105b66824b8c8e64ad,4fbae93a-b872-53f5-b094-1d2fcf5b3fb9
3f51186f70f2fd17aeeb9a72078320dc,4fbae93a-b872-53f5-b094-1d2fcf5b3fb9
83f35a0269d0d884c03f44f31a700060,4fbae93a-b872-53f5-b094-1d2fcf5b3fb9
c14cafc8b49fdd7c7a6f86f189d35cea,4fbae93a-b872-53f5-b094-1d2fcf5b3fb9
5793463fea2feb35a819ef4919347a54,4fbae93a-b872-53f5-b094-1d2fcf5b3fb9
0e7439230b2aba2e05d0b3f641088a48,4fbae93a-b872-53f5-b094-1d2fcf5b3fb9
7f22c85f052a4d9d77d1f9782eaabe8c,4fbae93a-b872-53f5-b094-1d2fcf5b3fb9
57def1cc6b0805c50ae3b1ba42460228,4fbae93a-b872-53f5-b094-1d2fcf5b3fb9
05ffe34072e4a335b14c09ea55f49851,4fbae93a-b872-53f5-b094-1d2fcf5b3fb9
72217c23b3831e1f2243b405d3e099cd,4fbae93a-b872-53f5-b094-1d2fcf5b3fb9
d958f319823d5e0a2b6dc174860319fb,4fbae93a-b872-53f5-b094-1d2fcf5b3fb9
c57db09746b1db963d3bd07d26e29573,4fbae93a-b872-53f5-b094-1d2fcf5b3fb9
90dfcfb2b85b4b16d4b5b3c628475a7e,4fbae93a-b872-53f5-b094-1d2fcf5b3fb9
6598e7864a857b63c47a7db0d0dd4cd6,4fbae93a-b872-53f5-b094-1d2fcf5b3fb9
9b4357155d7cfe7ff99b2adb52488b2f,4fbae93a-b872-53f5-b094-1d2fcf5b3fb9
61e646ddee1613fad8f8e9b0cd1bdd40,4fbae93a-b872-53f5-b094-1d2fcf5b3fb9
7ab57d68742d5cda5e0955a7fb19564a,4fbae93a-b872-53f5-b094-1d2fcf5b3fb9
6a65a796d5f08c3ed58a42527a327866,4fbae93a-b872-53f5-b094-1d2fcf5b3fb9
e0ec687ccef174089135a7a6207bdbd3,4fbae93a-b872-53f5-b094-1d2fcf5b3fb9
bfa6fea94d6fe1a4c3a671f700840585,4fbae93a-b872-53f5-b094-1d2fcf5b3fb9
873b971dbd517c92f933f6b501994458,4fbae93a-b872-53f5-b094-1d2fcf5b3fb9
439ce59fccb4d65303b071ffb2a178f6,4fbae93a-b872-53f5-b094-1d2fcf5b3fb9
08325c1cfe6245479d8f4c4c15b750cd,4fbae93a-b872-53f5-b094-1d2fcf5b3fb9
8590a028479dc1f1e10090050219c307,4fbae93a-b872-53f5-b094-1d2fcf5b3fb9
78927ee193cb30b9861516adabc8c8c2,4fbae93a-b872-53f5-b094-1d2fcf5b3fb9
50dd1cf60910c1d9b904ecd0b03957f1,4fbae93a-b872-53f5-b094-1d2fcf5b3fb9
538ba9741decd3c3e956ba8eecc365cc,4fbae93a-b872-53f5-b094-1d2fcf5b3fb9
d79513b0486ed6a50c239f8780b38d5c,4fbae93a-b872-53f5-b094-1d2fcf5b3fb9
533a967c9e7f1442e859fc9099613ac4,4fbae93a-b872-53f5-b094-1d2fcf5b3fb9
180c0d56e7b2e40656671847a847e3ba,4fbae93a-b872-53f5-b094-1d2fcf5b3fb9
9b021dcc5fef11cfa73bdb1e0dfd79eb,4fbae93a-b872-53f5-b094-1d2fcf5b3fb9
e4846050297532cc0da3df302a8f8efd,4fbae93a-b872-53f5-b094-1d2fcf5b3fb9
ba294d0b0a29a6e54f5cb15568523ff3,4fbae93a-b872-53f5-b094-1d2fcf5b3fb9
637ce8040f872348bbd1a9e2f2bdbb88,4fbae93a-b872-53f5-b094-1d2fcf5b3fb9
9fbdb047945ed39bd1446390f2a2a2f7,4fbae93a-b872-53f5-b094-1d2fcf5b3fb9
72aa0b7d62f78cd0919bd2ef6cbfa91f,4fbae93a-b872-53f5-b094-1d2fcf5b3fb9
1edc646550ac4cb47d3bec08c5515eda,4fbae93a-b872-53f5-b094-1d2fcf5b3fb9
1349b03b0592e49315f998b2c2cdb3ac,4fbae93a-b872-53f5-b094-1d2fcf5b3fb9
666da4af6e797346db53fac63049263d,4fbae93a-b872-53f5-b094-1d2fcf5b3fb9
b00ef1f30831692ed379cb5d03dd6741,4fbae93a-b872-53f5-b094-1d2fcf5b3fb9
5309f0520a92bf5808dcbe1008e4006a,4fbae93a-b872-53f5-b094-1d2fcf5b3fb9
fd16941ef4f4705c03a2073335921ce3,4fbae93a-b872-53f5-b094-1d2fcf5b3fb9
b3ea986a379189a07a8706eb7f31a9d7,4fbae93a-b872-53f5-b094-1d2fcf5b3fb9
98ed87dfeeea103bd9fece60de8257d4,4fbae93a-b872-53f5-b094-1d2fcf5b3fb9
183cc161b6390de253190db424f93bda,4fbae93a-b872-53f5-b094-1d2fcf5b3fb9
4ee10e8995b054d05636e524411619d5,4fbae93a-b872-53f5-b094-1d2fcf5b3fb9
022c857218cb83ec09a453be95586f6e,4fbae93a-b872-53f5-b094-1d2fcf5b3fb9
57ba143b54643ce41ab00a22af30fe47,4fbae93a-b872-53f5-b094-1d2fcf5b3fb9
abcfde10020b9c762a6c716cbfacaffb,4fbae93a-b872-53f5-b094-1d2fcf5b3fb9
3dc7c7c381daee4dfbb537f222e43960,4fbae93a-b872-53f5-b094-1d2fcf5b3fb9
c352d2a900965247a9d349250e6cb068,4fbae93a-b872-53f5-b094-1d2fcf5b3fb9
2d5cf64458247a2d0265a6f322fa4d83,4fbae93a-b872-53f5-b094-1d2fcf5b3fb9
978d0c664bf0eff1b5252d72af476cd0,4fbae93a-b872-53f5-b094-1d2fcf5b3fb9
6a2225bac820e6b60ee8b9dfb39f319d,4fbae93a-b872-53f5-b094-1d2fcf5b3fb9
fe433ab2676fdb63b3bf4d56078b696e,4fbae93a-b872-53f5-b094-1d2fcf5b3fb9
793ca1a172b2d90e7a881c26c75f6fdc,4fbae93a-b872-53f5-b094-1d2fcf5b3fb9
4eb240dcc72641f856f8a8de3e420ad0,4fbae93a-b872-53f5-b094-1d2fcf5b3fb9
bab686ada587aea7a9e5fade46855e7e,4fbae93a-b872-53f5-b094-1d2fcf5b3fb9
da5f1559d7fa54a895ca6565507fd5b9,4fbae93a-b872-53f5-b094-1d2fcf5b3fb9
c87f0fe8a59dd96fcc0142f0994c1886,4fbae93a-b872-53f5-b094-1d2fcf5b3fb9
914e6c5f487e07055411f6647e99e7b7,4fbae93a-b872-53f5-b094-1d2fcf5b3fb9
2e3f05a7ee55b3efacffab56e32d6a30,4fbae93a-b872-53f5-b094-1d2fcf5b3fb9
15ca73b0b630004969139cadc7d1ffa2,4fbae93a-b872-53f5-b094-1d2fcf5b3fb9
11008eb1fd42ee643bf83d1c372d54d5,4fbae93a-b872-53f5-b094-1d2fcf5b3fb9
34888509c9c5087588199e446a92878e,4fbae93a-b872-53f5-b094-1d2fcf5b3fb9
085b969308c59140390583db3a85a6a9,4fbae93a-b872-53f5-b094-1d2fcf5b3fb9
731b5d67e81de309703aec1a8560817d,4fbae93a-b872-53f5-b094-1d2fcf5b3fb9
3eea3cca76e64f84079a651202b92b8c,4fbae93a-b872-53f5-b094-1d2fcf5b3fb9
e6ed0163db8c45e9dadcecc3662b92b6,4fbae93a-b872-53f5-b094-1d2fcf5b3fb9
8ee655316aa3b7e1c5ccc24c682b44fc,4fbae93a-b872-53f5-b094-1d2fcf5b3fb9
630f66bd957dc2442eec1ff926bc2f87,4fbae93a-b872-53f5-b094-1d2fcf5b3fb9
f4f600f3f3af3a47a03e4c0861e9b6ad,4fbae93a-b872-53f5-b094-1d2fcf5b3fb9
ae73d2d9c384d0f822c860d7a930585f,4fbae93a-b872-53f5-b094-1d2fcf5b3fb9
a49b68333f0a9f4603061eab12ee6fd0,4fbae93a-b872-53f5-b094-1d2fcf5b3fb9
e1efc45207799d73f73205fa5562601c,4fbae93a-b872-53f5-b094-1d2fcf5b3fb9
4cda3314614df073c16ce6b2726be7a8,4fbae93a-b872-53f5-b094-1d2fcf5b3fb9
2b3266df7d71c18edca4fc93dce73e1f,4fbae93a-b872-53f5-b094-1d2fcf5b3fb9
321c51507bafb6887ced32b87befdc3c,4fbae93a-b872-53f5-b094-1d2fcf5b3fb9
cd547cf8570823e92bc44757b5945234,4fbae93a-b872-53f5-b094-1d2fcf5b3fb9
307db402d4c3af5c2da46572efd9dfbe,4fbae93a-b872-53f5-b094-1d2fcf5b3fb9
0aed373a76612a22b9553e3a10f1ac4a,4fbae93a-b872-53f5-b094-1d2fcf5b3fb9
971097a6bbbb79f4eb567525309e5adb,4fbae93a-b872-53f5-b094-1d2fcf5b3fb9
aad6708bd9df358bfc024dd318b35f20,4fbae93a-b872-53f5-b094-1d2fcf5b3fb9
325bb6821ba7eed28c85a2247c17e0bb,4fbae93a-b872-53f5-b094-1d2fcf5b3fb9
1f7ab1748d86c22c1c987d4f02cdd722,4fbae93a-b872-53f5-b094-1d2fcf5b3fb9
6e96729c92ebed1c4442ebcdfad67227,4fbae93a-b872-53f5-b094-1d2fcf5b3fb9
bad86a99cb18f705143364468fc27b65,4fbae93a-b872-53f5-b094-1d2fcf5b3fb9
9b984dbdef4747747088bfe7c3d77f33,4fbae93a-b872-53f5-b094-1d2fcf5b3fb9
090014bc2623ed00a3327312f3eca684,4fbae93a-b872-53f5-b094-1d2fcf5b3fb9
0a86f13db44c8588ce4c8080543ac73b,4fbae93a-b872-53f5-b094-1d2fcf5b3fb9
728719d89ee9413260b4a2dd0fa51846,4fbae93a-b872-53f5-b094-1d2fcf5b3fb9
01ceef39144a18d97aa29826b83c55f4,4fbae93a-b872-53f5-b094-1d2fcf5b3fb9
224836f55048c2cba6b00778a92e79f2,4fbae93a-b872-53f5-b094-1d2fcf5b3fb9
490bcd978dfa3243f4d5f5808f3ba320,4fbae93a-b872-53f5-b094-1d2fcf5b3fb9
46744209dfbb3999ec1c9c85ebe2dc26,4fbae93a-b872-53f5-b094-1d2fcf5b3fb9
a28d012a83d5595ae89081200a21282b,4fbae93a-b872-53f5-b094-1d2fcf5b3fb9
79419a8a1bf472de26383b17276d2e0c,4fbae93a-b872-53f5-b094-1d2fcf5b3fb9
c337f4554fdbc254958ee99dd7e494a4,4fbae93a-b872-53f5-b094-1d2fcf5b3fb9
07d5c875b08060fa903dd6bb00084b23,4fbae93a-b872-53f5-b094-1d2fcf5b3fb9
0f393e1105d437e17941386353ab1112,4fbae93a-b872-53f5-b094-1d2fcf5b3fb9
dc072b0084b1dcca27b78fd07c624e6d,4fbae93a-b872-53f5-b094-1d2fcf5b3fb9
c50dda809749f471797f5431acd5393d,4fbae93a-b872-53f5-b094-1d2fcf5b3fb9
959d283c2fb669b55c89a711accfd163,4fbae93a-b872-53f5-b094-1d2fcf5b3fb9
bea02934093d0e9515f8bb136c5dcfb0,4fbae93a-b872-53f5-b094-1d2fcf5b3fb9
40e562ddaaab72e39577199c8ff99b10,4fbae93a-b872-53f5-b094-1d2fcf5b3fb9
cd055058279c71d5657e5fb78382392a,4fbae93a-b872-53f5-b094-1d2fcf5b3fb9
f8823aa45dc735748b5664e570620093,4fbae93a-b872-53f5-b094-1d2fcf5b3fb9
d30a7cd77e89a880a7564d5c6c4ff5e0,4fbae93a-b872-53f5-b094-1d2fcf5b3fb9
343986db586855ace09f2e63606bdcd1,4fbae93a-b872-53f5-b094-1d2fcf5b3fb9
f8d9be1dc2acf783685723c2538fa801,4fbae93a-b872-53f5-b094-1d2fcf5b3fb9
9e64ba844a3cb41d352fdd6b8cbfcffc,4fbae93a-b872-53f5-b094-1d2fcf5b3fb9
a5836f9eebea4939f4e90fa418ccab0f,4fbae93a-b872-53f5-b094-1d2fcf5b3fb9
d336b0e59f23e2d777ec43c5cea2f1a6,4fbae93a-b872-53f5-b094-1d2fcf5b3fb9
56e5f0746ee5de02dec01ca97396fc56,4fbae93a-b872-53f5-b094-1d2fcf5b3fb9
54af67610b86ce4d096e4aa00bc2b917,4fbae93a-b872-53f5-b094-1d2fcf5b3fb9
241147d7b4c225d6db61de5f44b5a054,57a8c0cd-d84d-5b06-bd12-55bbbf5ae926
3b3decc3b6426d1b0f42f57db711acfa,57a8c0cd-d84d-5b06-bd12-55bbbf5ae926
c57db09746b1db963d3bd07d26e29573,57a8c0cd-d84d-5b06-bd12-55bbbf5ae926
90dfcfb2b85b4b16d4b5b3c628475a7e,57a8c0cd-d84d-5b06-bd12-55bbbf5ae926
ace840af4645ae21ce78703d3890c69f,57a8c0cd-d84d-5b06-bd12-55bbbf5ae926
f97b3cea5860b4ccabf042e725140a40,57a8c0cd-d84d-5b06-bd12-55bbbf5ae926
d1758c22b08b2c1579d9a8d8e000651a,57a8c0cd-d84d-5b06-bd12-55bbbf5ae926
8123f2a7462ed0144040a50fc6ceba63,57a8c0cd-d84d-5b06-bd12-55bbbf5ae926
a9bb2d2372c26d853e438fa44f771dde,57a8c0cd-d84d-5b06-bd12-55bbbf5ae926
00b93fe537a1e8992693ccba48d1c237,57a8c0cd-d84d-5b06-bd12-55bbbf5ae926
7564f738ce79aba78ca12b9a71415fdf,57a8c0cd-d84d-5b06-bd12-55bbbf5ae926
6087af7e61cf825e717e5628bc6cd507,57a8c0cd-d84d-5b06-bd12-55bbbf5ae926
2226c0d7f2acd34384511fc2959fd141,57a8c0cd-d84d-5b06-bd12-55bbbf5ae926
58fc938f76281ff470a306a5e8f3cb9e,57a8c0cd-d84d-5b06-bd12-55bbbf5ae926
fe7f15251dc0094aa11b35088bed08c9,57a8c0cd-d84d-5b06-bd12-55bbbf5ae926
de03ca58769346d06a23861390536f2e,57a8c0cd-d84d-5b06-bd12-55bbbf5ae926
7a82dbf2320fc7e520dbb2acaad1c8c3,57a8c0cd-d84d-5b06-bd12-55bbbf5ae926
7e8f3d1a2799b7aaba84f5c051320d95,57a8c0cd-d84d-5b06-bd12-55bbbf5ae926
e9c4901dd1a3cce94837356fb351636c,57a8c0cd-d84d-5b06-bd12-55bbbf5ae926
62efe62604f88c212d91c5d9ef1648db,57a8c0cd-d84d-5b06-bd12-55bbbf5ae926
b3e2ea17169bc196f27e92804c62666d,57a8c0cd-d84d-5b06-bd12-55bbbf5ae926
c88a9c17b7520c1a5f64d92262af7280,57a8c0cd-d84d-5b06-bd12-55bbbf5ae926
e5fdd0a8b441dc54bf4cfb111d2061ac,57a8c0cd-d84d-5b06-bd12-55bbbf5ae926
8d55db9c4450752ecb1a6c524b182732,57a8c0cd-d84d-5b06-bd12-55bbbf5ae926
c406fd28c81a432d15b55dfc0b310000,57a8c0cd-d84d-5b06-bd12-55bbbf5ae926
fa69e9c656b6bd4120d9526e4c366215,57a8c0cd-d84d-5b06-bd12-55bbbf5ae926
6c31b6cadeeb9eaeb3adff0e42e4c61c,57a8c0cd-d84d-5b06-bd12-55bbbf5ae926
7706e70e7724f1249633a1c23f0afd6a,57a8c0cd-d84d-5b06-bd12-55bbbf5ae926
7d4a9ff8db41b9966abb5ad3e046af63,57a8c0cd-d84d-5b06-bd12-55bbbf5ae926
0a00aa2605c525d9d21e2baeb57e35d0,57a8c0cd-d84d-5b06-bd12-55bbbf5ae926
650bf86cd3617eabb4412f0d387b8996,57a8c0cd-d84d-5b06-bd12-55bbbf5ae926
b2ad07db9de1db07ec8a2e3049281dc2,57a8c0cd-d84d-5b06-bd12-55bbbf5ae926
a27b4d46cd326dc6193851846bbb70ec,57a8c0cd-d84d-5b06-bd12-55bbbf5ae926
0381f7ab5e7ebf5f45d7c1fa5fe541f2,57a8c0cd-d84d-5b06-bd12-55bbbf5ae926
5793463fea2feb35a819ef4919347a54,57a8c0cd-d84d-5b06-bd12-55bbbf5ae926
c14cafc8b49fdd7c7a6f86f189d35cea,57a8c0cd-d84d-5b06-bd12-55bbbf5ae926
ed1f58484f94290b50d6b8417edc0099,57a8c0cd-d84d-5b06-bd12-55bbbf5ae926
2bd7adaa4b11b034c629abee1cecead3,57a8c0cd-d84d-5b06-bd12-55bbbf5ae926
0f80a96cd3c46fa0e3e971b18f12a507,57a8c0cd-d84d-5b06-bd12-55bbbf5ae926
a7e8cb5f962496704411e1140dd9b8bc,57a8c0cd-d84d-5b06-bd12-55bbbf5ae926
f987744d6eea1a933e82f3d817650aff,57a8c0cd-d84d-5b06-bd12-55bbbf5ae926
f802a8c397a662379f511b99e82c0f0c,57a8c0cd-d84d-5b06-bd12-55bbbf5ae926
7a61b9871bfaf564462c154a1a963df0,57a8c0cd-d84d-5b06-bd12-55bbbf5ae926
d2a7d7e14d60aadcb2624908df4fbd14,57a8c0cd-d84d-5b06-bd12-55bbbf5ae926
b3d9b59a9b433c82a5539803ff5c7e01,57a8c0cd-d84d-5b06-bd12-55bbbf5ae926
e9ce89e83343657894490ce24aefa33d,57a8c0cd-d84d-5b06-bd12-55bbbf5ae926
ff4ca4714b46318cdc246210149979c2,57a8c0cd-d84d-5b06-bd12-55bbbf5ae926
38c91b41f31e96ced59a61c8ab3aaa5f,57a8c0cd-d84d-5b06-bd12-55bbbf5ae926
8a1b23a676216e46f968ce846f07f55a,57a8c0cd-d84d-5b06-bd12-55bbbf5ae926
88ed010a38dcadf0609ca6ba66fc061f,57a8c0cd-d84d-5b06-bd12-55bbbf5ae926
bfa50841fa579cc387d8caa2a0cef975,57a8c0cd-d84d-5b06-bd12-55bbbf5ae926
5067c6aa54205ba00fe6ae57121cb4c1,57a8c0cd-d84d-5b06-bd12-55bbbf5ae926
0a023277895de736fa4a5a3b5adc21de,57a8c0cd-d84d-5b06-bd12-55bbbf5ae926
8c265041ff7df2d8abc07b741c888643,57a8c0cd-d84d-5b06-bd12-55bbbf5ae926
8b7140ef330eed841e5c0492848bbaa1,57a8c0cd-d84d-5b06-bd12-55bbbf5ae926
946fd4b720324eca230cf642e89d5af8,57a8c0cd-d84d-5b06-bd12-55bbbf5ae926
6f65fb27cb73982c196ef25544b325a2,57a8c0cd-d84d-5b06-bd12-55bbbf5ae926
fdfaff4926d71755549e3703bf146eac,57a8c0cd-d84d-5b06-bd12-55bbbf5ae926
f5266ee1f14d4c6ddeb33984399fd995,57a8c0cd-d84d-5b06-bd12-55bbbf5ae926
cade85071a5a28efb6d244cbe9ab8d1b,57a8c0cd-d84d-5b06-bd12-55bbbf5ae926
cab1dfd213ddd36148c413614b80c4a2,57a8c0cd-d84d-5b06-bd12-55bbbf5ae926
77870c8278dd4f95626035547b728ce0,57a8c0cd-d84d-5b06-bd12-55bbbf5ae926
031a3f64c07cc0a26bcf187d48ffe83c,57a8c0cd-d84d-5b06-bd12-55bbbf5ae926
a63ee97dd0ed28ef1951e34cf8d855f0,57a8c0cd-d84d-5b06-bd12-55bbbf5ae926
69a048b8ff1197ba53452e0dfe5268ee,57a8c0cd-d84d-5b06-bd12-55bbbf5ae926
a7b7168861a350d4918bb492f0e56096,57a8c0cd-d84d-5b06-bd12-55bbbf5ae926
6c451d74ec4739a6a74f144dd173784a,57a8c0cd-d84d-5b06-bd12-55bbbf5ae926
580c200598a74778af94cdca1512c11e,57a8c0cd-d84d-5b06-bd12-55bbbf5ae926
6c60d287538ef3066c073e0c3b748a61,57a8c0cd-d84d-5b06-bd12-55bbbf5ae926
613a47d98b1586f9808735dcaf00601f,57a8c0cd-d84d-5b06-bd12-55bbbf5ae926
0ad4df6596d5a0523d31099c80dd1bb5,57a8c0cd-d84d-5b06-bd12-55bbbf5ae926
eabc36ed67428325a60a1cb02f008b2f,57a8c0cd-d84d-5b06-bd12-55bbbf5ae926
9eeea98eb2e44601ae0a1cbd27659d24,57a8c0cd-d84d-5b06-bd12-55bbbf5ae926
37b9aa64c797e335c6717936c772ad58,57a8c0cd-d84d-5b06-bd12-55bbbf5ae926
8f9227b5e4ebae67bd273ef0cdfa1c40,57a8c0cd-d84d-5b06-bd12-55bbbf5ae926
0415790c0373e41b3630282113e43cdc,57a8c0cd-d84d-5b06-bd12-55bbbf5ae926
4de05b8bfb297e3c158ddad5cb07aac9,57a8c0cd-d84d-5b06-bd12-55bbbf5ae926
b635c817941c567b6b61c9e8df6fe0ff,57a8c0cd-d84d-5b06-bd12-55bbbf5ae926
85e0cc600f7b98c0d6d9e8b6b0fe5a57,57a8c0cd-d84d-5b06-bd12-55bbbf5ae926
240e3948d76077760e1801f601bf4ae9,57a8c0cd-d84d-5b06-bd12-55bbbf5ae926
8f48eb16267f942c723d221e92626fc0,57a8c0cd-d84d-5b06-bd12-55bbbf5ae926
55fd1ef144526f178415dd3ad2c87956,57a8c0cd-d84d-5b06-bd12-55bbbf5ae926
37a3f95b799af96c8c2e9f62490cfd97,57a8c0cd-d84d-5b06-bd12-55bbbf5ae926
fd4165f1d5c3fe024cfe5ec2942dcd1b,57a8c0cd-d84d-5b06-bd12-55bbbf5ae926
180822b8e9f960912107ee0133d5abb0,57a8c0cd-d84d-5b06-bd12-55bbbf5ae926
dd0969de90c5c67379cdd06a70cd1921,57a8c0cd-d84d-5b06-bd12-55bbbf5ae926
4036dfcce906460bfe260866dc935349,57a8c0cd-d84d-5b06-bd12-55bbbf5ae926
439ce59fccb4d65303b071ffb2a178f6,57a8c0cd-d84d-5b06-bd12-55bbbf5ae926
bfa6fea94d6fe1a4c3a671f700840585,57a8c0cd-d84d-5b06-bd12-55bbbf5ae926
873b971dbd517c92f933f6b501994458,57a8c0cd-d84d-5b06-bd12-55bbbf5ae926
08325c1cfe6245479d8f4c4c15b750cd,57a8c0cd-d84d-5b06-bd12-55bbbf5ae926
15e7e1019463a9aa6d4f7d9fa789d138,57a8c0cd-d84d-5b06-bd12-55bbbf5ae926
8d789d88197a1e3f8bbc14c29c6addaa,57a8c0cd-d84d-5b06-bd12-55bbbf5ae926
7eaa367b268d195c4249db7e1d25a0e9,57a8c0cd-d84d-5b06-bd12-55bbbf5ae926
410a030df4b7594a0a16dcac0329cc36,57a8c0cd-d84d-5b06-bd12-55bbbf5ae926
9f56d0ce227af7715fea405ec8cd70ee,57a8c0cd-d84d-5b06-bd12-55bbbf5ae926
18fcff785e00e7a6cf73dd023d54438f,57a8c0cd-d84d-5b06-bd12-55bbbf5ae926
676bcbd67a01dc1fc8e9d53af6f32edf,57a8c0cd-d84d-5b06-bd12-55bbbf5ae926
a81d79f74433ef572f731da60ec297ef,57a8c0cd-d84d-5b06-bd12-55bbbf5ae926
89c0f5d1e3135dab2d9f224c8d15e60e,57a8c0cd-d84d-5b06-bd12-55bbbf5ae926
232fd9d78addbcc3e6f7de9ca3d94361,57a8c0cd-d84d-5b06-bd12-55bbbf5ae926
d75565feda160ccdeb63486e54bb29f2,57a8c0cd-d84d-5b06-bd12-55bbbf5ae926
f3578c0d5f3553dd1880d863f7e420ef,57a8c0cd-d84d-5b06-bd12-55bbbf5ae926
f18ec3a8f747b14d37c6f195b6d90d2e,57a8c0cd-d84d-5b06-bd12-55bbbf5ae926
418daeb67bafaba634a95cbd7b288794,57a8c0cd-d84d-5b06-bd12-55bbbf5ae926
d5ab28ba16c8405f43e1463b16722b29,57a8c0cd-d84d-5b06-bd12-55bbbf5ae926
6b05f76c174ed1538b18b40e15d28db4,57a8c0cd-d84d-5b06-bd12-55bbbf5ae926
5426f9ca7979c2e453d0ea93ae5aec7f,57a8c0cd-d84d-5b06-bd12-55bbbf5ae926
bf37de9ec1118eccefa143db4d0c0325,57a8c0cd-d84d-5b06-bd12-55bbbf5ae926
4a6dfeeb3260bdb3f93673c04614df6b,57a8c0cd-d84d-5b06-bd12-55bbbf5ae926
94b627b59fa6999b2dd9d9601eb208ef,57a8c0cd-d84d-5b06-bd12-55bbbf5ae926
16babbdd06f6408a8d314ec468782ee9,57a8c0cd-d84d-5b06-bd12-55bbbf5ae926
fa4dda8d2fc11d2e899d2ac0a6f802ba,57a8c0cd-d84d-5b06-bd12-55bbbf5ae926
3a1bb7b1316b743fd6ac381c81c50637,57a8c0cd-d84d-5b06-bd12-55bbbf5ae926
bfc6a6762e0b8302507222536fdef13a,57a8c0cd-d84d-5b06-bd12-55bbbf5ae926
a6ad81c76831ed299dde3a8fb8c6e197,57a8c0cd-d84d-5b06-bd12-55bbbf5ae926
d8f01f9f56070cd6ba8943774d62c2fa,57a8c0cd-d84d-5b06-bd12-55bbbf5ae926
a2dd435062d97b11a2bb6713d08817d5,57a8c0cd-d84d-5b06-bd12-55bbbf5ae926
dd705bcb03ce6ff112e15ca78786e2d1,57a8c0cd-d84d-5b06-bd12-55bbbf5ae926
05950b9a8d80166adabf1577cca2293a,57a8c0cd-d84d-5b06-bd12-55bbbf5ae926
9f3658aef948fc48cdcb8520ca6d5587,57a8c0cd-d84d-5b06-bd12-55bbbf5ae926
11851b2b6660a596702efd4a130cdbe1,57a8c0cd-d84d-5b06-bd12-55bbbf5ae926
7b3955c0dda0bc5c052d37e8998ea79b,57a8c0cd-d84d-5b06-bd12-55bbbf5ae926
2e3dc3ee43da1bfe61f7cb22ba1a70f5,57a8c0cd-d84d-5b06-bd12-55bbbf5ae926
00e97218ed3187d2d2e256fad7a3b91d,57a8c0cd-d84d-5b06-bd12-55bbbf5ae926
69a5561cc2e44cc6329ddbd8497e4560,57a8c0cd-d84d-5b06-bd12-55bbbf5ae926
2e4abfde78e42622d0635c98cd2d42e0,57a8c0cd-d84d-5b06-bd12-55bbbf5ae926
874a1e2478889264b2edb63439e7b588,57a8c0cd-d84d-5b06-bd12-55bbbf5ae926
59871682b48436590e36b8570e4ae931,57a8c0cd-d84d-5b06-bd12-55bbbf5ae926
5473ca2f3b7920f5f6a0dce75f1649b9,57a8c0cd-d84d-5b06-bd12-55bbbf5ae926
10d65921721141f54a09ee0524d1c846,57a8c0cd-d84d-5b06-bd12-55bbbf5ae926
978d0c664bf0eff1b5252d72af476cd0,57a8c0cd-d84d-5b06-bd12-55bbbf5ae926
6a2225bac820e6b60ee8b9dfb39f319d,57a8c0cd-d84d-5b06-bd12-55bbbf5ae926
7c1b5f2319024a0cfaa0f4bcd42012e0,57a8c0cd-d84d-5b06-bd12-55bbbf5ae926
c1b5d2a8b6ac7c9f72e342c95c3043d5,57a8c0cd-d84d-5b06-bd12-55bbbf5ae926
10e1a58ea775cae1e39e7ca551a0d81c,57a8c0cd-d84d-5b06-bd12-55bbbf5ae926
a96467133b3cd561d44cfd00a81a0915,57a8c0cd-d84d-5b06-bd12-55bbbf5ae926
1791da04a0d644213027581b6d6d3194,57a8c0cd-d84d-5b06-bd12-55bbbf5ae926
f35ea20817646ca00c4bef95db6b1dab,57a8c0cd-d84d-5b06-bd12-55bbbf5ae926
67bc9a6f4c3598eb220c4a76d17c48c4,57a8c0cd-d84d-5b06-bd12-55bbbf5ae926
0a4ac0e2f8adedf41df48874b9a65be4,57a8c0cd-d84d-5b06-bd12-55bbbf5ae926
cd6747300275deb594b0e472217b7d7f,57a8c0cd-d84d-5b06-bd12-55bbbf5ae926
77f0f45f7e7ec2812c7cef2f4132928e,57a8c0cd-d84d-5b06-bd12-55bbbf5ae926
3e3a713706fd616283db02d029830368,57a8c0cd-d84d-5b06-bd12-55bbbf5ae926
1b2cafdf5c581e035d90c71a0ca36405,57a8c0cd-d84d-5b06-bd12-55bbbf5ae926
e412950e2e67431286716e8da64403bc,57a8c0cd-d84d-5b06-bd12-55bbbf5ae926
fc24d2b72b81130c9a6351b6bf8a56bb,57a8c0cd-d84d-5b06-bd12-55bbbf5ae926
ad8f0aee252bf7c2e1ea3553f78c87ce,57a8c0cd-d84d-5b06-bd12-55bbbf5ae926
05d5e1a818834ec272884e956984a3a1,57a8c0cd-d84d-5b06-bd12-55bbbf5ae926
799a394285924a2599c20b5899b1abc1,57a8c0cd-d84d-5b06-bd12-55bbbf5ae926
a01d5d2241d0b2f53bbd7a705b1853fd,57a8c0cd-d84d-5b06-bd12-55bbbf5ae926
26662267250d83b7862d483aac348452,57a8c0cd-d84d-5b06-bd12-55bbbf5ae926
49bd44f8c8bcb5d95f68867d5b07dead,57a8c0cd-d84d-5b06-bd12-55bbbf5ae926
5698d4aa29ca8b72eafefa72ef2e870c,57a8c0cd-d84d-5b06-bd12-55bbbf5ae926
2cd000413fd821c2e79c5b9ab2982039,57a8c0cd-d84d-5b06-bd12-55bbbf5ae926
7e1c171e7460150ecc898b6a7fdbea89,57a8c0cd-d84d-5b06-bd12-55bbbf5ae926
0927240a2d19a2c3100e26c41a923e18,57a8c0cd-d84d-5b06-bd12-55bbbf5ae926
4df72eb1ea23e0f6b6527f6f3c870001,57a8c0cd-d84d-5b06-bd12-55bbbf5ae926
945cb85cb74d6277aa28b30ce9f2c701,57a8c0cd-d84d-5b06-bd12-55bbbf5ae926
3b429ebc3e93be9251f6314ac21a5807,57a8c0cd-d84d-5b06-bd12-55bbbf5ae926
e545262cc1bade369cc42c0a950cccb8,57a8c0cd-d84d-5b06-bd12-55bbbf5ae926
392b8cffa67428c88995083f64e53b38,57a8c0cd-d84d-5b06-bd12-55bbbf5ae926
212dc088514b382d4c0d89993629cf69,57a8c0cd-d84d-5b06-bd12-55bbbf5ae926
1c522c449a90f0c8f5ef90ba98a819d5,57a8c0cd-d84d-5b06-bd12-55bbbf5ae926
91d3f658f07bd76e7f69cc7e581a9864,57a8c0cd-d84d-5b06-bd12-55bbbf5ae926
2ae6dc578e2da356f6f3294217734de0,57a8c0cd-d84d-5b06-bd12-55bbbf5ae926
71255cf779b77ff107b2c7bf1d469465,57a8c0cd-d84d-5b06-bd12-55bbbf5ae926
3527b705c301468f9f2f96563fde1f26,57a8c0cd-d84d-5b06-bd12-55bbbf5ae926
258f0669bcd5423178afdd75a39791fd,57a8c0cd-d84d-5b06-bd12-55bbbf5ae926
f041e96fe89589317f1cc4bff04a5035,57a8c0cd-d84d-5b06-bd12-55bbbf5ae926
cd869edc3a7a71ef8c2b67fa6c0b1334,57a8c0cd-d84d-5b06-bd12-55bbbf5ae926
fffe674802e1fd47fdc625f6000bec98,57a8c0cd-d84d-5b06-bd12-55bbbf5ae926
48b9b1f51b9cd595a9ce2a0ede5413d6,57a8c0cd-d84d-5b06-bd12-55bbbf5ae926
032873e80e17c2996d5fc87379990d9f,57a8c0cd-d84d-5b06-bd12-55bbbf5ae926
c6a073380a796703fca956326374df3f,57a8c0cd-d84d-5b06-bd12-55bbbf5ae926
343ef7ff6894885a8293182440c9c01d,57a8c0cd-d84d-5b06-bd12-55bbbf5ae926
0ba29207c8dbb4f0fe51dbe28a8dbf1f,57a8c0cd-d84d-5b06-bd12-55bbbf5ae926
24d0edf2a6b93ce9c6c9454feb9868b3,57a8c0cd-d84d-5b06-bd12-55bbbf5ae926
538704802f9e4c1b70b31a2ff91b0c74,57a8c0cd-d84d-5b06-bd12-55bbbf5ae926
daa9e9e4a0d6185a18b455d3fb53caef,57a8c0cd-d84d-5b06-bd12-55bbbf5ae926
9a938d3da79d51ceb9b20ba0f6ee76dd,57a8c0cd-d84d-5b06-bd12-55bbbf5ae926
8b2df4bbc1f2f5be138d8f893a871716,57a8c0cd-d84d-5b06-bd12-55bbbf5ae926
97ba6a18a978435e3d2a4d4c4a3ed07e,57a8c0cd-d84d-5b06-bd12-55bbbf5ae926
f97bb67313c56fccbbd522454d728df2,57a8c0cd-d84d-5b06-bd12-55bbbf5ae926
9ef1ed9b9e4445c2d406380a0a00509d,57a8c0cd-d84d-5b06-bd12-55bbbf5ae926
f646d4b2c5b0ae2b80afa32fa38665b2,57a8c0cd-d84d-5b06-bd12-55bbbf5ae926
cc98bfdf14378dbed2a705ba24228da2,57a8c0cd-d84d-5b06-bd12-55bbbf5ae926
8c6849f6098abe0cd65f3faf48c3b187,57a8c0cd-d84d-5b06-bd12-55bbbf5ae926
e30893e918fcfcc6e557142cd16b0928,57a8c0cd-d84d-5b06-bd12-55bbbf5ae926
0e725458569591b948864469a159d65b,57a8c0cd-d84d-5b06-bd12-55bbbf5ae926
ab1e476d0c2f9e7adb3db1b5b3c0f53f,57a8c0cd-d84d-5b06-bd12-55bbbf5ae926
c76e21fc5f7b5eaaa844fe5840a0f227,57a8c0cd-d84d-5b06-bd12-55bbbf5ae926
21e3e58723e9cb227fecd1c7a4bf2832,57a8c0cd-d84d-5b06-bd12-55bbbf5ae926
0700ed2c96a6f086b6e4b876da6e2276,57a8c0cd-d84d-5b06-bd12-55bbbf5ae926
0c18688f95cf9783f5cc18219b0ff7c1,57a8c0cd-d84d-5b06-bd12-55bbbf5ae926
927200c1e369905acedcef83f5554e80,57a8c0cd-d84d-5b06-bd12-55bbbf5ae926
2c0b9698a47725800c5962a25cea731c,57a8c0cd-d84d-5b06-bd12-55bbbf5ae926
86012c3705743ec0b267e803a2d97d1f,57a8c0cd-d84d-5b06-bd12-55bbbf5ae926
99137fb873cf754029c1c702c0e31cb4,57a8c0cd-d84d-5b06-bd12-55bbbf5ae926
245ffa5555f0ce481c78ec8e68fa497a,57a8c0cd-d84d-5b06-bd12-55bbbf5ae926
39e3c0c923ba9334ab7a416ea5dbf4bf,57a8c0cd-d84d-5b06-bd12-55bbbf5ae926
2876f14e3d22adaee6b37c44e193153b,57a8c0cd-d84d-5b06-bd12-55bbbf5ae926
9818d050b9d8a1fccea2154d4451ba18,57a8c0cd-d84d-5b06-bd12-55bbbf5ae926
c546e21561e739fb959812cedd8fbb1d,57a8c0cd-d84d-5b06-bd12-55bbbf5ae926
6168f71ab90fdb535f40d5c361475b98,57a8c0cd-d84d-5b06-bd12-55bbbf5ae926
8c27c7e38700f812ebf3b5dabfae42fc,57a8c0cd-d84d-5b06-bd12-55bbbf5ae926
f03501a7a340a5dd63a463af737c03e8,57a8c0cd-d84d-5b06-bd12-55bbbf5ae926
015af144992b80472a285f570e4a7193,57a8c0cd-d84d-5b06-bd12-55bbbf5ae926
890924794e9751add8b0b389182f96bb,57a8c0cd-d84d-5b06-bd12-55bbbf5ae926
e7afe6a3b9c5b9e7a4d5275d7ac5d599,57a8c0cd-d84d-5b06-bd12-55bbbf5ae926
7d4adff1e7809626543c29487c022af3,57a8c0cd-d84d-5b06-bd12-55bbbf5ae926
4790ed06b42aa8642cafd853bccad7aa,57a8c0cd-d84d-5b06-bd12-55bbbf5ae926
55cc76e69823427cf0e14e5974473da0,57a8c0cd-d84d-5b06-bd12-55bbbf5ae926
30a988fa0226f5fb84b6ac8cc41dd963,57a8c0cd-d84d-5b06-bd12-55bbbf5ae926
35395d5895fdcc0d13de74d625327ec8,57a8c0cd-d84d-5b06-bd12-55bbbf5ae926
4c7512e6b991f47556d778a46bb3b95d,57a8c0cd-d84d-5b06-bd12-55bbbf5ae926
b03bac5ca1c94befafd45c567a1c9c51,57a8c0cd-d84d-5b06-bd12-55bbbf5ae926
f1d2af49ff390ef2f7a3eecfd7195a08,57a8c0cd-d84d-5b06-bd12-55bbbf5ae926
f7f518f53363b7ada3c75f8c617a3437,57a8c0cd-d84d-5b06-bd12-55bbbf5ae926
7d470460f4a59cf6332afba279be7882,57a8c0cd-d84d-5b06-bd12-55bbbf5ae926
de6f09d89e454bf6192b07d702d702a9,57a8c0cd-d84d-5b06-bd12-55bbbf5ae926
81a49ddd103a6e1d480a13ea1f044759,57a8c0cd-d84d-5b06-bd12-55bbbf5ae926
04d7327d6590a26713e239514c468b1c,57a8c0cd-d84d-5b06-bd12-55bbbf5ae926
b315901602ee2b458996304e87516b6c,57a8c0cd-d84d-5b06-bd12-55bbbf5ae926
214f3c28b0f12b32752d680dad2f46b2,57a8c0cd-d84d-5b06-bd12-55bbbf5ae926
fe55e1d371f280dbd9fc023e0d4bd0ff,57a8c0cd-d84d-5b06-bd12-55bbbf5ae926
253d5d156984abbd257e70097cf3f72a,57a8c0cd-d84d-5b06-bd12-55bbbf5ae926
1d291fca62d8a6a374d33f4517b698dc,57a8c0cd-d84d-5b06-bd12-55bbbf5ae926
f826a06a7ed7895d37e7398362c2a05b,57a8c0cd-d84d-5b06-bd12-55bbbf5ae926
fdd30468be78f261871a957c7b21dafd,57a8c0cd-d84d-5b06-bd12-55bbbf5ae926
70c515e6d60b447f52dc4bdf40f6fd56,57a8c0cd-d84d-5b06-bd12-55bbbf5ae926
d4b81a5d5d35f13d59b5c502e6c4c8d2,57a8c0cd-d84d-5b06-bd12-55bbbf5ae926
3dfc149dafb04be52b2a840d084102ac,57a8c0cd-d84d-5b06-bd12-55bbbf5ae926
14bd5f204e41555c526ab92fcf72f742,57a8c0cd-d84d-5b06-bd12-55bbbf5ae926
fe80106bd11097e5b8491685504425cf,57a8c0cd-d84d-5b06-bd12-55bbbf5ae926
6c874a30a108f80a72709bff8d46cc29,57a8c0cd-d84d-5b06-bd12-55bbbf5ae926
7ab024f3e8f91a7919921a5f9fde7c97,57a8c0cd-d84d-5b06-bd12-55bbbf5ae926
0f45b92f92e08c0d011223a61571f2c7,57a8c0cd-d84d-5b06-bd12-55bbbf5ae926
f2e55c1822530a4d144217da5517e64e,57a8c0cd-d84d-5b06-bd12-55bbbf5ae926
c57db09746b1db963d3bd07d26e29573,dbb81d06-330c-5dcd-bb62-b1e1cfb01cd3
90dfcfb2b85b4b16d4b5b3c628475a7e,dbb81d06-330c-5dcd-bb62-b1e1cfb01cd3
d3e3d7e045b449bac124c899d7ce0a47,dbb81d06-330c-5dcd-bb62-b1e1cfb01cd3
45eb25c63d4572c15335df34c1ab653c,dbb81d06-330c-5dcd-bb62-b1e1cfb01cd3
e0b41c44b1043458622b171df1a7654c,dbb81d06-330c-5dcd-bb62-b1e1cfb01cd3
c5e292e6b3c4f618076d57d53c79a8e9,dbb81d06-330c-5dcd-bb62-b1e1cfb01cd3
c030e325a2cf1fd085fcb66af712426a,dbb81d06-330c-5dcd-bb62-b1e1cfb01cd3
4c167369028814a884283f38d4af84f1,dbb81d06-330c-5dcd-bb62-b1e1cfb01cd3
d5f1f5d0d57b612150765a8c413ee856,dbb81d06-330c-5dcd-bb62-b1e1cfb01cd3
9ed9a321471579971dc25e6e9481c971,dbb81d06-330c-5dcd-bb62-b1e1cfb01cd3
0518fc619e3bcdbcbe10e3ec4a3c494a,dbb81d06-330c-5dcd-bb62-b1e1cfb01cd3
6d1c8b24bb9342a2eaa399e028033e81,dbb81d06-330c-5dcd-bb62-b1e1cfb01cd3
80518e7ec603739bb451ff9ebf1d64f8,dbb81d06-330c-5dcd-bb62-b1e1cfb01cd3
8881495f49cf79df22b5f9df74f804cc,dbb81d06-330c-5dcd-bb62-b1e1cfb01cd3
b5433e974d98fea97628aeb9d481ed4e,dbb81d06-330c-5dcd-bb62-b1e1cfb01cd3
6740df8270375823586a78035c812e24,dbb81d06-330c-5dcd-bb62-b1e1cfb01cd3
b61b114ad51f48463ffb4cbf96426694,dbb81d06-330c-5dcd-bb62-b1e1cfb01cd3
13a632856f323b01ed491d1fcce7a162,dbb81d06-330c-5dcd-bb62-b1e1cfb01cd3
945cb85cb74d6277aa28b30ce9f2c701,dbb81d06-330c-5dcd-bb62-b1e1cfb01cd3
3b429ebc3e93be9251f6314ac21a5807,dbb81d06-330c-5dcd-bb62-b1e1cfb01cd3
9bfc1d7f8eb7d244e08d9ae789f4447d,dbb81d06-330c-5dcd-bb62-b1e1cfb01cd3
ecf460e3b88bfbe53e8f56d6efbc8db3,dbb81d06-330c-5dcd-bb62-b1e1cfb01cd3
dd7f5037436b6fe1c8583343a73c8110,dbb81d06-330c-5dcd-bb62-b1e1cfb01cd3
bd2bf73a080d5f46ea9f0e56584b0612,dbb81d06-330c-5dcd-bb62-b1e1cfb01cd3
29b43ce4b5d000439786445c52754022,dbb81d06-330c-5dcd-bb62-b1e1cfb01cd3
9cd4ed5a0f422c5a6ac49dac0dd07a7a,dbb81d06-330c-5dcd-bb62-b1e1cfb01cd3
08562b858ab12ff8687143ac2b0ce161,dbb81d06-330c-5dcd-bb62-b1e1cfb01cd3
47e46880192364bb5c74b16ddf89bc2e,dbb81d06-330c-5dcd-bb62-b1e1cfb01cd3
b5300c273481fa06cee8cccea53e3968,dbb81d06-330c-5dcd-bb62-b1e1cfb01cd3
2f93ff3663e88f46e69831a672b89add,dbb81d06-330c-5dcd-bb62-b1e1cfb01cd3
c1a9dc0688e96a10afa6d9b8537b255d,dbb81d06-330c-5dcd-bb62-b1e1cfb01cd3
151e4c8df0ef8090ea6da2eea7d92988,dbb81d06-330c-5dcd-bb62-b1e1cfb01cd3
fadd5dd2ff275e4d06c86fa7c247ac84,dbb81d06-330c-5dcd-bb62-b1e1cfb01cd3
69b9ddfc20c6644651fc50450ee418cf,dbb81d06-330c-5dcd-bb62-b1e1cfb01cd3
f653c0aa319738bdee216921b8b9570e,dbb81d06-330c-5dcd-bb62-b1e1cfb01cd3
047bba1f98d1f51258d89680c617ffae,dbb81d06-330c-5dcd-bb62-b1e1cfb01cd3
de2b41c9f42e7ec86f335282f804d87d,dbb81d06-330c-5dcd-bb62-b1e1cfb01cd3
a6116f3e56712095ef42c7c533b552c8,dbb81d06-330c-5dcd-bb62-b1e1cfb01cd3
ef5f5e10a62ca622aa8d1e09a2e1a5d8,dbb81d06-330c-5dcd-bb62-b1e1cfb01cd3
9d9f9dc8b373b0e0612d54253f32bf82,dbb81d06-330c-5dcd-bb62-b1e1cfb01cd3
e3bcb19cc6d7adf6857b9aeb4883e72a,dbb81d06-330c-5dcd-bb62-b1e1cfb01cd3
5621dba0033ce19d34136f0772c341cb,dbb81d06-330c-5dcd-bb62-b1e1cfb01cd3
a8f6d5f26f3803aee603a51326a9a01e,dbb81d06-330c-5dcd-bb62-b1e1cfb01cd3
32b1f7c9f28c21369f6c6ab8bdc5f6ee,dbb81d06-330c-5dcd-bb62-b1e1cfb01cd3
6530253db0e1de5117cee80918ec3c12,dbb81d06-330c-5dcd-bb62-b1e1cfb01cd3
450d0c6cab3b34d02bc621395510a76a,dbb81d06-330c-5dcd-bb62-b1e1cfb01cd3
e1589c3b2263042dd08f17b49cc4d3e8,dbb81d06-330c-5dcd-bb62-b1e1cfb01cd3
0af2353a2c6df9be568c03b90c1fc05b,dbb81d06-330c-5dcd-bb62-b1e1cfb01cd3
af95ab54f9523e264b11c4e931d72ea2,dbb81d06-330c-5dcd-bb62-b1e1cfb01cd3
b619f04f4c496b69594def1110ef3481,dbb81d06-330c-5dcd-bb62-b1e1cfb01cd3
3251ed5ce0908d91524fc462b869b63c,dbb81d06-330c-5dcd-bb62-b1e1cfb01cd3
97a21de9b6dbff5660ed2a84242f0ac3,dbb81d06-330c-5dcd-bb62-b1e1cfb01cd3
82196caa75f4cf48b6c5d0d4c26e46ea,dbb81d06-330c-5dcd-bb62-b1e1cfb01cd3
43dfa22894b0716a2e5f999ac7a3a5d0,dbb81d06-330c-5dcd-bb62-b1e1cfb01cd3
d938ac2cdaeae624af1b8f2efb5b76f7,dbb81d06-330c-5dcd-bb62-b1e1cfb01cd3
56904c185f06a9324842706b26ea8a07,dbb81d06-330c-5dcd-bb62-b1e1cfb01cd3
d714ec76d75acdf3ecf1651f90deec52,dbb81d06-330c-5dcd-bb62-b1e1cfb01cd3
d2d38fb795aeb593e02723fb48e22e53,dbb81d06-330c-5dcd-bb62-b1e1cfb01cd3
ced520c89cece36df2bac965e212e18b,dbb81d06-330c-5dcd-bb62-b1e1cfb01cd3
725e177223b871f1a523ae2f4d51bcad,dbb81d06-330c-5dcd-bb62-b1e1cfb01cd3
ab271e3743f933c766ad062a9cf65162,dbb81d06-330c-5dcd-bb62-b1e1cfb01cd3
2d77c75f8de4f8fd440831dca0ce53c3,dbb81d06-330c-5dcd-bb62-b1e1cfb01cd3
605fdf564d64fd31000bab3ac3143b89,dbb81d06-330c-5dcd-bb62-b1e1cfb01cd3
52d39ee7097f61dd4e4271876f1f38ba,dbb81d06-330c-5dcd-bb62-b1e1cfb01cd3
bca685c427b00b132d561f09cb8aa9fb,dbb81d06-330c-5dcd-bb62-b1e1cfb01cd3
cc1b08fa96f1eb77306040c2b0378752,dbb81d06-330c-5dcd-bb62-b1e1cfb01cd3
bc9695756228428857c550e052188c0d,dbb81d06-330c-5dcd-bb62-b1e1cfb01cd3
434ddcb3cb30363c5dab7a4cc0f862b8,dbb81d06-330c-5dcd-bb62-b1e1cfb01cd3
cf78cb3d598e07ced3a1e926791266ba,dbb81d06-330c-5dcd-bb62-b1e1cfb01cd3
35550dbef56d5e680e98b4cb60c2d31b,dbb81d06-330c-5dcd-bb62-b1e1cfb01cd3
56eada13a1282bc215ad380ed60c2012,dbb81d06-330c-5dcd-bb62-b1e1cfb01cd3
b3a1dcd276dbc903a8f1a7d8fdcec506,dbb81d06-330c-5dcd-bb62-b1e1cfb01cd3
923196de1fbee9d746b5ad01cb2cba99,dbb81d06-330c-5dcd-bb62-b1e1cfb01cd3
8e70351b99d2160ab02e7efec2ac0429,dbb81d06-330c-5dcd-bb62-b1e1cfb01cd3
d7dfc66a428c5cdcbc91a1b25e4c2ea3,dbb81d06-330c-5dcd-bb62-b1e1cfb01cd3
a28affad75bf03df0faef6c1c1757eaf,dbb81d06-330c-5dcd-bb62-b1e1cfb01cd3
4941c2ae69be1319f15d52c0a01f896f,dbb81d06-330c-5dcd-bb62-b1e1cfb01cd3
c13f2b9692f7eb272f8093591a7df61d,dbb81d06-330c-5dcd-bb62-b1e1cfb01cd3
6f8a8c5fd9d3a829e12e591a913ddf63,dbb81d06-330c-5dcd-bb62-b1e1cfb01cd3
533a967c9e7f1442e859fc9099613ac4,dbb81d06-330c-5dcd-bb62-b1e1cfb01cd3
637ce8040f872348bbd1a9e2f2bdbb88,dbb81d06-330c-5dcd-bb62-b1e1cfb01cd3
538ba9741decd3c3e956ba8eecc365cc,dbb81d06-330c-5dcd-bb62-b1e1cfb01cd3
d79513b0486ed6a50c239f8780b38d5c,dbb81d06-330c-5dcd-bb62-b1e1cfb01cd3
5e94a9fc113994e6eb73f8fcb57d669e,dbb81d06-330c-5dcd-bb62-b1e1cfb01cd3
180c0d56e7b2e40656671847a847e3ba,dbb81d06-330c-5dcd-bb62-b1e1cfb01cd3
500cf47d174fa248ceaf1ec33c35cdc0,dbb81d06-330c-5dcd-bb62-b1e1cfb01cd3
0b72ca4981fde5d71b46264e8cf9d4f4,dbb81d06-330c-5dcd-bb62-b1e1cfb01cd3
50dd1cf60910c1d9b904ecd0b03957f1,dbb81d06-330c-5dcd-bb62-b1e1cfb01cd3
e146042c024d6e6ba2b3a148eaf82f7a,dbb81d06-330c-5dcd-bb62-b1e1cfb01cd3
2835eddef54c6ff9482bee02ad109e25,dbb81d06-330c-5dcd-bb62-b1e1cfb01cd3
e0eb63b26351ee6cdd0836308b2e1416,dbb81d06-330c-5dcd-bb62-b1e1cfb01cd3
f88ae60a3555109d90318599cc654771,dbb81d06-330c-5dcd-bb62-b1e1cfb01cd3
92fc69fab66427326b60ba7dbb8befc2,dbb81d06-330c-5dcd-bb62-b1e1cfb01cd3
42e463f85a4929b430400cd673431257,dbb81d06-330c-5dcd-bb62-b1e1cfb01cd3
8d9da599cf0dccddc441f35c74eb4082,dbb81d06-330c-5dcd-bb62-b1e1cfb01cd3
c3078c2a4942ff017f0864c87ed11cea,dbb81d06-330c-5dcd-bb62-b1e1cfb01cd3
602f60d1c5630679cf4d8f1b618ab060,dbb81d06-330c-5dcd-bb62-b1e1cfb01cd3
81bb89327b2a70c042e352178352caab,dbb81d06-330c-5dcd-bb62-b1e1cfb01cd3
f186b011b4ff7e80623c63276d3dda48,dbb81d06-330c-5dcd-bb62-b1e1cfb01cd3
80c45a4492274a6ab3f6446c36137197,dbb81d06-330c-5dcd-bb62-b1e1cfb01cd3
1352c963b7558f030309e125b96ee86c,dbb81d06-330c-5dcd-bb62-b1e1cfb01cd3
9688d52e7006fe99576c5bb278b16bad,dbb81d06-330c-5dcd-bb62-b1e1cfb01cd3
765a6114e0dfd77bf00b0514a46b86f9,dbb81d06-330c-5dcd-bb62-b1e1cfb01cd3
bf2d0a7abacd53e18417680b888c7152,dbb81d06-330c-5dcd-bb62-b1e1cfb01cd3
37dcbc00e4f08840579370feb39e5607,dbb81d06-330c-5dcd-bb62-b1e1cfb01cd3
7e557e3ad416ed156c3b9e470a0e302e,dbb81d06-330c-5dcd-bb62-b1e1cfb01cd3
e8dff5de45a904056fed04d2ca4f8cba,dbb81d06-330c-5dcd-bb62-b1e1cfb01cd3
aaca087aef07ed7a51e2ccb13669a899,dbb81d06-330c-5dcd-bb62-b1e1cfb01cd3
8ca05ced02c7b8afc6b7b71957b02377,dbb81d06-330c-5dcd-bb62-b1e1cfb01cd3
80f28e0f395e114b00878fd60751051a,dbb81d06-330c-5dcd-bb62-b1e1cfb01cd3
23c9a9a3efd62d39c223e8347a0ac08b,dbb81d06-330c-5dcd-bb62-b1e1cfb01cd3
43156f71a737c0d983af76562e55eb0a,dbb81d06-330c-5dcd-bb62-b1e1cfb01cd3
4896e7f3c9656f7f79cfd30ee4bf6815,dbb81d06-330c-5dcd-bb62-b1e1cfb01cd3
f35f01c4d5f6054fa1068dc7268428b5,dbb81d06-330c-5dcd-bb62-b1e1cfb01cd3
e576cea8594f4131b22b9879adeca47f,dbb81d06-330c-5dcd-bb62-b1e1cfb01cd3
1abc6fac1a403df812ebbf6ac0751d65,dbb81d06-330c-5dcd-bb62-b1e1cfb01cd3
87c82edd90eb96033dca51106614af6c,dbb81d06-330c-5dcd-bb62-b1e1cfb01cd3
685f50b03a31f928ae0f8a42edf9a228,dbb81d06-330c-5dcd-bb62-b1e1cfb01cd3
dd187a9dbaab8fe0dc68879d13b669e9,dbb81d06-330c-5dcd-bb62-b1e1cfb01cd3
04c32fea6e5f6825b7182cf7d1c60260,dbb81d06-330c-5dcd-bb62-b1e1cfb01cd3
d83921dd4a2e8cc4d289f8c8ade28f54,dbb81d06-330c-5dcd-bb62-b1e1cfb01cd3
8702d4faf4e0152bdf8f3d21bc23dad6,dbb81d06-330c-5dcd-bb62-b1e1cfb01cd3
fd6a7854d98065a021f8d69b4253070e,dbb81d06-330c-5dcd-bb62-b1e1cfb01cd3
133a073af588fed11b9c68c399fa17c5,dbb81d06-330c-5dcd-bb62-b1e1cfb01cd3
bcc141c41cf49e284552d0fe197e6d57,dbb81d06-330c-5dcd-bb62-b1e1cfb01cd3
c7d6691bf13fe858612b202932ff9655,dbb81d06-330c-5dcd-bb62-b1e1cfb01cd3
d035994ad9988db88c21303f2c83de41,dbb81d06-330c-5dcd-bb62-b1e1cfb01cd3
e77a1479fc58c885101635cf6eca3d56,dbb81d06-330c-5dcd-bb62-b1e1cfb01cd3
3587f0c0c064376ad58335940229a088,dbb81d06-330c-5dcd-bb62-b1e1cfb01cd3
e1d4484fe718d2cef2cf8bf15685377b,dbb81d06-330c-5dcd-bb62-b1e1cfb01cd3
57cbc7781592e7c62ce8e9d61b651ea9,dbb81d06-330c-5dcd-bb62-b1e1cfb01cd3
5d025fe7a4bbdf38bf3fedf84560e592,dbb81d06-330c-5dcd-bb62-b1e1cfb01cd3
579861f6a0f06b8b708b1ac6269456f0,dbb81d06-330c-5dcd-bb62-b1e1cfb01cd3
2978e051a2f607a7a2631e2ce01b78f3,dbb81d06-330c-5dcd-bb62-b1e1cfb01cd3
e628913ce0a1fc8ef57149087d3258ed,dbb81d06-330c-5dcd-bb62-b1e1cfb01cd3
dda9291b1c0b76f3be2f50f84fb5ea90,dbb81d06-330c-5dcd-bb62-b1e1cfb01cd3
59873ff361ab73140c267cdd7dfffd16,dbb81d06-330c-5dcd-bb62-b1e1cfb01cd3
29819960a24411402140a08c46a0d717,dbb81d06-330c-5dcd-bb62-b1e1cfb01cd3
173728ecec2dae24cb90ed10687b9384,dbb81d06-330c-5dcd-bb62-b1e1cfb01cd3
3815912ca478469ce1bacd9e077738d7,dbb81d06-330c-5dcd-bb62-b1e1cfb01cd3
38aa2edf897a4ef7bf51a3876993244e,dbb81d06-330c-5dcd-bb62-b1e1cfb01cd3
4f68d4c9670165625f717da648f33bd1,dbb81d06-330c-5dcd-bb62-b1e1cfb01cd3
0ad0d4cf0667110fac3547da0f552b35,dbb81d06-330c-5dcd-bb62-b1e1cfb01cd3
c61744d91326a4b581e3608f023e8b59,dbb81d06-330c-5dcd-bb62-b1e1cfb01cd3
5a8f6e56848dbe7bf5f78d6ae6df4d7e,dbb81d06-330c-5dcd-bb62-b1e1cfb01cd3
c9fa9799ea0a2568d218d7f0fec097c4,dbb81d06-330c-5dcd-bb62-b1e1cfb01cd3
57b35979a024ff3623fd11baf98be4df,dbb81d06-330c-5dcd-bb62-b1e1cfb01cd3
a4d4c694264dc22c2e8d693a0123470c,dbb81d06-330c-5dcd-bb62-b1e1cfb01cd3
db344494f2a2919104dc94393a1d3b2f,dbb81d06-330c-5dcd-bb62-b1e1cfb01cd3
421c317528a255fe1bd7df58c4bf9199,dbb81d06-330c-5dcd-bb62-b1e1cfb01cd3
86ff3f0a811d91879c3b48289f31b361,dbb81d06-330c-5dcd-bb62-b1e1cfb01cd3
8654df67bbf9b2265307a874d0b27ad4,dbb81d06-330c-5dcd-bb62-b1e1cfb01cd3
be03ee7f43ac5c5e410ec738f8eac32a,dbb81d06-330c-5dcd-bb62-b1e1cfb01cd3
9343320df5ca676d2ec25f7cf5558502,dbb81d06-330c-5dcd-bb62-b1e1cfb01cd3
aa5095dde4f0cbc7da7e52e771b93f8c,dbb81d06-330c-5dcd-bb62-b1e1cfb01cd3
366d15d1229db91a062865f5b1175c05,dbb81d06-330c-5dcd-bb62-b1e1cfb01cd3
84bd3e0300c993fd977be25536dd23c4,dbb81d06-330c-5dcd-bb62-b1e1cfb01cd3
2516fa6cc9b424a4d1af10c4f0473d02,dbb81d06-330c-5dcd-bb62-b1e1cfb01cd3
586ed5ac3e2575d0f046fb9a339d5760,dbb81d06-330c-5dcd-bb62-b1e1cfb01cd3
49f12ffb3ad6475643d9eb0c0b1059a1,dbb81d06-330c-5dcd-bb62-b1e1cfb01cd3
932bbb2f485c0d9b983fb3e33b865684,dbb81d06-330c-5dcd-bb62-b1e1cfb01cd3
c7f5d2af109a5512f7d9687dbb517e74,dbb81d06-330c-5dcd-bb62-b1e1cfb01cd3
5c5d1241993ad7a1e2ce9d898a0fce5d,dbb81d06-330c-5dcd-bb62-b1e1cfb01cd3
6479c3deed5b1c8ae526399a48962711,dbb81d06-330c-5dcd-bb62-b1e1cfb01cd3
ad167d3db2ff804a556a698242c1da54,dbb81d06-330c-5dcd-bb62-b1e1cfb01cd3
6bcc2674407bd88cccf82b5faccced15,dbb81d06-330c-5dcd-bb62-b1e1cfb01cd3
c63db0e9e687313682b8dcc93248574e,dbb81d06-330c-5dcd-bb62-b1e1cfb01cd3
7aba16791467e6e226a0ef0997312968,dbb81d06-330c-5dcd-bb62-b1e1cfb01cd3
26130617e0960bbad0c56c552fccf147,dbb81d06-330c-5dcd-bb62-b1e1cfb01cd3
7324eb7c38d0f7f1b6c47343c7364a28,dbb81d06-330c-5dcd-bb62-b1e1cfb01cd3
3d48dc6c5068424534620662c5fe3d5a,dbb81d06-330c-5dcd-bb62-b1e1cfb01cd3
4e784ba30f80f5c3d3c45adb94d5fa2b,dbb81d06-330c-5dcd-bb62-b1e1cfb01cd3
00850f9310f9e217114ceeaf9ca62d1a,dbb81d06-330c-5dcd-bb62-b1e1cfb01cd3
62b6aa492cd00986f1bd0d7c64d3d090,dbb81d06-330c-5dcd-bb62-b1e1cfb01cd3
0f4bc1b5cf6c253973952868125c418e,dbb81d06-330c-5dcd-bb62-b1e1cfb01cd3
6b92edf02d3fffa12df5007df32b2ded,dbb81d06-330c-5dcd-bb62-b1e1cfb01cd3
031f301bf371516e9fa81f1a402629a8,dbb81d06-330c-5dcd-bb62-b1e1cfb01cd3
484d77f29440b189e66e80d1788e5b26,dbb81d06-330c-5dcd-bb62-b1e1cfb01cd3
6a3f28cd340d0db1c1ba6175e0d5b32f,dbb81d06-330c-5dcd-bb62-b1e1cfb01cd3
002724c4565b0b81b70233f0ebc4fb65,dbb81d06-330c-5dcd-bb62-b1e1cfb01cd3
b098b8b9cba6882aa9e101bbad921801,dbb81d06-330c-5dcd-bb62-b1e1cfb01cd3
0a1b7b663d09103de75ac7251b166049,dbb81d06-330c-5dcd-bb62-b1e1cfb01cd3
6730c702ad9d7aae5c18031871942d07,dbb81d06-330c-5dcd-bb62-b1e1cfb01cd3
af70b8d912c11bb792f029c827b9971e,dbb81d06-330c-5dcd-bb62-b1e1cfb01cd3
d71cbeb7cb0720e4358099e03460c7e5,dbb81d06-330c-5dcd-bb62-b1e1cfb01cd3
1e0e3cc337243cf14279e6d63776c92f,dbb81d06-330c-5dcd-bb62-b1e1cfb01cd3
76c213cf2a299bba462234ef0f277c47,dbb81d06-330c-5dcd-bb62-b1e1cfb01cd3
7d29964468589e0e16ad2996c364ad67,dbb81d06-330c-5dcd-bb62-b1e1cfb01cd3
6f6d4283738125fffb6751f3425cab77,dbb81d06-330c-5dcd-bb62-b1e1cfb01cd3
17a09e78d7b021761c6ecf7af1a94e7a,dbb81d06-330c-5dcd-bb62-b1e1cfb01cd3
76f76fe830c509a483c1b7cd25763448,dbb81d06-330c-5dcd-bb62-b1e1cfb01cd3
a39d8fc81b51df530400a216c7974b94,dbb81d06-330c-5dcd-bb62-b1e1cfb01cd3
524250f826562a340d46ba6372f29291,dbb81d06-330c-5dcd-bb62-b1e1cfb01cd3
3fe2aaa9d4d0d1204ddc1e5946473704,dbb81d06-330c-5dcd-bb62-b1e1cfb01cd3
3400eaca9da3ef3cd96a45937147c90d,dbb81d06-330c-5dcd-bb62-b1e1cfb01cd3
f6375b328b53e9b8b89e65189249a43f,dbb81d06-330c-5dcd-bb62-b1e1cfb01cd3
36949fbdfac7325ee61ca4afb8731dd9,dbb81d06-330c-5dcd-bb62-b1e1cfb01cd3
725d0590cabf6587084e6ec1eb405592,dbb81d06-330c-5dcd-bb62-b1e1cfb01cd3
338e994caa36bf64794bc75792229bc9,dbb81d06-330c-5dcd-bb62-b1e1cfb01cd3
ece76796668e36050d72db978d54b3c1,dbb81d06-330c-5dcd-bb62-b1e1cfb01cd3
0f9c1760932c431b53bcfd4535a9f93e,dbb81d06-330c-5dcd-bb62-b1e1cfb01cd3
002ae7b029688807382412b7dd25e827,dbb81d06-330c-5dcd-bb62-b1e1cfb01cd3
751225ff5f1e4c0b7549032ac2b0e3c8,dbb81d06-330c-5dcd-bb62-b1e1cfb01cd3
71d3888928827962374774ad98adaf00,dbb81d06-330c-5dcd-bb62-b1e1cfb01cd3
8c9a60671a4ae82ea590ac3921c1d4d4,dbb81d06-330c-5dcd-bb62-b1e1cfb01cd3
88e96a1a0d3469a2ea092e4752d72fff,dbb81d06-330c-5dcd-bb62-b1e1cfb01cd3
5b42c90b691ca2052e96b070a1077457,dbb81d06-330c-5dcd-bb62-b1e1cfb01cd3
b39de411527496647b20bae18589b41e,dbb81d06-330c-5dcd-bb62-b1e1cfb01cd3
07bca863323ad6e25f57c040758a3166,dbb81d06-330c-5dcd-bb62-b1e1cfb01cd3
e3dd550da56f21e8888e1c19d78b5284,dbb81d06-330c-5dcd-bb62-b1e1cfb01cd3
3daf7e36340410feb8be1eac4445cd96,dbb81d06-330c-5dcd-bb62-b1e1cfb01cd3
9b2ca953f91743ab9912a57c88c48846,dbb81d06-330c-5dcd-bb62-b1e1cfb01cd3
4096edb079bfce69a51462041c37eda4,dbb81d06-330c-5dcd-bb62-b1e1cfb01cd3
b3512c9ee87c1ddad8b038fb2900df53,dbb81d06-330c-5dcd-bb62-b1e1cfb01cd3
6efd81b5465c81336cad144e6c43b05a,dbb81d06-330c-5dcd-bb62-b1e1cfb01cd3
ac2d3a079f8cde7d2be4e4c578bb1d05,dbb81d06-330c-5dcd-bb62-b1e1cfb01cd3
dae8539bca971adafe99cf7d760e3f37,dbb81d06-330c-5dcd-bb62-b1e1cfb01cd3
d9760968f2a79c08517e3f965267ad2d,dbb81d06-330c-5dcd-bb62-b1e1cfb01cd3
21af4f73ac1c418b013062bb76e96775,dbb81d06-330c-5dcd-bb62-b1e1cfb01cd3
2c72d6f8cd017ca047ab46e86ae89d65,dbb81d06-330c-5dcd-bb62-b1e1cfb01cd3
6c7a5d93df1e9b5c1c2dc60a4080b542,dbb81d06-330c-5dcd-bb62-b1e1cfb01cd3
f48bdce14f396455b01d48a0a10978c5,dbb81d06-330c-5dcd-bb62-b1e1cfb01cd3
dd4d85b1a40a7071d7ee6a3868881081,dbb81d06-330c-5dcd-bb62-b1e1cfb01cd3
56f7f9fb9e6ee36b715e7c5878d5f045,dbb81d06-330c-5dcd-bb62-b1e1cfb01cd3
e24e2a95e5a780156d809e55659ad703,dbb81d06-330c-5dcd-bb62-b1e1cfb01cd3
606964afa7435436e7dd4a862dde022a,dbb81d06-330c-5dcd-bb62-b1e1cfb01cd3
810ebd2c3e5119201cef8427a3741076,dbb81d06-330c-5dcd-bb62-b1e1cfb01cd3
8b6eb8f2b7c2458f09ed56c25aa6658e,dbb81d06-330c-5dcd-bb62-b1e1cfb01cd3
1315477858f6c0d7598d3f4b195f2718,dbb81d06-330c-5dcd-bb62-b1e1cfb01cd3
050212bd0bd867890ff9919616488375,dbb81d06-330c-5dcd-bb62-b1e1cfb01cd3
f8c9a5ae79f5857bbc69281cd87f2d65,dbb81d06-330c-5dcd-bb62-b1e1cfb01cd3
5f1440a2ec78f5089d7204022d2ba653,dbb81d06-330c-5dcd-bb62-b1e1cfb01cd3
aada00ab7ae5a9fd66d694e572efe73b,dbb81d06-330c-5dcd-bb62-b1e1cfb01cd3
593cc06bf3322b9ba45aa362688b74d7,dbb81d06-330c-5dcd-bb62-b1e1cfb01cd3
9d8f0e61149602f4a5c8c3f19666f2cb,dbb81d06-330c-5dcd-bb62-b1e1cfb01cd3
9ccdb888c749dd745263112464abe65c,dbb81d06-330c-5dcd-bb62-b1e1cfb01cd3
055975afed76c812169dc0de5d71eb86,dbb81d06-330c-5dcd-bb62-b1e1cfb01cd3
5d6a59634809d75cb90a8bfb128e6fdd,dbb81d06-330c-5dcd-bb62-b1e1cfb01cd3
a3450813a16f15a84bc2303fd4f7075b,dbb81d06-330c-5dcd-bb62-b1e1cfb01cd3
7523d58d3599fab93d151dbdedbef307,dbb81d06-330c-5dcd-bb62-b1e1cfb01cd3
ddb615294504698e41938237fa4040a3,dbb81d06-330c-5dcd-bb62-b1e1cfb01cd3
69055819a04a5d269de07053b1858cdc,dbb81d06-330c-5dcd-bb62-b1e1cfb01cd3
901fce9103ee876ba51bb5e96a7f49b7,dbb81d06-330c-5dcd-bb62-b1e1cfb01cd3
b47e9c69b0f0ea622c5536a198d71575,dbb81d06-330c-5dcd-bb62-b1e1cfb01cd3
f35f457e4e20318840836653b404c284,dbb81d06-330c-5dcd-bb62-b1e1cfb01cd3
9f2fc4a05ea78eb58fdbdacd7fa5d839,dbb81d06-330c-5dcd-bb62-b1e1cfb01cd3
20bb36c21a2b8829e9b15b0650c9d163,dbb81d06-330c-5dcd-bb62-b1e1cfb01cd3
8f9e01bdb83d4446e7d19c9ded6b651b,dbb81d06-330c-5dcd-bb62-b1e1cfb01cd3
35cd3f5e9a1e893bd2331d34c8c2974c,dbb81d06-330c-5dcd-bb62-b1e1cfb01cd3
590d9e935d2e6514f3c5d41013457667,dbb81d06-330c-5dcd-bb62-b1e1cfb01cd3
d8e46979c9d46dc1c9b8095e06619892,dbb81d06-330c-5dcd-bb62-b1e1cfb01cd3
58a23e1930a881f8f6a1517c24b02919,dbb81d06-330c-5dcd-bb62-b1e1cfb01cd3
f17ec960b850e346651f1613607262ad,ae853dca-ff6f-59a7-8cbc-b9b9485ec67d
7fd8b1e385c8c1e0373a6d1b12c24961,ae853dca-ff6f-59a7-8cbc-b9b9485ec67d
85b9f1e804afebfcd3ab044b5eb47d43,ae853dca-ff6f-59a7-8cbc-b9b9485ec67d
4bc9dafa7110c4c7231d02bbb8c9be9b,ae853dca-ff6f-59a7-8cbc-b9b9485ec67d
06460f33ef8c1a3b484d7cfb62efa272,ae853dca-ff6f-59a7-8cbc-b9b9485ec67d
8bad082c3c21e8f8fc00b6b910dbb711,ae853dca-ff6f-59a7-8cbc-b9b9485ec67d
5e5487c242827ebfa591b17d5cc744f4,ae853dca-ff6f-59a7-8cbc-b9b9485ec67d
dc7a735ddd05a700fd9b47805a3288c4,ae853dca-ff6f-59a7-8cbc-b9b9485ec67d
1ff5891b60f0c4e8eb13a4291b42dcb7,ae853dca-ff6f-59a7-8cbc-b9b9485ec67d
5fcfd1e63b331640c00de8eb27488ef1,ae853dca-ff6f-59a7-8cbc-b9b9485ec67d
0ba415210bc7807d7cef0eaba286126e,ae853dca-ff6f-59a7-8cbc-b9b9485ec67d
3e80c6a1ac6901901a6cb1a78c923733,ae853dca-ff6f-59a7-8cbc-b9b9485ec67d
1baf545c0fd25b4b317d89ec5dbe35ff,ae853dca-ff6f-59a7-8cbc-b9b9485ec67d
b8459717288dc93ebab88385b70a552d,ae853dca-ff6f-59a7-8cbc-b9b9485ec67d
6087b6929c470060ddd320cbe66be224,ae853dca-ff6f-59a7-8cbc-b9b9485ec67d
041fe1a577ddecc2be63c6ff9a1bea68,ae853dca-ff6f-59a7-8cbc-b9b9485ec67d
f25b4bafe87817d4dd39e9ee7a6acf22,ae853dca-ff6f-59a7-8cbc-b9b9485ec67d
90cdd6d1da4b1561b60cae6d04b079c2,ae853dca-ff6f-59a7-8cbc-b9b9485ec67d
abd957d2d9477fd26c1fe7b6b4e96477,ae853dca-ff6f-59a7-8cbc-b9b9485ec67d
530f85fd23164aaffe89a17c3ac07d85,ae853dca-ff6f-59a7-8cbc-b9b9485ec67d
d894c4761e41ea6870a2eb47c18629de,ae853dca-ff6f-59a7-8cbc-b9b9485ec67d
bc2f3a50b00d28c152096d8f31db1c24,ae853dca-ff6f-59a7-8cbc-b9b9485ec67d
adfa4549dda7b40ae62c23c9eda370ae,ae853dca-ff6f-59a7-8cbc-b9b9485ec67d
cf78cb3d598e07ced3a1e926791266ba,ae853dca-ff6f-59a7-8cbc-b9b9485ec67d
35550dbef56d5e680e98b4cb60c2d31b,ae853dca-ff6f-59a7-8cbc-b9b9485ec67d
56eada13a1282bc215ad380ed60c2012,ae853dca-ff6f-59a7-8cbc-b9b9485ec67d
b3a1dcd276dbc903a8f1a7d8fdcec506,ae853dca-ff6f-59a7-8cbc-b9b9485ec67d
bc9695756228428857c550e052188c0d,ae853dca-ff6f-59a7-8cbc-b9b9485ec67d
97a21de9b6dbff5660ed2a84242f0ac3,ae853dca-ff6f-59a7-8cbc-b9b9485ec67d
96d14e45458ed696696b3dfa44c87bfb,ae853dca-ff6f-59a7-8cbc-b9b9485ec67d
3251ed5ce0908d91524fc462b869b63c,ae853dca-ff6f-59a7-8cbc-b9b9485ec67d
0af2353a2c6df9be568c03b90c1fc05b,ae853dca-ff6f-59a7-8cbc-b9b9485ec67d
8e2d23fcb1130e6673cdab3447fd6f91,ae853dca-ff6f-59a7-8cbc-b9b9485ec67d
6ea4c3e37ab5c944817b3d374b789d2d,ae853dca-ff6f-59a7-8cbc-b9b9485ec67d
008df6db3af4359cc722db2f180d4a68,ae853dca-ff6f-59a7-8cbc-b9b9485ec67d
ae5efad0cf7a240cb8448ade204c54b3,ae853dca-ff6f-59a7-8cbc-b9b9485ec67d
9933aa2a0ace355d39b4f9be758608f8,ae853dca-ff6f-59a7-8cbc-b9b9485ec67d
5530871d9c800ddfad5c403697c553a7,ae853dca-ff6f-59a7-8cbc-b9b9485ec67d
2e46b0730ee079b834e2b1ce595a1a2a,ae853dca-ff6f-59a7-8cbc-b9b9485ec67d
cf4fb0fe4de892b1bb574f32f7ec689d,ae853dca-ff6f-59a7-8cbc-b9b9485ec67d
88d6b03d30a4272b81a2dd1cfcdfa9fd,ae853dca-ff6f-59a7-8cbc-b9b9485ec67d
c38787ecbb391d81bc40891541e6c9b9,ae853dca-ff6f-59a7-8cbc-b9b9485ec67d
65c4ed16906b3052e47ae8c38b78def7,ae853dca-ff6f-59a7-8cbc-b9b9485ec67d
c302981547834f18d31a05c43c0615f2,ae853dca-ff6f-59a7-8cbc-b9b9485ec67d
880b595ce3d676e9b75084ac07956716,ae853dca-ff6f-59a7-8cbc-b9b9485ec67d
6d2b6a6e62030afbc77631b3b075c580,ae853dca-ff6f-59a7-8cbc-b9b9485ec67d
57cff2a5a4bdc84c73fe93a1d92c159c,ae853dca-ff6f-59a7-8cbc-b9b9485ec67d
670c03f54352133a7a5c61b07a5fe10c,ae853dca-ff6f-59a7-8cbc-b9b9485ec67d
1d5991f8b5de0dbee1c6d05a8421cd99,ae853dca-ff6f-59a7-8cbc-b9b9485ec67d
fe5f44d26944f125ace89777c1cb1bc9,ae853dca-ff6f-59a7-8cbc-b9b9485ec67d
8db3de9d21bff1b30d8c6920ce922fbd,ae853dca-ff6f-59a7-8cbc-b9b9485ec67d
1d8a7dfb335f0c11459fb276eb8a43de,ae853dca-ff6f-59a7-8cbc-b9b9485ec67d
7328f0a510e9a508b60e5e90c4c1a9b6,ae853dca-ff6f-59a7-8cbc-b9b9485ec67d
d8ecd711bb3a9a980e1185d1169b438a,ae853dca-ff6f-59a7-8cbc-b9b9485ec67d
c6405b67bec0ce5d7165c48f41097e6a,ae853dca-ff6f-59a7-8cbc-b9b9485ec67d
bc7215f3ae16fa6349ff5b73364a95cb,ae853dca-ff6f-59a7-8cbc-b9b9485ec67d
d39fac3a9730c631a5744ec170cfbd09,ae853dca-ff6f-59a7-8cbc-b9b9485ec67d
ef4ec6164c53f8da4c91864950c20323,ae853dca-ff6f-59a7-8cbc-b9b9485ec67d
c7616a8d93084310b4225d92b37ab876,ae853dca-ff6f-59a7-8cbc-b9b9485ec67d
ea2cd16f1d9c6c027ca80fbaecc14810,ae853dca-ff6f-59a7-8cbc-b9b9485ec67d
7d85591fa34f9721186aff1da6b9a3c2,ae853dca-ff6f-59a7-8cbc-b9b9485ec67d
22d1a155fceda50f6e8ff434a5043f30,ae853dca-ff6f-59a7-8cbc-b9b9485ec67d
7dea8a57aa87a8c546d7a627b5dcb959,ae853dca-ff6f-59a7-8cbc-b9b9485ec67d
437e68047b98c084f6a556c8ff7f4ab0,ae853dca-ff6f-59a7-8cbc-b9b9485ec67d
108e076ed16ed09d1a49d7dd9791c521,ae853dca-ff6f-59a7-8cbc-b9b9485ec67d
df109ea71a39a387b40fa985f1259d2d,ae853dca-ff6f-59a7-8cbc-b9b9485ec67d
e378fa1d75bc25e6cc0d1020022e9e0c,ae853dca-ff6f-59a7-8cbc-b9b9485ec67d
aa47259829f1e3d41c66a08ce22a505e,ae853dca-ff6f-59a7-8cbc-b9b9485ec67d
bc6d0a668d907e020397473b1b058513,ae853dca-ff6f-59a7-8cbc-b9b9485ec67d
11400de494818cc7c72e9ebd596854cc,ae853dca-ff6f-59a7-8cbc-b9b9485ec67d
87a09dd7890afd22bf6f1c6501b5a20c,ae853dca-ff6f-59a7-8cbc-b9b9485ec67d
28f60bbf8f76649661a6bf851cfd40c8,ae853dca-ff6f-59a7-8cbc-b9b9485ec67d
8f89344d53f66aa38c085598870dfbf6,ae853dca-ff6f-59a7-8cbc-b9b9485ec67d
26314adb1f93648b2df3aaecca17e4c1,ae853dca-ff6f-59a7-8cbc-b9b9485ec67d
e1bbf2c0dd8dc23769ed940d6f0fb852,ae853dca-ff6f-59a7-8cbc-b9b9485ec67d
c8c7ca9bd76d3da91321b77b159f3902,ae853dca-ff6f-59a7-8cbc-b9b9485ec67d
18b237e4e14a635e3fc7c6ad26255325,ae853dca-ff6f-59a7-8cbc-b9b9485ec67d
38e77659992044808340f9f02cb8ded8,ae853dca-ff6f-59a7-8cbc-b9b9485ec67d
0db4c5bd036289187b16053ce1e07d38,ae853dca-ff6f-59a7-8cbc-b9b9485ec67d
9c1f8fba6141d8c06d54a691595824a8,ae853dca-ff6f-59a7-8cbc-b9b9485ec67d
d22ca87539e1231266e70daefc035f93,ae853dca-ff6f-59a7-8cbc-b9b9485ec67d
1e037efb22d1e048785355bf58bd50ec,ae853dca-ff6f-59a7-8cbc-b9b9485ec67d
3e3a713706fd616283db02d029830368,ae853dca-ff6f-59a7-8cbc-b9b9485ec67d
1b2cafdf5c581e035d90c71a0ca36405,ae853dca-ff6f-59a7-8cbc-b9b9485ec67d
e412950e2e67431286716e8da64403bc,ae853dca-ff6f-59a7-8cbc-b9b9485ec67d
fc24d2b72b81130c9a6351b6bf8a56bb,ae853dca-ff6f-59a7-8cbc-b9b9485ec67d
ad8f0aee252bf7c2e1ea3553f78c87ce,ae853dca-ff6f-59a7-8cbc-b9b9485ec67d
05d5e1a818834ec272884e956984a3a1,ae853dca-ff6f-59a7-8cbc-b9b9485ec67d
799a394285924a2599c20b5899b1abc1,ae853dca-ff6f-59a7-8cbc-b9b9485ec67d
a01d5d2241d0b2f53bbd7a705b1853fd,ae853dca-ff6f-59a7-8cbc-b9b9485ec67d
26662267250d83b7862d483aac348452,ae853dca-ff6f-59a7-8cbc-b9b9485ec67d
49bd44f8c8bcb5d95f68867d5b07dead,ae853dca-ff6f-59a7-8cbc-b9b9485ec67d
5698d4aa29ca8b72eafefa72ef2e870c,ae853dca-ff6f-59a7-8cbc-b9b9485ec67d
2cd000413fd821c2e79c5b9ab2982039,ae853dca-ff6f-59a7-8cbc-b9b9485ec67d
7e1c171e7460150ecc898b6a7fdbea89,ae853dca-ff6f-59a7-8cbc-b9b9485ec67d
0927240a2d19a2c3100e26c41a923e18,ae853dca-ff6f-59a7-8cbc-b9b9485ec67d
a36d6847445c9d8c27356b3d0e20cb80,ae853dca-ff6f-59a7-8cbc-b9b9485ec67d
c7f7eeefeea8bb54a9beaa5295ccd957,ae853dca-ff6f-59a7-8cbc-b9b9485ec67d
40d80769f29e9af6fb125c11e793b23d,ae853dca-ff6f-59a7-8cbc-b9b9485ec67d
7ea3583dc554f5b206124398006c7833,ae853dca-ff6f-59a7-8cbc-b9b9485ec67d
058f4201326f5bfdda8d667ea8bec7a6,ae853dca-ff6f-59a7-8cbc-b9b9485ec67d
d86123c827446a541d8ead42d2e9ed91,ae853dca-ff6f-59a7-8cbc-b9b9485ec67d
475e9e71bb533ea26d72232a9840f4c1,ae853dca-ff6f-59a7-8cbc-b9b9485ec67d
79be7252f7fcf51b92fed0a96b12f676,ae853dca-ff6f-59a7-8cbc-b9b9485ec67d
6438fbc8985893ef3fc1eb3ddf384f43,ae853dca-ff6f-59a7-8cbc-b9b9485ec67d
f26892daf08473cb22bc647609d82ee3,ae853dca-ff6f-59a7-8cbc-b9b9485ec67d
8413d5dd84fe748d35842bdea5676b56,ae853dca-ff6f-59a7-8cbc-b9b9485ec67d
9a77cf5ee1343cf7198c95bf2f80f7e4,ae853dca-ff6f-59a7-8cbc-b9b9485ec67d
8ca05ced02c7b8afc6b7b71957b02377,ae853dca-ff6f-59a7-8cbc-b9b9485ec67d
43156f71a737c0d983af76562e55eb0a,ae853dca-ff6f-59a7-8cbc-b9b9485ec67d
1abc6fac1a403df812ebbf6ac0751d65,ae853dca-ff6f-59a7-8cbc-b9b9485ec67d
e8dff5de45a904056fed04d2ca4f8cba,ae853dca-ff6f-59a7-8cbc-b9b9485ec67d
7e557e3ad416ed156c3b9e470a0e302e,ae853dca-ff6f-59a7-8cbc-b9b9485ec67d
37dcbc00e4f08840579370feb39e5607,ae853dca-ff6f-59a7-8cbc-b9b9485ec67d
bf2d0a7abacd53e18417680b888c7152,ae853dca-ff6f-59a7-8cbc-b9b9485ec67d
aaca087aef07ed7a51e2ccb13669a899,ae853dca-ff6f-59a7-8cbc-b9b9485ec67d
38f3f1bd287effbb1e1ea18517576b7f,ae853dca-ff6f-59a7-8cbc-b9b9485ec67d
3503cd74631a5ca51e9fdb66ab45ed0c,ae853dca-ff6f-59a7-8cbc-b9b9485ec67d
03891d48f53e7d5fcd0af4505d9129b2,ae853dca-ff6f-59a7-8cbc-b9b9485ec67d
5bb28385e7633c8c8624f17031f97f83,ae853dca-ff6f-59a7-8cbc-b9b9485ec67d
4ad45e1751f0b54bb02ea3fab86ef547,2eec40de-4993-5332-a6c5-1f96427e9bcc
a05ffefd7694fa389fe56e37e8b36921,2eec40de-4993-5332-a6c5-1f96427e9bcc
5bfb27ce623615c9c082ead5b2cb5524,2eec40de-4993-5332-a6c5-1f96427e9bcc
42e2aaccb8f34106bc326ac41381bef0,2eec40de-4993-5332-a6c5-1f96427e9bcc
dee6aa24241a283cf2c07d161ca84953,2eec40de-4993-5332-a6c5-1f96427e9bcc
7ca61338e2687ed138f952836ba1048b,2eec40de-4993-5332-a6c5-1f96427e9bcc
51e50a9c47db3591186f43b0edad5c02,2eec40de-4993-5332-a6c5-1f96427e9bcc
15324ba9aee717663678a8e0e8b6b152,2eec40de-4993-5332-a6c5-1f96427e9bcc
5658857f4b821badcb3da41b8e5e0820,2eec40de-4993-5332-a6c5-1f96427e9bcc
ecacf3f4d67ed1d4155cc456a1e6b7ff,2eec40de-4993-5332-a6c5-1f96427e9bcc
03179fe52b876bbcb7d6e1f136ef516b,2eec40de-4993-5332-a6c5-1f96427e9bcc
a6b0c6449a15558c2776c8da1d354401,2eec40de-4993-5332-a6c5-1f96427e9bcc
532162b6b104652e3360fa7ee5040ac8,2eec40de-4993-5332-a6c5-1f96427e9bcc
7c24e9438a2193dfad2b6ba5c41e0c97,2eec40de-4993-5332-a6c5-1f96427e9bcc
c2f736fce3bf5e40b58d7e551ea3360a,2eec40de-4993-5332-a6c5-1f96427e9bcc
ade4e6c4c36116014e3a329d857acd85,2eec40de-4993-5332-a6c5-1f96427e9bcc
7317834ef7d9e1418b21ab05e1e8a9d9,2eec40de-4993-5332-a6c5-1f96427e9bcc
f411cb5f29ac1d6d871e9183efe1a47a,2eec40de-4993-5332-a6c5-1f96427e9bcc
f9130c28d3369091a271bc3f5bd23827,2eec40de-4993-5332-a6c5-1f96427e9bcc
f074323f6e51e8418209dc992d2de21f,2eec40de-4993-5332-a6c5-1f96427e9bcc
ea0e8e2271b137661e4f4f94f26a3e62,2eec40de-4993-5332-a6c5-1f96427e9bcc
59ba494deedc9ecd1a0ec980cb9b6bc0,2eec40de-4993-5332-a6c5-1f96427e9bcc
116e916cbcd82036ddebd9d66978f37a,2eec40de-4993-5332-a6c5-1f96427e9bcc
29786d2447c0186114c57931d29b3373,2eec40de-4993-5332-a6c5-1f96427e9bcc
a078c081fcb8563f5803e316e5412590,2eec40de-4993-5332-a6c5-1f96427e9bcc
9def70a204354c8104492eb272fb1240,2eec40de-4993-5332-a6c5-1f96427e9bcc
bd52abc562218dcc06a5a1879ee68737,2eec40de-4993-5332-a6c5-1f96427e9bcc
c96fb0491c284b2c6f532623deef1bc7,2eec40de-4993-5332-a6c5-1f96427e9bcc
6cde19f9364814a3ea256edff6bb4259,2eec40de-4993-5332-a6c5-1f96427e9bcc
a419ff59fa5befb5656ff974dcaaba47,2eec40de-4993-5332-a6c5-1f96427e9bcc
0da11972daffeab54737ee040215d144,2eec40de-4993-5332-a6c5-1f96427e9bcc
dca5f8a05adc3e0476a23af31a69db11,2eec40de-4993-5332-a6c5-1f96427e9bcc
c2e5417495d736adc25cacd31a92ef0e,2eec40de-4993-5332-a6c5-1f96427e9bcc
0071a4aebd7504c0a3528365e990cdbe,2eec40de-4993-5332-a6c5-1f96427e9bcc
686f4fdde7d4a92bd5949b14ee6df6a8,2eec40de-4993-5332-a6c5-1f96427e9bcc
d3df44f763acd5f6a147a4229f4d6850,2eec40de-4993-5332-a6c5-1f96427e9bcc
5b92a8f31fc420f0f5a7a6442d28c5ca,2eec40de-4993-5332-a6c5-1f96427e9bcc
4f1c1b70457499017145a0d8bcd611aa,2eec40de-4993-5332-a6c5-1f96427e9bcc
9dd09952a7c3cefbb06342b20ea78e58,2eec40de-4993-5332-a6c5-1f96427e9bcc
b20230d68d8333d0c170538d7b7ce42e,2eec40de-4993-5332-a6c5-1f96427e9bcc
a2c3d0479d532ce58449d348b4371c54,2eec40de-4993-5332-a6c5-1f96427e9bcc
0cf35ccae138f11a4eed0b50965c6b44,2eec40de-4993-5332-a6c5-1f96427e9bcc
85d4c536559a9b6b1428f15db7fcc566,2eec40de-4993-5332-a6c5-1f96427e9bcc
5c757a18da60353ea40aaf9d3b485b6a,2eec40de-4993-5332-a6c5-1f96427e9bcc
a6e08d09a3c73018d052e9ce14c90512,2eec40de-4993-5332-a6c5-1f96427e9bcc
35e876e7670f4be9bab0a139256de339,2eec40de-4993-5332-a6c5-1f96427e9bcc
b5b59db6c2ba69ff0b7ef94d0c11d271,2eec40de-4993-5332-a6c5-1f96427e9bcc
50dd1cf60910c1d9b904ecd0b03957f1,2eec40de-4993-5332-a6c5-1f96427e9bcc
538ba9741decd3c3e956ba8eecc365cc,2eec40de-4993-5332-a6c5-1f96427e9bcc
d79513b0486ed6a50c239f8780b38d5c,2eec40de-4993-5332-a6c5-1f96427e9bcc
533a967c9e7f1442e859fc9099613ac4,2eec40de-4993-5332-a6c5-1f96427e9bcc
5e94a9fc113994e6eb73f8fcb57d669e,2eec40de-4993-5332-a6c5-1f96427e9bcc
180c0d56e7b2e40656671847a847e3ba,2eec40de-4993-5332-a6c5-1f96427e9bcc
500cf47d174fa248ceaf1ec33c35cdc0,2eec40de-4993-5332-a6c5-1f96427e9bcc
0b72ca4981fde5d71b46264e8cf9d4f4,2eec40de-4993-5332-a6c5-1f96427e9bcc
637ce8040f872348bbd1a9e2f2bdbb88,2eec40de-4993-5332-a6c5-1f96427e9bcc
2f3fa71e3734ff03e9b834c79eb65e39,2eec40de-4993-5332-a6c5-1f96427e9bcc
2e0ba296fe825b13f8cda9cb4e0d183c,2eec40de-4993-5332-a6c5-1f96427e9bcc
1451039b4d9b8ca5094f79b4a704288c,2eec40de-4993-5332-a6c5-1f96427e9bcc
cff67ec635bdaacf428a027771da8549,2eec40de-4993-5332-a6c5-1f96427e9bcc
9ef54d0aa4e4f1e846ab4fd689c2e5d2,2eec40de-4993-5332-a6c5-1f96427e9bcc
6116f08f9df977fae6a39999a545a15e,2eec40de-4993-5332-a6c5-1f96427e9bcc
5e2c375f9562d7931bba91c8841cb79b,2eec40de-4993-5332-a6c5-1f96427e9bcc
92bbaaeeda354f9038e4b0256e3ca19a,2eec40de-4993-5332-a6c5-1f96427e9bcc
bd6dbee11a8e5a95d675dcebbf5ff064,2eec40de-4993-5332-a6c5-1f96427e9bcc
ec9be90bb4aa2afe81647873ae17a8cc,2eec40de-4993-5332-a6c5-1f96427e9bcc
15fd2672a98a887e3ded225fca1f0817,2eec40de-4993-5332-a6c5-1f96427e9bcc
3c05f2fc9039621a7a2dbc8d603228a9,2eec40de-4993-5332-a6c5-1f96427e9bcc
b556dfd4dbfa7ff76f4df8123ba72c53,2eec40de-4993-5332-a6c5-1f96427e9bcc
6851ed18b2c23c54535613c45bf01cc4,2eec40de-4993-5332-a6c5-1f96427e9bcc
5428a7385e55282b7548dcd7ff55d448,2eec40de-4993-5332-a6c5-1f96427e9bcc
a0c72c76e8723e927c6b501a11218900,2eec40de-4993-5332-a6c5-1f96427e9bcc
31afb1279892480d52b5d47d7a7f05be,2eec40de-4993-5332-a6c5-1f96427e9bcc
52e49cb35a21aa09daa91aeb438a76ea,2eec40de-4993-5332-a6c5-1f96427e9bcc
87e7a9983610e4af81cb7eef0035da7a,2eec40de-4993-5332-a6c5-1f96427e9bcc
0c3d9f1fd7315103ff7a8229d5405d45,2eec40de-4993-5332-a6c5-1f96427e9bcc
f069568c133f59dc4b658630cf9a47f8,2eec40de-4993-5332-a6c5-1f96427e9bcc
f9573d0402267019c8951923c5d21480,2eec40de-4993-5332-a6c5-1f96427e9bcc
cb9dbbdbe461fe3c6fb5442656cea461,2eec40de-4993-5332-a6c5-1f96427e9bcc
958fd3f744324a6070e0c311b8a644f7,2eec40de-4993-5332-a6c5-1f96427e9bcc
6660ca0d705b4f34dd892a81c0fa5319,2eec40de-4993-5332-a6c5-1f96427e9bcc
efdc9fafe4a80c66bcd15ce59e4b4dd8,2eec40de-4993-5332-a6c5-1f96427e9bcc
a966990a4fdc1246a84b673746cd4835,b6763fda-0fe0-577b-9138-3cf060dea4ee
32e7c87844d932300405cdf9d850391e,b6763fda-0fe0-577b-9138-3cf060dea4ee
b858b7f84a502480ff9eb58d2b7970c4,b6763fda-0fe0-577b-9138-3cf060dea4ee
5c65d7e1a1332585a16362d5c01cbe49,b6763fda-0fe0-577b-9138-3cf060dea4ee
519255a25fe397100ffa155475395d92,b6763fda-0fe0-577b-9138-3cf060dea4ee
01529fd3fc9ff59decd1cb4e79b71b0d,b6763fda-0fe0-577b-9138-3cf060dea4ee
177b007697cdf8d4b4e9de6e8c1df5aa,b6763fda-0fe0-577b-9138-3cf060dea4ee
ff66c5e38e3a5b85c1d222c767f03b7c,b6763fda-0fe0-577b-9138-3cf060dea4ee
ef5f5e10a62ca622aa8d1e09a2e1a5d8,b6763fda-0fe0-577b-9138-3cf060dea4ee
a6116f3e56712095ef42c7c533b552c8,b6763fda-0fe0-577b-9138-3cf060dea4ee
9d9f9dc8b373b0e0612d54253f32bf82,b6763fda-0fe0-577b-9138-3cf060dea4ee
047bba1f98d1f51258d89680c617ffae,b6763fda-0fe0-577b-9138-3cf060dea4ee
de2b41c9f42e7ec86f335282f804d87d,b6763fda-0fe0-577b-9138-3cf060dea4ee
1f02e03b848597ba33515418e61cf13c,b6763fda-0fe0-577b-9138-3cf060dea4ee
c1208aa90fb0635202e0c5791f4e97e2,b6763fda-0fe0-577b-9138-3cf060dea4ee
5d155f9aa2bbf1bb550e4e09c19977d4,b6763fda-0fe0-577b-9138-3cf060dea4ee
9c6111dfce82db0b6301fe6bd4175fae,b6763fda-0fe0-577b-9138-3cf060dea4ee
a33121d90212c699e1c0b9e6515841e4,b6763fda-0fe0-577b-9138-3cf060dea4ee
043a275162419068e8a24d9f1cae14be,b6763fda-0fe0-577b-9138-3cf060dea4ee
1bd51a67a5e8d55bdeefb688f2e0aab6,b6763fda-0fe0-577b-9138-3cf060dea4ee
05bfd5729487753218f9aad2afa9d1a4,b6763fda-0fe0-577b-9138-3cf060dea4ee
a2b386d55bbe361570fb9791be70c9b9,b6763fda-0fe0-577b-9138-3cf060dea4ee
54c3be60371e48fe28773e19b8f7d32b,b6763fda-0fe0-577b-9138-3cf060dea4ee
534df587c95ab99c2b16d3bfa45c55e1,b6763fda-0fe0-577b-9138-3cf060dea4ee
6868eade164edffa972eeeebf807eb0e,b6763fda-0fe0-577b-9138-3cf060dea4ee
a72ebb56873402c55aa4e1d086c448fa,b6763fda-0fe0-577b-9138-3cf060dea4ee
512016b2ca8f82332fa9a9f2afde8202,b6763fda-0fe0-577b-9138-3cf060dea4ee
5044996aedcf66b372d053d1175ece23,b6763fda-0fe0-577b-9138-3cf060dea4ee
6a4250e1c7817fc7e6a0e3bed2dd54bb,b6763fda-0fe0-577b-9138-3cf060dea4ee
00abfebd8b1b67d9fc7f0c2f035dd980,b6763fda-0fe0-577b-9138-3cf060dea4ee
e949b2ece6cdc389392c12fcd3b72b4a,b6763fda-0fe0-577b-9138-3cf060dea4ee
534e047f50cf25af47fbbd57fa3c8bc4,b6763fda-0fe0-577b-9138-3cf060dea4ee
6aab4e84cd88a6b9002856cd44ac6b78,b6763fda-0fe0-577b-9138-3cf060dea4ee
d8823155350b5d0b53b9b8b67ee45444,b6763fda-0fe0-577b-9138-3cf060dea4ee
12edfa6ea5ba9963d00778bdeb2e3201,b6763fda-0fe0-577b-9138-3cf060dea4ee
c339e2739a84d57faebd40eeb3405b18,b6763fda-0fe0-577b-9138-3cf060dea4ee
831d789f9b03801326d14b24848403d9,b6763fda-0fe0-577b-9138-3cf060dea4ee
f03f998b211eb40546c2f7472f294776,b6763fda-0fe0-577b-9138-3cf060dea4ee
95c04bfe0e095769bfec1e36f590079e,b6763fda-0fe0-577b-9138-3cf060dea4ee
5d6625c557634a6140364d1a35f4ef8f,b6763fda-0fe0-577b-9138-3cf060dea4ee
47216f01cf91b2869b7da75048318d2b,b6763fda-0fe0-577b-9138-3cf060dea4ee
efafd5f2d237b66419a8331ce1d7b4d1,b6763fda-0fe0-577b-9138-3cf060dea4ee
f85589717843466a62e7721e86850ba5,b6763fda-0fe0-577b-9138-3cf060dea4ee
64d6bd426d973c52d0bc40ecfd4def13,b6763fda-0fe0-577b-9138-3cf060dea4ee
0ecedf68418b2cffcb38e547ef4c37fa,b6763fda-0fe0-577b-9138-3cf060dea4ee
52925f9e60687f385c03e3143f006d60,b6763fda-0fe0-577b-9138-3cf060dea4ee
b3c47472dff14b90d2d6a2b745ba2686,b6763fda-0fe0-577b-9138-3cf060dea4ee
71d5161b1401f38bde2df41e80b9a332,b6763fda-0fe0-577b-9138-3cf060dea4ee
3925703e6c114110c570d8dd9ee2cc4e,b6763fda-0fe0-577b-9138-3cf060dea4ee
ee12483f31bc28672c522f9cc3d50c46,b6763fda-0fe0-577b-9138-3cf060dea4ee
8b88928c9d6a70e2b665b981be7e4629,b6763fda-0fe0-577b-9138-3cf060dea4ee
632656cf6a741a11365687c6dec48343,b6763fda-0fe0-577b-9138-3cf060dea4ee
60872508770b64817d1adafa7c1cd7f8,b6763fda-0fe0-577b-9138-3cf060dea4ee
bb2a8a41822815f80fbf0c7bbfa22be9,b6763fda-0fe0-577b-9138-3cf060dea4ee
f1bdddc08e420eb74382751d07fca849,b6763fda-0fe0-577b-9138-3cf060dea4ee
2fccd313b915a15a34d272bcd2909009,b6763fda-0fe0-577b-9138-3cf060dea4ee
ee63d7dd22b8db08ac631cbb718e4de6,b6763fda-0fe0-577b-9138-3cf060dea4ee
b490dcf3366fa588420536e6519bbda1,b6763fda-0fe0-577b-9138-3cf060dea4ee
060a59875342205765b0d3e4a05f2148,b6763fda-0fe0-577b-9138-3cf060dea4ee
25fcb05c2b220434e888d297462e271d,b6763fda-0fe0-577b-9138-3cf060dea4ee
db0643f5c89c6d4be002622e8ed785f9,b6763fda-0fe0-577b-9138-3cf060dea4ee
a7571b145a2184c1608e1feb27db0974,b6763fda-0fe0-577b-9138-3cf060dea4ee
a58567d13b4974be99eb2d74f05ceff2,b6763fda-0fe0-577b-9138-3cf060dea4ee
59368f34827d76b8c54adb8f8fb2eb3e,b6763fda-0fe0-577b-9138-3cf060dea4ee
69b9cf539dd95207f27f627fe8bab421,b6763fda-0fe0-577b-9138-3cf060dea4ee
dde83177018673c014f0280de681067a,b6763fda-0fe0-577b-9138-3cf060dea4ee
0927240a2d19a2c3100e26c41a923e18,b6763fda-0fe0-577b-9138-3cf060dea4ee
7e1c171e7460150ecc898b6a7fdbea89,b6763fda-0fe0-577b-9138-3cf060dea4ee
2cd000413fd821c2e79c5b9ab2982039,b6763fda-0fe0-577b-9138-3cf060dea4ee
5698d4aa29ca8b72eafefa72ef2e870c,b6763fda-0fe0-577b-9138-3cf060dea4ee
49bd44f8c8bcb5d95f68867d5b07dead,b6763fda-0fe0-577b-9138-3cf060dea4ee
26662267250d83b7862d483aac348452,b6763fda-0fe0-577b-9138-3cf060dea4ee
a01d5d2241d0b2f53bbd7a705b1853fd,b6763fda-0fe0-577b-9138-3cf060dea4ee
ad8f0aee252bf7c2e1ea3553f78c87ce,b6763fda-0fe0-577b-9138-3cf060dea4ee
05d5e1a818834ec272884e956984a3a1,b6763fda-0fe0-577b-9138-3cf060dea4ee
fc24d2b72b81130c9a6351b6bf8a56bb,b6763fda-0fe0-577b-9138-3cf060dea4ee
e412950e2e67431286716e8da64403bc,b6763fda-0fe0-577b-9138-3cf060dea4ee
1b2cafdf5c581e035d90c71a0ca36405,b6763fda-0fe0-577b-9138-3cf060dea4ee
3e3a713706fd616283db02d029830368,b6763fda-0fe0-577b-9138-3cf060dea4ee
799a394285924a2599c20b5899b1abc1,b6763fda-0fe0-577b-9138-3cf060dea4ee
6acec6496f1a22275658eadf68171237,b6763fda-0fe0-577b-9138-3cf060dea4ee
9067fe18953f3ca7b773156ab7d32cd1,b6763fda-0fe0-577b-9138-3cf060dea4ee
5877ce0f4ba6bc5a63d08cccb316bb59,b6763fda-0fe0-577b-9138-3cf060dea4ee
21b78b43c0e45c033ae7a35991f4369b,b6763fda-0fe0-577b-9138-3cf060dea4ee
c3a0c54d8f7d86afffaa73b038a7e15a,b6763fda-0fe0-577b-9138-3cf060dea4ee
565f1e735912993d970dfb0ad63a31e0,b6763fda-0fe0-577b-9138-3cf060dea4ee
b48567f4e6e15d29493acc19cbd2e2aa,b6763fda-0fe0-577b-9138-3cf060dea4ee
0cc349a9b67ee78a413c584d7bb9235e,b6763fda-0fe0-577b-9138-3cf060dea4ee
2c1ab0629921a2d8e16c67430752e9d3,b6763fda-0fe0-577b-9138-3cf060dea4ee
d97274996bc6c1a72cb7a2ed04fa031d,b6763fda-0fe0-577b-9138-3cf060dea4ee
e6d389d03623ac95035410ddf7b07ee7,b6763fda-0fe0-577b-9138-3cf060dea4ee
cfee10b5958b51e825120b82fb66fae4,b6763fda-0fe0-577b-9138-3cf060dea4ee
ac3ef352ae55db06d3a8e19c779748b0,b6763fda-0fe0-577b-9138-3cf060dea4ee
268ce91bd1cddf1db65463438a347bdb,b6763fda-0fe0-577b-9138-3cf060dea4ee
121b725755da51ed6f4150c895b32aad,b6763fda-0fe0-577b-9138-3cf060dea4ee
4969bb0d5bac3dba08361b07ff6d581e,b6763fda-0fe0-577b-9138-3cf060dea4ee
56dc43a6731e6861ac2b00bf72174f03,b6763fda-0fe0-577b-9138-3cf060dea4ee
4a47b9e0006fa9962c23725010cb1c87,b6763fda-0fe0-577b-9138-3cf060dea4ee
080a03cf8e9867d32e13d18231554217,b6763fda-0fe0-577b-9138-3cf060dea4ee
377150cdd17429aceb3ed42827bb079a,b6763fda-0fe0-577b-9138-3cf060dea4ee
c1f9f6c89b5f6653fc6e7a3623d86eaa,b6763fda-0fe0-577b-9138-3cf060dea4ee
c5af337a11d70b3ba3a370264f3c2aca,b6763fda-0fe0-577b-9138-3cf060dea4ee
ebb7fdfc9465e6a3168abe59fd0bdcac,b6763fda-0fe0-577b-9138-3cf060dea4ee
48a59a6a43eadca7c8510ba66778d3d3,b6763fda-0fe0-577b-9138-3cf060dea4ee
fd66f8b6c88ace5280778500d0882a2a,b6763fda-0fe0-577b-9138-3cf060dea4ee
a13fb7aff307b355ae57911b69d0d85b,b6763fda-0fe0-577b-9138-3cf060dea4ee
795a5572853aa1f75fee20190330387d,b6763fda-0fe0-577b-9138-3cf060dea4ee
ffb9fdb3bc934b6d2796424da1e7f21c,b6763fda-0fe0-577b-9138-3cf060dea4ee
fc84286225d299d770dfe3b1a913ddc0,b6763fda-0fe0-577b-9138-3cf060dea4ee
a309c47040b00bb75be17b8cf1bfd934,b6763fda-0fe0-577b-9138-3cf060dea4ee
0baafccdae3604d40fba8554d90f583d,b6763fda-0fe0-577b-9138-3cf060dea4ee
171c7e83212036af438b049caa651084,7ad39d13-3977-5a88-8b03-df5fe95d682b
4401785476b41775179134d63a4f2842,7ad39d13-3977-5a88-8b03-df5fe95d682b
41e9d219592f0dfbdef105a23af898a8,7ad39d13-3977-5a88-8b03-df5fe95d682b
d9373188688d450e8480d56a63790b51,7ad39d13-3977-5a88-8b03-df5fe95d682b
eb6e0fbde191bf942b4d0a549bb07aa9,7ad39d13-3977-5a88-8b03-df5fe95d682b
16a7cbf6cfb4523405dd0b4f599d88ac,7ad39d13-3977-5a88-8b03-df5fe95d682b
f130329299cb4839f0a6a4fe90c800f5,7ad39d13-3977-5a88-8b03-df5fe95d682b
730c8323dc47214e8ba93467ae528c9b,7ad39d13-3977-5a88-8b03-df5fe95d682b
cc167ed054e308bbfc8bc70b51896d1f,7ad39d13-3977-5a88-8b03-df5fe95d682b
713536e9f4c1eacc076e987e4b9a94ad,7ad39d13-3977-5a88-8b03-df5fe95d682b
b305ed5d66368aa9bc62e5d6e0bcca7d,7ad39d13-3977-5a88-8b03-df5fe95d682b
b83d65e31f0fdf7ff552a9ec7ae01d9b,7ad39d13-3977-5a88-8b03-df5fe95d682b
febeb3664df880e415316b5a45be8c3d,7ad39d13-3977-5a88-8b03-df5fe95d682b
aeacfb53166bc840ff8e5ea1541071b7,7ad39d13-3977-5a88-8b03-df5fe95d682b
ba735deff1ab350870fa9bf619ee2361,7ad39d13-3977-5a88-8b03-df5fe95d682b
97fd93cf259ab0e0a3995a30485e8348,7ad39d13-3977-5a88-8b03-df5fe95d682b
b833e611aadaf20e65492c194b371497,7ad39d13-3977-5a88-8b03-df5fe95d682b
7c49c3f126ebdd2d28907a9e28235f51,7ad39d13-3977-5a88-8b03-df5fe95d682b
da76b27cf030de8b043b0d5d8aebc489,7ad39d13-3977-5a88-8b03-df5fe95d682b
af895cff178e3b073f4fff3b196cbc39,7ad39d13-3977-5a88-8b03-df5fe95d682b
7aa836f4b610dc9a9be99f1c41190214,7ad39d13-3977-5a88-8b03-df5fe95d682b
662b7249e888ce7a511939c6b1391d84,7ad39d13-3977-5a88-8b03-df5fe95d682b
d76d45ffd68e21a74f422de2c4eb5c69,7ad39d13-3977-5a88-8b03-df5fe95d682b
4801c4cfa8117565be9bca6e3c569026,7ad39d13-3977-5a88-8b03-df5fe95d682b
ccd31b90250253cfc267755018644d6b,7ad39d13-3977-5a88-8b03-df5fe95d682b
991a0d54ec3f712223d30f7787c3ed1e,7ad39d13-3977-5a88-8b03-df5fe95d682b
598fd327a5a40db051e233a41a866269,7ad39d13-3977-5a88-8b03-df5fe95d682b
cd4582a87b241bf68861ddc49261bb5d,7ad39d13-3977-5a88-8b03-df5fe95d682b
73e3e4eefb33a68e9ac6a9f8ab6df30f,7ad39d13-3977-5a88-8b03-df5fe95d682b
52ec1c4eab9b23b5dc4a1bcf6490cbb3,7ad39d13-3977-5a88-8b03-df5fe95d682b
77870c8278dd4f95626035547b728ce0,7ad39d13-3977-5a88-8b03-df5fe95d682b
a36e36194af776fcc4614ab5e58e6833,7ad39d13-3977-5a88-8b03-df5fe95d682b
4ec2f5dcf1b732b16e5eefd9e946f2dc,7ad39d13-3977-5a88-8b03-df5fe95d682b
13e984333cdb70b41f137d31b7d248e8,7ad39d13-3977-5a88-8b03-df5fe95d682b
965f3a45bec1657633c9eab2798e32ad,7ad39d13-3977-5a88-8b03-df5fe95d682b
00228ee0511e9ae6773dccd192b16ba9,7ad39d13-3977-5a88-8b03-df5fe95d682b
ad89fa28bbc9a15a498a919bb4cf843b,7ad39d13-3977-5a88-8b03-df5fe95d682b
4ba5e8f7e7156a14dad9dfd2ce1e6f3e,7ad39d13-3977-5a88-8b03-df5fe95d682b
697f84bc06bd9c6e3c6f8cdad30211e1,7ad39d13-3977-5a88-8b03-df5fe95d682b
9093600cf768b65d63bfc516e934103b,7ad39d13-3977-5a88-8b03-df5fe95d682b
d16e16c604e8785f8cbef76c2190f7d1,7ad39d13-3977-5a88-8b03-df5fe95d682b
9ca4acf627b1d9e9d7b784f9344db874,7ad39d13-3977-5a88-8b03-df5fe95d682b
da6f8c613901a997d70df47eac7bd8db,7ad39d13-3977-5a88-8b03-df5fe95d682b
880db38e34bcfcd371d8202db1c956ee,7ad39d13-3977-5a88-8b03-df5fe95d682b
5178147843bacffa22aa057341354014,7ad39d13-3977-5a88-8b03-df5fe95d682b
d678a0134d15bb007f7aa1032dafa9f0,7ad39d13-3977-5a88-8b03-df5fe95d682b
eaa65b0216c9f908f557096f22f3a1f7,7ad39d13-3977-5a88-8b03-df5fe95d682b
00d77fd05067189f11a6dd9c9e0054da,7ad39d13-3977-5a88-8b03-df5fe95d682b
5e1f173409bdaaba6cad714676839497,7ad39d13-3977-5a88-8b03-df5fe95d682b
2a3dbc7f72e8892a5a73a62212f0462f,7ad39d13-3977-5a88-8b03-df5fe95d682b
f1e6373beefac856c9fe22f2fea303d6,7ad39d13-3977-5a88-8b03-df5fe95d682b
a23f65e3b011a60b2897860e7e09acd1,7ad39d13-3977-5a88-8b03-df5fe95d682b
fbcb6bc0db525ab667238812082b0ac6,7ad39d13-3977-5a88-8b03-df5fe95d682b
97fbf65f09099d31cc348dc1f63eb126,7ad39d13-3977-5a88-8b03-df5fe95d682b
e14995432210e0233b105ab10ba53cdc,7ad39d13-3977-5a88-8b03-df5fe95d682b
97ccb75d621c65849a47a64ba9986554,7ad39d13-3977-5a88-8b03-df5fe95d682b
1f628ed4f89ccad1c29f057988fd0b2e,7ad39d13-3977-5a88-8b03-df5fe95d682b
274c56652c5fb8c27eb3c86887a43beb,7ad39d13-3977-5a88-8b03-df5fe95d682b
0226bda5d83733da8df8fcca90092116,7ad39d13-3977-5a88-8b03-df5fe95d682b
5d47c57ec91ce61a2877e35af06bf0ab,7ad39d13-3977-5a88-8b03-df5fe95d682b
b473136baa72093e0f6c0b77b47d1281,7ad39d13-3977-5a88-8b03-df5fe95d682b
c20af7b40bd08e852ac3ef1e6af88150,7ad39d13-3977-5a88-8b03-df5fe95d682b
8ee02e09ece3b9039c3b4517142a6f8a,7ad39d13-3977-5a88-8b03-df5fe95d682b
caf242d0a0a07cc05b4d1cc71a7756fe,7ad39d13-3977-5a88-8b03-df5fe95d682b
078ab7544c7322d0ee10f4ebbd488181,7ad39d13-3977-5a88-8b03-df5fe95d682b
75690e45521db371dbd15583ff519dae,7ad39d13-3977-5a88-8b03-df5fe95d682b
dd48f2a2316860d6887ba0d083a4d943,7ad39d13-3977-5a88-8b03-df5fe95d682b
0cf65dce5e969958e8935a65c8728e95,7ad39d13-3977-5a88-8b03-df5fe95d682b
246cf270c9e34ff8560bcb86ad95de13,7ad39d13-3977-5a88-8b03-df5fe95d682b
0f2df1e0209518fa58f5e289528f8d47,7ad39d13-3977-5a88-8b03-df5fe95d682b
cb6ef55f94eb9de63c3245c4ae8bcecd,7ad39d13-3977-5a88-8b03-df5fe95d682b
e325540031dc3093b4e821358dfaf687,7ad39d13-3977-5a88-8b03-df5fe95d682b
c3d13b722287c85f4ebda3cea9d7d4cc,7ad39d13-3977-5a88-8b03-df5fe95d682b
90a9650326240fd99dbc82fc2e716b61,7ad39d13-3977-5a88-8b03-df5fe95d682b
0df7258518c360a442a25d96e4cceb0d,7ad39d13-3977-5a88-8b03-df5fe95d682b
832690a063fd3e467a137bb3e6bc1b32,7ad39d13-3977-5a88-8b03-df5fe95d682b
ba66061d87a50d0209bb4b7a5a40cb7d,7ad39d13-3977-5a88-8b03-df5fe95d682b
fbc7ffebe38f735f35f2edbd184cd64a,7ad39d13-3977-5a88-8b03-df5fe95d682b
e643d330229ca42e333abc8d62b87571,7ad39d13-3977-5a88-8b03-df5fe95d682b
105048e2e1922acf36d767ecc4cef170,7ad39d13-3977-5a88-8b03-df5fe95d682b
2bbbcecb27222932696742a390bced4b,7ad39d13-3977-5a88-8b03-df5fe95d682b
8bd5e9d45269a8287f519fc255d11c11,7ad39d13-3977-5a88-8b03-df5fe95d682b
f71478ce6c5880f8855bf3c4d8b9594e,7ad39d13-3977-5a88-8b03-df5fe95d682b
1ff3e3a65307cd3b09cae35b17454ec9,7ad39d13-3977-5a88-8b03-df5fe95d682b
c8006c2f20f28dc0ad17e247b645d1f1,7ad39d13-3977-5a88-8b03-df5fe95d682b
83185c9df52b278da49da7e9b70a0cdc,7ad39d13-3977-5a88-8b03-df5fe95d682b
b77e9e6e69dfb7ca6a94ea64d59d6c65,7ad39d13-3977-5a88-8b03-df5fe95d682b
204c08416528dd25cbd70a4eb99f2ac1,7ad39d13-3977-5a88-8b03-df5fe95d682b
e3e8bae1f01d2bf0ac9e8932a301004e,7ad39d13-3977-5a88-8b03-df5fe95d682b
63e0c9308ad9eab27d2e75c5cc3079b3,7ad39d13-3977-5a88-8b03-df5fe95d682b
3419dede5f6b46ba266f5326b258de96,7ad39d13-3977-5a88-8b03-df5fe95d682b
8f4c4db50ce09a804123a682b9d4873e,7ad39d13-3977-5a88-8b03-df5fe95d682b
01ee92ddd93a62e2bd933551f5692c99,7ad39d13-3977-5a88-8b03-df5fe95d682b
0e2b583a972fcd9b2d8d5be9551dd239,7ad39d13-3977-5a88-8b03-df5fe95d682b
5f697ea2c8aec83d15b28aa068d2353a,7ad39d13-3977-5a88-8b03-df5fe95d682b
ce1cb48ef782f0c0151a8d19e6c84dc4,7ad39d13-3977-5a88-8b03-df5fe95d682b
91b03422e6a9db93a94aaafde2e863c7,7ad39d13-3977-5a88-8b03-df5fe95d682b
9826c32de23b9e5e5c02d36ceb8d47d3,7ad39d13-3977-5a88-8b03-df5fe95d682b
1e1eee2738dbe2599dd871229a633bbb,7ad39d13-3977-5a88-8b03-df5fe95d682b
8bec01d263b321c524eebdde50c323e9,7ad39d13-3977-5a88-8b03-df5fe95d682b
2a673d9b2eddabd3e3a1b40d6edefd8c,7ad39d13-3977-5a88-8b03-df5fe95d682b
7e1cbf256500ad5ff036f98d63c6f6d0,7ad39d13-3977-5a88-8b03-df5fe95d682b
a378875453590cafe5c5d18d9f4508fc,7ad39d13-3977-5a88-8b03-df5fe95d682b
a963472197ac9c3403b8a4b5395f5704,7ad39d13-3977-5a88-8b03-df5fe95d682b
a4f62ddf938fcb7cd80fcd67972b67b4,7ad39d13-3977-5a88-8b03-df5fe95d682b
ed3680f8da4f3fa1763621407b6ae643,7ad39d13-3977-5a88-8b03-df5fe95d682b
b22b0c56783629d2608baa2bb03db523,7ad39d13-3977-5a88-8b03-df5fe95d682b
2f002699023897c9a6522c481b2b1291,7ad39d13-3977-5a88-8b03-df5fe95d682b
44329d1ae0a067134808f62ee8e54c3a,7ad39d13-3977-5a88-8b03-df5fe95d682b
afb27013b7ade1c7d5b36bc089f265bf,7ad39d13-3977-5a88-8b03-df5fe95d682b
173e8739bbcf1356c16f8f6ced6a9f4c,7ad39d13-3977-5a88-8b03-df5fe95d682b
5f611fe8cd11a34de4f3f3b19f69959d,7ad39d13-3977-5a88-8b03-df5fe95d682b
14ecebd5a342a1e9b347883c6ab416f1,7ad39d13-3977-5a88-8b03-df5fe95d682b
6b09195ad33ccd04f9a539b25f3876c9,7ad39d13-3977-5a88-8b03-df5fe95d682b
9bb2cbcb485d3b183960ca1451e7d787,7ad39d13-3977-5a88-8b03-df5fe95d682b
a922cf6cd93ddf61d34df9bafce98225,7ad39d13-3977-5a88-8b03-df5fe95d682b
3f0039fd794c0ca620fdad0ac856f031,7ad39d13-3977-5a88-8b03-df5fe95d682b
23faa7a1e6bd280373f5d0b07a1b88bc,7ad39d13-3977-5a88-8b03-df5fe95d682b
ead320e5de99242481f5593c12d1cac4,7ad39d13-3977-5a88-8b03-df5fe95d682b
6885ff79e4163f3e703a671640dc7e32,7ad39d13-3977-5a88-8b03-df5fe95d682b
1bc5e94680ece4b28b8ce05227c8c946,7ad39d13-3977-5a88-8b03-df5fe95d682b
170b0ba96d42bb923c0d7500396aefdb,7ad39d13-3977-5a88-8b03-df5fe95d682b
3525eed2be6fe75e5994df8a885d8ad5,7ad39d13-3977-5a88-8b03-df5fe95d682b
c1f8b982c9bca8480f3aef7a47a52cf6,7ad39d13-3977-5a88-8b03-df5fe95d682b
68d4890cf77c30f485e45319ef85ca31,7ad39d13-3977-5a88-8b03-df5fe95d682b
94546a422cf671a1cc592492e39b246d,7ad39d13-3977-5a88-8b03-df5fe95d682b
5b5f84c7f6050bd20513af24f222285a,7ad39d13-3977-5a88-8b03-df5fe95d682b
3579b6e797a6152e46c0eb23bf8ab72b,7ad39d13-3977-5a88-8b03-df5fe95d682b
4de83ef2926e90257453fd22ded395f0,7ad39d13-3977-5a88-8b03-df5fe95d682b
94d9a76e01a86d8599c349a19ed19115,7ad39d13-3977-5a88-8b03-df5fe95d682b
c753ac13add6ffe048f054d32b86393a,7ad39d13-3977-5a88-8b03-df5fe95d682b
c7632016e25bfc35da94ada8d0b7de15,7ad39d13-3977-5a88-8b03-df5fe95d682b
fad914573a1d247780994017e0e834c1,7ad39d13-3977-5a88-8b03-df5fe95d682b
a43481524ea629a5ac0854ea0470a21b,7ad39d13-3977-5a88-8b03-df5fe95d682b
68ddf650aad44a0a428505ac580e3856,7ad39d13-3977-5a88-8b03-df5fe95d682b
9d83a00eba17900fc5249cefe3a8dc7b,7ad39d13-3977-5a88-8b03-df5fe95d682b
a5ae50041b8cfb90cc61d61b4e34da1d,7ad39d13-3977-5a88-8b03-df5fe95d682b
e903d5bb6a014f01b4588b3dd0ad574b,7ad39d13-3977-5a88-8b03-df5fe95d682b
6436fa71dcdf960135609236e2716005,7ad39d13-3977-5a88-8b03-df5fe95d682b
383c7e679fce2f1a9e5f2157bb5098df,7ad39d13-3977-5a88-8b03-df5fe95d682b
c945fd34d1acef7f0174c1cd51dc4d27,7ad39d13-3977-5a88-8b03-df5fe95d682b
79ab7c19c53b59bf3f0aa6a703abda13,7ad39d13-3977-5a88-8b03-df5fe95d682b
38616ccfeed26a4c4a5472190accaeef,7ad39d13-3977-5a88-8b03-df5fe95d682b
d62bcaa713241c50c5ef965f0e376de8,7ad39d13-3977-5a88-8b03-df5fe95d682b
bb61900af6c8e05bfa718f4604ff2f5d,7ad39d13-3977-5a88-8b03-df5fe95d682b
86613aa9c45a8c9f6a628c556c15eabc,7ad39d13-3977-5a88-8b03-df5fe95d682b
13ef6ca80b1d0ba2661905e83f0e1960,7ad39d13-3977-5a88-8b03-df5fe95d682b
960db36b96fb80e55b28455d8e0d0139,7ad39d13-3977-5a88-8b03-df5fe95d682b
00aa304b9424f89b3f263f66d39393bc,7ad39d13-3977-5a88-8b03-df5fe95d682b
5ef11a22f4b29a1f42d0f3691ba98997,7ad39d13-3977-5a88-8b03-df5fe95d682b
33e7be65b24286f32e3db56b42ea7f61,7ad39d13-3977-5a88-8b03-df5fe95d682b
00ed5c58c30cbeccb2eea7f2abf63a94,7ad39d13-3977-5a88-8b03-df5fe95d682b
ff5771c3ce3da6ff2fdc24f3a6a5e326,7ad39d13-3977-5a88-8b03-df5fe95d682b
84b3921b8fd10dabfd858f4a04e46f94,7ad39d13-3977-5a88-8b03-df5fe95d682b
2bcdbce10b1f8b236ddeeb4fc5745ed7,7ad39d13-3977-5a88-8b03-df5fe95d682b
1a8f8fc6912f95b9fbf33383c5bc0b72,7ad39d13-3977-5a88-8b03-df5fe95d682b
595be4d3dba5ce9effc49af536a67edb,7ad39d13-3977-5a88-8b03-df5fe95d682b
78bc51872e8fde695c832f3ef565230c,7ad39d13-3977-5a88-8b03-df5fe95d682b
a8d9fb3fc7e8a0383186ae8ed44449b2,7ad39d13-3977-5a88-8b03-df5fe95d682b
cf9ad66725cc74e7fbe5554d2ffd95dc,7ad39d13-3977-5a88-8b03-df5fe95d682b
f7b9e19e0bcfa93841da6d4c7cf5aadc,7ad39d13-3977-5a88-8b03-df5fe95d682b
1d5d68c6e3aed4f12ce1d0b2adc9b678,7ad39d13-3977-5a88-8b03-df5fe95d682b
c36280f6ae574925cba23611903ba60c,7ad39d13-3977-5a88-8b03-df5fe95d682b
eb0b348e8a6d35d15bd30d8e08a2e028,7ad39d13-3977-5a88-8b03-df5fe95d682b
099d332cd706594ba2bb8d95149d40d3,7ad39d13-3977-5a88-8b03-df5fe95d682b
65038987ce0f6eace8c537cffea5effa,7ad39d13-3977-5a88-8b03-df5fe95d682b
d4a4a1e036ea73316465f66073922a13,7ad39d13-3977-5a88-8b03-df5fe95d682b
08ccbbd13a343259f2bd39b80837e880,7ad39d13-3977-5a88-8b03-df5fe95d682b
15f4d14483a976c104c6f2cbbafdf797,7ad39d13-3977-5a88-8b03-df5fe95d682b
01e49fb11a7535c0330e496c47ecb6d5,7ad39d13-3977-5a88-8b03-df5fe95d682b
9abb41e71e14b4aa96919ed567d09676,7ad39d13-3977-5a88-8b03-df5fe95d682b
ad1e0d9770cb7a26b71f80e2a8daa6f8,7ad39d13-3977-5a88-8b03-df5fe95d682b
aa590b7cbd9810624c6a979c1d604927,7ad39d13-3977-5a88-8b03-df5fe95d682b
468a6a4cf5ec11d01b11538dd117412f,7ad39d13-3977-5a88-8b03-df5fe95d682b
0152c1de4dfa1b8875a754b1500cbf10,7ad39d13-3977-5a88-8b03-df5fe95d682b
560515968898d343812ed56cf351395d,7ad39d13-3977-5a88-8b03-df5fe95d682b
99118e9a19c1e7e72630fc4a6eb3a7d6,7ad39d13-3977-5a88-8b03-df5fe95d682b
a32b47199e70944cdd72af5c90835f55,7ad39d13-3977-5a88-8b03-df5fe95d682b
baa918cc9049a71d429c1d5658bf0219,7ad39d13-3977-5a88-8b03-df5fe95d682b
5d7c359ca19458784ee4464f7cdf1c4b,7ad39d13-3977-5a88-8b03-df5fe95d682b
d6c49ec9668e85bd39e4f178674c31d8,7ad39d13-3977-5a88-8b03-df5fe95d682b
f2eea4c7e52d1b37099c2796d1d25d47,7ad39d13-3977-5a88-8b03-df5fe95d682b
9426d1b80a434ee124a9f68697276b7b,7ad39d13-3977-5a88-8b03-df5fe95d682b
7c69ffdefc047620f0c94f402b043f68,7ad39d13-3977-5a88-8b03-df5fe95d682b
53c69fa191673eaafeb2f814e6f12615,7ad39d13-3977-5a88-8b03-df5fe95d682b
d40ffcf2048354410cf204d07a56e951,7ad39d13-3977-5a88-8b03-df5fe95d682b
d78611e04940dcce125e36143a2d94e9,7ad39d13-3977-5a88-8b03-df5fe95d682b
4ddd4d7fdd1b4bb70e8bd848f61cd982,7ad39d13-3977-5a88-8b03-df5fe95d682b
52a5fb1ff7d954ac927eca58ff6fa51d,7ad39d13-3977-5a88-8b03-df5fe95d682b
c287fd09f467473a4754ad4b845e0ac5,7ad39d13-3977-5a88-8b03-df5fe95d682b
5caba4d80d1756c07cec268700e57a05,7ad39d13-3977-5a88-8b03-df5fe95d682b
036585f96bfd79284da0e5d0b178ec3d,7ad39d13-3977-5a88-8b03-df5fe95d682b
b0e32a531a0a7facc163a17ceb73e8ab,7ad39d13-3977-5a88-8b03-df5fe95d682b
42d227eaf6532c73c5c4720935ebf590,7ad39d13-3977-5a88-8b03-df5fe95d682b
c933dcb9ecf22e1e52ab00278d413a09,7ad39d13-3977-5a88-8b03-df5fe95d682b
680df4188eb6f9edcd3fd1a64b6bfc09,7ad39d13-3977-5a88-8b03-df5fe95d682b
b31df344e9377ffb4a4bfcb94d73bebe,7ad39d13-3977-5a88-8b03-df5fe95d682b
325e11ba8e55896eb980045b534cba3f,7ad39d13-3977-5a88-8b03-df5fe95d682b
a5d96d2f84ef822fa0ac5471f8d3a76c,7ad39d13-3977-5a88-8b03-df5fe95d682b
d77bee76767130bd52a1e9ce3ea8ae18,7ad39d13-3977-5a88-8b03-df5fe95d682b
e38b9bf5eb3ea523bca30055fbff12e8,7ad39d13-3977-5a88-8b03-df5fe95d682b
5446a8b5e9f0e74dc1d48aa95b582077,7ad39d13-3977-5a88-8b03-df5fe95d682b
dfd1ed5362f6ea895ff0086dbbc67740,7ad39d13-3977-5a88-8b03-df5fe95d682b
14537b38332c1c5154233628b89dabb0,7ad39d13-3977-5a88-8b03-df5fe95d682b
2ff5a6f170443c8c39c82c943fd12176,7ad39d13-3977-5a88-8b03-df5fe95d682b
4d48a7a8e66cb81d431bcb04276b586b,7ad39d13-3977-5a88-8b03-df5fe95d682b
d38fea55e8c17950591ebddb821038da,7ad39d13-3977-5a88-8b03-df5fe95d682b
6961df000959344239c842fe09e3ab06,7ad39d13-3977-5a88-8b03-df5fe95d682b
e9bd803146b2b743bdd83c022b956ade,7ad39d13-3977-5a88-8b03-df5fe95d682b
bd3a3b6d9555db8ebee2e9c227043ab5,7ad39d13-3977-5a88-8b03-df5fe95d682b
464e4ce16a8d3a46f17f952007670ee4,7ad39d13-3977-5a88-8b03-df5fe95d682b
ac717570af30d790d431e342058b4968,7ad39d13-3977-5a88-8b03-df5fe95d682b
fbbaae8e9de59b222fd76c016af694fe,7ad39d13-3977-5a88-8b03-df5fe95d682b
50dd1cf60910c1d9b904ecd0b03957f1,7ad39d13-3977-5a88-8b03-df5fe95d682b
538ba9741decd3c3e956ba8eecc365cc,7ad39d13-3977-5a88-8b03-df5fe95d682b
d79513b0486ed6a50c239f8780b38d5c,7ad39d13-3977-5a88-8b03-df5fe95d682b
5e94a9fc113994e6eb73f8fcb57d669e,7ad39d13-3977-5a88-8b03-df5fe95d682b
180c0d56e7b2e40656671847a847e3ba,7ad39d13-3977-5a88-8b03-df5fe95d682b
500cf47d174fa248ceaf1ec33c35cdc0,7ad39d13-3977-5a88-8b03-df5fe95d682b
0b72ca4981fde5d71b46264e8cf9d4f4,7ad39d13-3977-5a88-8b03-df5fe95d682b
637ce8040f872348bbd1a9e2f2bdbb88,7ad39d13-3977-5a88-8b03-df5fe95d682b
a55fe0f6be6d6fb5f3d3840fa938a360,7ad39d13-3977-5a88-8b03-df5fe95d682b
ef230759f65aa15024ef596693c36d36,7ad39d13-3977-5a88-8b03-df5fe95d682b
baf645e834b5d6c80938ab3c555b82a5,7ad39d13-3977-5a88-8b03-df5fe95d682b
9e0613727efc74e72c9f170a51e5bb5d,7ad39d13-3977-5a88-8b03-df5fe95d682b
5ca123ee66fc282cf47299d1491cc40d,7ad39d13-3977-5a88-8b03-df5fe95d682b
9f00ee6088b0c18295dc18f6ca857013,7ad39d13-3977-5a88-8b03-df5fe95d682b
0c3f652c4dd28d97d3d1759085fb6af2,7ad39d13-3977-5a88-8b03-df5fe95d682b
157afbba975571cf7d48a27e54d4fc9a,7ad39d13-3977-5a88-8b03-df5fe95d682b
0c247ab3c619ba9d4685179e7ef34b3d,7ad39d13-3977-5a88-8b03-df5fe95d682b
0a7359bca0949951721cde1520376db1,7ad39d13-3977-5a88-8b03-df5fe95d682b
3452e89049a7884bec01e1c2b540d08b,7ad39d13-3977-5a88-8b03-df5fe95d682b
3cecf23432423374615fe9dac768af20,7ad39d13-3977-5a88-8b03-df5fe95d682b
9577cf53ed9875ba9bdc550f84d2f610,6149a4f2-8312-556b-be63-d9a9d3ca84f9
26d933a21582f669766c95b9db9ab2ff,6149a4f2-8312-556b-be63-d9a9d3ca84f9
c46874979eb2d535b675a3c404299bef,6149a4f2-8312-556b-be63-d9a9d3ca84f9
11188069f147588841b9aa5b70588271,6149a4f2-8312-556b-be63-d9a9d3ca84f9
d5f967a86e4b39fffc780ca9317ab756,6149a4f2-8312-556b-be63-d9a9d3ca84f9
c478957bf69568fa9c49f3248e48e70e,6149a4f2-8312-556b-be63-d9a9d3ca84f9
0643a8be07cd5b638eda595f0c60c3f5,6149a4f2-8312-556b-be63-d9a9d3ca84f9
ea7cd77dc442b53cda58fd0e00d7e9bf,6149a4f2-8312-556b-be63-d9a9d3ca84f9
cf5f543d1aef958d20dc9e206049fdcd,6149a4f2-8312-556b-be63-d9a9d3ca84f9
cd1053e0f5db5d38059592991bf61d51,6149a4f2-8312-556b-be63-d9a9d3ca84f9
e1ef3b08cc951b95933ea7656cc196a5,6149a4f2-8312-556b-be63-d9a9d3ca84f9
b0d989a1a91a9c76975e8f4011ec64e8,6149a4f2-8312-556b-be63-d9a9d3ca84f9
d0caf3144b1e4dae1dd733813f35af80,6149a4f2-8312-556b-be63-d9a9d3ca84f9
186951cba20c915102d2fb6fcc2ef2ad,6149a4f2-8312-556b-be63-d9a9d3ca84f9
8c5fb3020b8d39136b274dbabbab2f1a,6149a4f2-8312-556b-be63-d9a9d3ca84f9
ffb2f4dcba8fc761016c630c95c13800,6149a4f2-8312-556b-be63-d9a9d3ca84f9
141ae0957bc2930b08bf14b765c83360,6149a4f2-8312-556b-be63-d9a9d3ca84f9
4a32b896c0398916848eca627f6ddeac,6149a4f2-8312-556b-be63-d9a9d3ca84f9
c36280f6ae574925cba23611903ba60c,6149a4f2-8312-556b-be63-d9a9d3ca84f9
08ccbbd13a343259f2bd39b80837e880,6149a4f2-8312-556b-be63-d9a9d3ca84f9
d4a4a1e036ea73316465f66073922a13,6149a4f2-8312-556b-be63-d9a9d3ca84f9
65038987ce0f6eace8c537cffea5effa,6149a4f2-8312-556b-be63-d9a9d3ca84f9
099d332cd706594ba2bb8d95149d40d3,6149a4f2-8312-556b-be63-d9a9d3ca84f9
eb0b348e8a6d35d15bd30d8e08a2e028,6149a4f2-8312-556b-be63-d9a9d3ca84f9
9d83a00eba17900fc5249cefe3a8dc7b,6149a4f2-8312-556b-be63-d9a9d3ca84f9
e630ee00d1b6661808eb893d4e227f4e,6149a4f2-8312-556b-be63-d9a9d3ca84f9
68ddf650aad44a0a428505ac580e3856,6149a4f2-8312-556b-be63-d9a9d3ca84f9
a5ae50041b8cfb90cc61d61b4e34da1d,6149a4f2-8312-556b-be63-d9a9d3ca84f9
383c7e679fce2f1a9e5f2157bb5098df,6149a4f2-8312-556b-be63-d9a9d3ca84f9
6436fa71dcdf960135609236e2716005,6149a4f2-8312-556b-be63-d9a9d3ca84f9
e903d5bb6a014f01b4588b3dd0ad574b,6149a4f2-8312-556b-be63-d9a9d3ca84f9
c945fd34d1acef7f0174c1cd51dc4d27,6149a4f2-8312-556b-be63-d9a9d3ca84f9
79ab7c19c53b59bf3f0aa6a703abda13,6149a4f2-8312-556b-be63-d9a9d3ca84f9
a99584d9b8a3c666bc1a25a7ac755a60,6149a4f2-8312-556b-be63-d9a9d3ca84f9
ad34f9a731aff74511a650ffe66c1b49,6149a4f2-8312-556b-be63-d9a9d3ca84f9
cc57aecfa78018cc0879a653944bef27,6149a4f2-8312-556b-be63-d9a9d3ca84f9
33aaf2456576a84d70063529426d31d4,6149a4f2-8312-556b-be63-d9a9d3ca84f9
19d606ea31266299c52c6a5a32a07ee3,6149a4f2-8312-556b-be63-d9a9d3ca84f9
f034c990c6abc62c75e0a52b8f6cf185,6149a4f2-8312-556b-be63-d9a9d3ca84f9
6feb2c533dd3717b338316f7828609d8,6149a4f2-8312-556b-be63-d9a9d3ca84f9
49f5476acc3e0b05b069c7a12c69dd10,6149a4f2-8312-556b-be63-d9a9d3ca84f9
e470f37ef87071fa21ddfdb475054002,6149a4f2-8312-556b-be63-d9a9d3ca84f9
8ace95e370f79da8cfe9281b74bdf16a,6149a4f2-8312-556b-be63-d9a9d3ca84f9
ecadda3498b64b5f7a2ca661a7fd3bca,6149a4f2-8312-556b-be63-d9a9d3ca84f9
50693fd2bd5364e14efe44a5ac6232e7,6149a4f2-8312-556b-be63-d9a9d3ca84f9
84acf8b0b90dad2326d33e8250c0f13a,6149a4f2-8312-556b-be63-d9a9d3ca84f9
775ea6faf814a6d905907201a884e74a,6149a4f2-8312-556b-be63-d9a9d3ca84f9
b2ff2708a7c53be0ac248e0c74e02ed6,6149a4f2-8312-556b-be63-d9a9d3ca84f9
00228ee0511e9ae6773dccd192b16ba9,6149a4f2-8312-556b-be63-d9a9d3ca84f9
ad89fa28bbc9a15a498a919bb4cf843b,6149a4f2-8312-556b-be63-d9a9d3ca84f9
15f2d80d2a204fb8c7495e60a15b8809,6149a4f2-8312-556b-be63-d9a9d3ca84f9
372d24a4b8fdf854e62c9dd6647b71dc,6149a4f2-8312-556b-be63-d9a9d3ca84f9
d53c4f7dd0ba671842e07ee55e8ca56f,6149a4f2-8312-556b-be63-d9a9d3ca84f9
88988c59121072d023f3808dc345ec0e,6149a4f2-8312-556b-be63-d9a9d3ca84f9
72af0db628cf7f05c605387f80c2d816,6149a4f2-8312-556b-be63-d9a9d3ca84f9
f31ee22cd29bd5ea31df5e86832bacab,6149a4f2-8312-556b-be63-d9a9d3ca84f9
580355ccc1baec889a029232b5482692,6149a4f2-8312-556b-be63-d9a9d3ca84f9
95bed8c7b51abfcffc035fa36558f169,6149a4f2-8312-556b-be63-d9a9d3ca84f9
835594e2f122df8880934322baa822e5,6149a4f2-8312-556b-be63-d9a9d3ca84f9
fbaf80ffac4dbeeada6c31452a36d599,6149a4f2-8312-556b-be63-d9a9d3ca84f9
8de219373122ff27b0c373d0b27acd1f,6149a4f2-8312-556b-be63-d9a9d3ca84f9
d7dd853fea3ed35423698c3b8136533f,6149a4f2-8312-556b-be63-d9a9d3ca84f9
60c4b89bf95ac2fd98b6557c79989f1a,6149a4f2-8312-556b-be63-d9a9d3ca84f9
16d73addaf3624891b131dd44113f6eb,6149a4f2-8312-556b-be63-d9a9d3ca84f9
a6dce8fc971577a6034edc5f2fcacda1,6149a4f2-8312-556b-be63-d9a9d3ca84f9
69f12e496f0dbd9ad9978b144fd2b25a,6149a4f2-8312-556b-be63-d9a9d3ca84f9
04f253e8c89fb2e4788fa093e55bf50d,6149a4f2-8312-556b-be63-d9a9d3ca84f9
09650591b8778922ada1f6b644686366,6149a4f2-8312-556b-be63-d9a9d3ca84f9
a69137313ce3c555e7d516e0f931fe93,6149a4f2-8312-556b-be63-d9a9d3ca84f9
58e58df7cf4703bd56b1061d28b6d27e,6149a4f2-8312-556b-be63-d9a9d3ca84f9
66a9479a86787bafe09cfce812602840,6149a4f2-8312-556b-be63-d9a9d3ca84f9
7558e9054d75dfed3e2bb6f84af025e9,6149a4f2-8312-556b-be63-d9a9d3ca84f9
e8f6340684cac2f5ee5eea18f3797ee1,6149a4f2-8312-556b-be63-d9a9d3ca84f9
41e80a522036a14a7e307db05253da01,6149a4f2-8312-556b-be63-d9a9d3ca84f9
95ad7d15b32709b75e67cb1a62d4ad3c,6149a4f2-8312-556b-be63-d9a9d3ca84f9
59ffc566860a882a4ebda9d0a927ba8c,6149a4f2-8312-556b-be63-d9a9d3ca84f9
894077970a93054185eb3f59a129ec3f,6149a4f2-8312-556b-be63-d9a9d3ca84f9
be6865991592ad09bb93e0010eba2033,6149a4f2-8312-556b-be63-d9a9d3ca84f9
78a5896fd1bd9f11096f8124eb3f2291,6149a4f2-8312-556b-be63-d9a9d3ca84f9
457987b95f7204df2e6d557554abd155,6149a4f2-8312-556b-be63-d9a9d3ca84f9
eb231a44fc30a936daf0f68c489672bd,6149a4f2-8312-556b-be63-d9a9d3ca84f9
73972e31efe1cdb0ae1db1b80028f088,6149a4f2-8312-556b-be63-d9a9d3ca84f9
f738bd90495583642ab946f8f84a8eba,6149a4f2-8312-556b-be63-d9a9d3ca84f9
f4e32187b9046ea0b7bd3f7464b37bcc,6149a4f2-8312-556b-be63-d9a9d3ca84f9
7e085e48398cb585301a524728c7c175,6149a4f2-8312-556b-be63-d9a9d3ca84f9
4739eff81ab8dfa03bb1d71843295a16,6149a4f2-8312-556b-be63-d9a9d3ca84f9
111e9397fa150e5aa54014173750d2cf,6149a4f2-8312-556b-be63-d9a9d3ca84f9
3243826cba323f8394958f5a6e10f31b,6149a4f2-8312-556b-be63-d9a9d3ca84f9
c41218694f5dc43386938841b0dd8962,6149a4f2-8312-556b-be63-d9a9d3ca84f9
d5ac732683d94ddb65270b1b0d426471,6149a4f2-8312-556b-be63-d9a9d3ca84f9
a0bf45531efde4622209294e0d0b1139,6149a4f2-8312-556b-be63-d9a9d3ca84f9
3a763ea2916d3997f0ad4e9a6c64d0d5,6149a4f2-8312-556b-be63-d9a9d3ca84f9
48184cdd407292f046454ee67e8d9852,6149a4f2-8312-556b-be63-d9a9d3ca84f9
cf2b4f349c3bc3b0f56cb2bb92a348d6,6149a4f2-8312-556b-be63-d9a9d3ca84f9
1835114e4fcbecc7ff4e99aef451371d,6149a4f2-8312-556b-be63-d9a9d3ca84f9
38784b91e8251897b8679443ac072f0a,6149a4f2-8312-556b-be63-d9a9d3ca84f9
efb6869a6134cbb18aba954287d5e928,6149a4f2-8312-556b-be63-d9a9d3ca84f9
d54ded56c3e6aa395a5621d9d0a4d3a5,6149a4f2-8312-556b-be63-d9a9d3ca84f9
b11a8b88015d482daa8aa1b5455d4488,6149a4f2-8312-556b-be63-d9a9d3ca84f9
9b8c5c23da05999a92b54d18bd934cc6,6149a4f2-8312-556b-be63-d9a9d3ca84f9
c6a191c0b9c7c3e1f3e380120c421519,6149a4f2-8312-556b-be63-d9a9d3ca84f9
5cf6e14b3df7a3270f136adcd589b1ad,6149a4f2-8312-556b-be63-d9a9d3ca84f9
f66e55f07c6117e1e34fabd9f1505f2e,6149a4f2-8312-556b-be63-d9a9d3ca84f9
e1b7a6ce0b1a04dde272aa3d77d61e6e,6149a4f2-8312-556b-be63-d9a9d3ca84f9
11b2970c638be041446d0346284005bf,6149a4f2-8312-556b-be63-d9a9d3ca84f9
90c0b4ed2a8cab5d18c6f6c529d15d51,6149a4f2-8312-556b-be63-d9a9d3ca84f9
3490db02d02601e1e90f18fccd20091e,6149a4f2-8312-556b-be63-d9a9d3ca84f9
c2daf5619f586a5bc862b3333962cce1,6149a4f2-8312-556b-be63-d9a9d3ca84f9
374955348efb55f67de8cfa5d8b2ab2a,6149a4f2-8312-556b-be63-d9a9d3ca84f9
71cd8dbe863f81b8c8ea20594904b8a7,6149a4f2-8312-556b-be63-d9a9d3ca84f9
403769a7bc7a64fcba9e02427ae1e30e,6149a4f2-8312-556b-be63-d9a9d3ca84f9
d592eb327e5d85f60703718cc6535565,6149a4f2-8312-556b-be63-d9a9d3ca84f9
f234aeae4f0ed9bbfebda14908424ad3,6149a4f2-8312-556b-be63-d9a9d3ca84f9
f889bc02cb20a0b1e4980dc2be6dfaa5,6149a4f2-8312-556b-be63-d9a9d3ca84f9
b75b5fb6bf0be7fac6200401b089fce3,6149a4f2-8312-556b-be63-d9a9d3ca84f9
33e7977f5908419ca43bb5c79aca62ef,6149a4f2-8312-556b-be63-d9a9d3ca84f9
d060a17356b6986935e67d7b053d9f05,6149a4f2-8312-556b-be63-d9a9d3ca84f9
24eeb116f5e56af8a402b4adb6f7959b,6149a4f2-8312-556b-be63-d9a9d3ca84f9
5005feb1dce6729a713e9a0476a79a5b,6149a4f2-8312-556b-be63-d9a9d3ca84f9
947ff05e1e8ceb084a14df789be39a53,6149a4f2-8312-556b-be63-d9a9d3ca84f9
43ae81f474143b9b4f8eac20fe9bc431,6149a4f2-8312-556b-be63-d9a9d3ca84f9
a8fb4e2f19325fb43137245a2d3e93ac,6149a4f2-8312-556b-be63-d9a9d3ca84f9
15bacb31b860d4cfa9e6e135aef6e84d,6149a4f2-8312-556b-be63-d9a9d3ca84f9
04a6c036b0f5b84437884933423c5cff,6149a4f2-8312-556b-be63-d9a9d3ca84f9
4b92694ec43c48042c46c6b2ca3710fe,6149a4f2-8312-556b-be63-d9a9d3ca84f9
2600ff738bece2b33f1971df6c92e056,6149a4f2-8312-556b-be63-d9a9d3ca84f9
025108d50acd980eda1e5347b1f35548,6149a4f2-8312-556b-be63-d9a9d3ca84f9
df7629b1003f10abec5912195c7093bf,6149a4f2-8312-556b-be63-d9a9d3ca84f9
31ef5ef50a59155cf15db68c55002e49,6149a4f2-8312-556b-be63-d9a9d3ca84f9
c73224038a7490c0181dfdf15b710250,6149a4f2-8312-556b-be63-d9a9d3ca84f9
dd215d8ca9c9fdcc00d0943ebaf4e76a,6149a4f2-8312-556b-be63-d9a9d3ca84f9
ded988cb5df8dca25e82b89f89eaf503,6149a4f2-8312-556b-be63-d9a9d3ca84f9
3dcc4a688dca7f1e7529d86337b7d1ad,6149a4f2-8312-556b-be63-d9a9d3ca84f9
cdf23ecd0bc02824af1097e87f528cfc,6149a4f2-8312-556b-be63-d9a9d3ca84f9
684b933ead9c3954a97f06e240f7ef73,6149a4f2-8312-556b-be63-d9a9d3ca84f9
b4140644a06d16a5d35edd32325a9fa1,6149a4f2-8312-556b-be63-d9a9d3ca84f9
0c9706840c2186692a421c0f4b4ca156,6149a4f2-8312-556b-be63-d9a9d3ca84f9
cd3fb2a714442422f978b6056d18bfbe,6149a4f2-8312-556b-be63-d9a9d3ca84f9
f10d6c38416da8aff0d85c61a94f5976,6149a4f2-8312-556b-be63-d9a9d3ca84f9
27f248d0238c60ae313ed4c7b966d818,6149a4f2-8312-556b-be63-d9a9d3ca84f9
5530c6af22f3af0bae3291a63ca3cecc,6149a4f2-8312-556b-be63-d9a9d3ca84f9
6fd4ea81d2cb7b5d3ac67bf58f69b416,6149a4f2-8312-556b-be63-d9a9d3ca84f9
811cb29edf9c5fe553329c51e294d6a4,6149a4f2-8312-556b-be63-d9a9d3ca84f9
faab233ace3163f3e77c54743bc8b7cb,6149a4f2-8312-556b-be63-d9a9d3ca84f9
54067d3f45e51acf966ee27a9d62513d,6149a4f2-8312-556b-be63-d9a9d3ca84f9
4bfdb3a1e887ce3c50283bd656a9718e,6149a4f2-8312-556b-be63-d9a9d3ca84f9
30edf8c63763491684df965502f30a2b,6149a4f2-8312-556b-be63-d9a9d3ca84f9
b1b520d3d70e16b8ce28132d935a3898,6149a4f2-8312-556b-be63-d9a9d3ca84f9
a30d908425b8d36778dbd38c6a7578c9,6149a4f2-8312-556b-be63-d9a9d3ca84f9
97266e7fad10e4a35395a5d08ec61abb,6149a4f2-8312-556b-be63-d9a9d3ca84f9
c25d39534785929d7912a5ac361aab1b,6149a4f2-8312-556b-be63-d9a9d3ca84f9
6a53059b13fc8bb99fc46085a46a506c,6149a4f2-8312-556b-be63-d9a9d3ca84f9
9bfa1df45762dc7999d7d6c282961afe,6149a4f2-8312-556b-be63-d9a9d3ca84f9
95d1b131abb4a35b45c4fb1df54ae21d,9c8f8c16-8b37-59e2-a1e0-a9161100a15a
342bad46790c917525c13434bacd73b0,9c8f8c16-8b37-59e2-a1e0-a9161100a15a
1a826458b9c3fd2cb4c5a9116335f995,9c8f8c16-8b37-59e2-a1e0-a9161100a15a
8b8a612be8022af943db07e732aebf28,9c8f8c16-8b37-59e2-a1e0-a9161100a15a
d18d84e61f75c0875546d6be1a9b4b26,9c8f8c16-8b37-59e2-a1e0-a9161100a15a
9eabb6703a704d67bc8f2b7e6a2d5ef8,9c8f8c16-8b37-59e2-a1e0-a9161100a15a
64ce95cc19b6a0f46dbf1c577a895ace,9c8f8c16-8b37-59e2-a1e0-a9161100a15a
60441abebb254f0063a0309a0b0566b9,9c8f8c16-8b37-59e2-a1e0-a9161100a15a
d499d6a3e8012d898447d163362af0d9,9c8f8c16-8b37-59e2-a1e0-a9161100a15a
a587c825c92eb230e9d2a6dedb23f092,9c8f8c16-8b37-59e2-a1e0-a9161100a15a
388f2aba5dc2146ed32f3ed534fa84c4,9c8f8c16-8b37-59e2-a1e0-a9161100a15a
ad89fa28bbc9a15a498a919bb4cf843b,9c8f8c16-8b37-59e2-a1e0-a9161100a15a
c77bb72dce6f8f9a5ed9e0ed04e58fe4,9c8f8c16-8b37-59e2-a1e0-a9161100a15a
d5a311ec6c2069d16213b18b9cf42dbe,9c8f8c16-8b37-59e2-a1e0-a9161100a15a
2c1c23f54b0de5d999dd7308ec59da05,9c8f8c16-8b37-59e2-a1e0-a9161100a15a
cf4de8c84b361d777499866ec147f77d,9c8f8c16-8b37-59e2-a1e0-a9161100a15a
8dc5078fe5b0cffa1594d4b57be7301b,9c8f8c16-8b37-59e2-a1e0-a9161100a15a
2ec3ce8397bfbd168b17ed23eef26bb3,9c8f8c16-8b37-59e2-a1e0-a9161100a15a
db000baaaedf4d9b4977f0ea030782b7,9c8f8c16-8b37-59e2-a1e0-a9161100a15a
c5a3109d47f948e0acc9a42e08081718,9c8f8c16-8b37-59e2-a1e0-a9161100a15a
331b486d99997383682a750a29f896d1,9c8f8c16-8b37-59e2-a1e0-a9161100a15a
6ae4381643fb92a97bd345e5e5b506ca,9c8f8c16-8b37-59e2-a1e0-a9161100a15a
517b0bf14fec2bb3de3d0ef88a58832a,9c8f8c16-8b37-59e2-a1e0-a9161100a15a
863d0f50a1929ac7f7f5769088c2c08b,9c8f8c16-8b37-59e2-a1e0-a9161100a15a
7f9fd7497f22ee42f35b0f617edd257b,9c8f8c16-8b37-59e2-a1e0-a9161100a15a
d47064c85d1214463acd0ae57e5fd155,9c8f8c16-8b37-59e2-a1e0-a9161100a15a
fcc3b6d4ba5f226eb6eb2b11fd8ba595,9c8f8c16-8b37-59e2-a1e0-a9161100a15a
ecad148f3e3333a5ba8525804a60f1c8,9c8f8c16-8b37-59e2-a1e0-a9161100a15a
3f124ef676e26c0539fbd3139e1e91ce,9c8f8c16-8b37-59e2-a1e0-a9161100a15a
be52d95e55fa5a90a860348226d65eae,9c8f8c16-8b37-59e2-a1e0-a9161100a15a
a671d03edd42836e4cb7d3a48765d3c2,9c8f8c16-8b37-59e2-a1e0-a9161100a15a
22b5ba0118072669a8c672cd97393494,9c8f8c16-8b37-59e2-a1e0-a9161100a15a
6d7562a107ce03dc97c5570e9ddbf045,9c8f8c16-8b37-59e2-a1e0-a9161100a15a
3b3646e324ee59eafb734bc216d092a8,9c8f8c16-8b37-59e2-a1e0-a9161100a15a
fade68398c9d59ae8c5961f9a81c9e6c,9c8f8c16-8b37-59e2-a1e0-a9161100a15a
444b96e1db09f673ec98ecaa95837e0d,9c8f8c16-8b37-59e2-a1e0-a9161100a15a
cd6b7a6d928b56fe5776e7163fc1c957,9c8f8c16-8b37-59e2-a1e0-a9161100a15a
cbaa3bcdbf182e2f8b00efa0c396b502,9c8f8c16-8b37-59e2-a1e0-a9161100a15a
a731ea9309f51a40429b851032aa303b,9c8f8c16-8b37-59e2-a1e0-a9161100a15a
05775a4ddbf879e84fc6b4c022ac2623,9c8f8c16-8b37-59e2-a1e0-a9161100a15a
849cf0ac2ec10cbdf765168250bc39d7,9c8f8c16-8b37-59e2-a1e0-a9161100a15a
e7fd3361684c4ef13100e3c89e9a6974,9c8f8c16-8b37-59e2-a1e0-a9161100a15a
04c6e8b2f71f4935e2c2ddd0386e1a2b,9c8f8c16-8b37-59e2-a1e0-a9161100a15a
fa685d58f07d814b5720aa231272283a,9c8f8c16-8b37-59e2-a1e0-a9161100a15a
036e9c2d02ce3104b0f9c374f077149f,9c8f8c16-8b37-59e2-a1e0-a9161100a15a
3ebcf5dd39951da86ce17e7044644840,9c8f8c16-8b37-59e2-a1e0-a9161100a15a
df8d43a2faa8dd9f6253cb3c17b8f6c4,9c8f8c16-8b37-59e2-a1e0-a9161100a15a
695437d26da1e5c5376ea047f796b6a7,9c8f8c16-8b37-59e2-a1e0-a9161100a15a
7b7eb0f66046a9844da1922ebef44eb3,9c8f8c16-8b37-59e2-a1e0-a9161100a15a
93dd16bbf65a2923cec1bdd4efc5057c,9c8f8c16-8b37-59e2-a1e0-a9161100a15a
7a9d0ac163ecfeb2676c5cc84cc5eab3,9c8f8c16-8b37-59e2-a1e0-a9161100a15a
2822a1493850773ad153ce5bbc45fc4d,9c8f8c16-8b37-59e2-a1e0-a9161100a15a
72162d918de091cb9acc52872226f149,9c8f8c16-8b37-59e2-a1e0-a9161100a15a
f11a0c0fb7e957e15cbd29d44350b24a,9c8f8c16-8b37-59e2-a1e0-a9161100a15a
48bbd2b093eb3381b7d08904e087db13,9c8f8c16-8b37-59e2-a1e0-a9161100a15a
53676ce49d0e8e3627159caf3ed07164,9c8f8c16-8b37-59e2-a1e0-a9161100a15a
bff966a1c13cb09ddcc27a5565269f72,9c8f8c16-8b37-59e2-a1e0-a9161100a15a
d10dde116c9c1b3ec44e7939a1d4ebad,9c8f8c16-8b37-59e2-a1e0-a9161100a15a
454e2316cc94dea5d21eee9efbe7ee4d,9c8f8c16-8b37-59e2-a1e0-a9161100a15a
e36672b648373df348b854a251e46272,9c8f8c16-8b37-59e2-a1e0-a9161100a15a
218a532939ae75a38a42b36138aea349,9c8f8c16-8b37-59e2-a1e0-a9161100a15a
9990a1b0c2052f910bd8cde98bdee9cd,9c8f8c16-8b37-59e2-a1e0-a9161100a15a
31326e6db1066fe4f9b0f0d6925116c4,9c8f8c16-8b37-59e2-a1e0-a9161100a15a
8fa148d6afb1b8d5a6502dc4ba8fca52,9c8f8c16-8b37-59e2-a1e0-a9161100a15a
c9be9be48038b751b932f4142faed448,9c8f8c16-8b37-59e2-a1e0-a9161100a15a
ad82925ecc638da3ade30dc4485f3cac,9c8f8c16-8b37-59e2-a1e0-a9161100a15a
0d3675e94a809d02a6585e605a852903,9c8f8c16-8b37-59e2-a1e0-a9161100a15a
2af9925bad0ab91f9e57ffab63a1b618,9c8f8c16-8b37-59e2-a1e0-a9161100a15a
00beac68aa93d38627466eaa788cde0f,9c8f8c16-8b37-59e2-a1e0-a9161100a15a
26f92e9b86d3cf626287d9e779a6afed,9c8f8c16-8b37-59e2-a1e0-a9161100a15a
272a12343998d7590e7739d3ef91367e,9c8f8c16-8b37-59e2-a1e0-a9161100a15a
db96eccc92b63e2c6c3b553ba0d96e08,9c8f8c16-8b37-59e2-a1e0-a9161100a15a
0ffbb6cd3b070d90e9f3103290e5d28c,9c8f8c16-8b37-59e2-a1e0-a9161100a15a
487665aad5d5247d4520c85123c312f9,9c8f8c16-8b37-59e2-a1e0-a9161100a15a
70056cdc59fefe47ab16abc4a769ca0e,9c8f8c16-8b37-59e2-a1e0-a9161100a15a
b0699761b2fd571f5e8b2d343c1b4a31,9c8f8c16-8b37-59e2-a1e0-a9161100a15a
64e0db73dbbbafc69b78d5e9b0901878,9c8f8c16-8b37-59e2-a1e0-a9161100a15a
539b5ec34e12204a183a986d6613780e,9c8f8c16-8b37-59e2-a1e0-a9161100a15a
f8b56efb16183191be5ab9e9a3655e77,9c8f8c16-8b37-59e2-a1e0-a9161100a15a
96aebb62db2b9d6dd0040f40552956ea,9c8f8c16-8b37-59e2-a1e0-a9161100a15a
d70f82157263638090cf71c12daea780,9c8f8c16-8b37-59e2-a1e0-a9161100a15a
8241c9611bef2a101e1f26c55fec6f5a,9c8f8c16-8b37-59e2-a1e0-a9161100a15a
19d04bf8c86177fefd69c0ffc3d8b390,9c8f8c16-8b37-59e2-a1e0-a9161100a15a
4a0e238bb944025442a819d4dc7aa5ff,9c8f8c16-8b37-59e2-a1e0-a9161100a15a
3f0f61ca4782993267d0b4b990f5b93f,9c8f8c16-8b37-59e2-a1e0-a9161100a15a
91afe293849d428b3df3ff23486f6d99,9c8f8c16-8b37-59e2-a1e0-a9161100a15a
6acec6496f1a22275658eadf68171237,9c8f8c16-8b37-59e2-a1e0-a9161100a15a
324909833bceb84c4d76b12fc7b137f4,9c8f8c16-8b37-59e2-a1e0-a9161100a15a
9717916149e5780af6f6718a35141967,9c8f8c16-8b37-59e2-a1e0-a9161100a15a
13400976105ac4981215dd84ff3a4036,9c8f8c16-8b37-59e2-a1e0-a9161100a15a
538ba9741decd3c3e956ba8eecc365cc,9c8f8c16-8b37-59e2-a1e0-a9161100a15a
50dd1cf60910c1d9b904ecd0b03957f1,9c8f8c16-8b37-59e2-a1e0-a9161100a15a
5e94a9fc113994e6eb73f8fcb57d669e,9c8f8c16-8b37-59e2-a1e0-a9161100a15a
180c0d56e7b2e40656671847a847e3ba,9c8f8c16-8b37-59e2-a1e0-a9161100a15a
500cf47d174fa248ceaf1ec33c35cdc0,9c8f8c16-8b37-59e2-a1e0-a9161100a15a
0b72ca4981fde5d71b46264e8cf9d4f4,9c8f8c16-8b37-59e2-a1e0-a9161100a15a
533a967c9e7f1442e859fc9099613ac4,9c8f8c16-8b37-59e2-a1e0-a9161100a15a
637ce8040f872348bbd1a9e2f2bdbb88,9c8f8c16-8b37-59e2-a1e0-a9161100a15a
a55fe0f6be6d6fb5f3d3840fa938a360,9c8f8c16-8b37-59e2-a1e0-a9161100a15a
c748420914526dc53627189084bf978f,9c8f8c16-8b37-59e2-a1e0-a9161100a15a
2f5378d32fb5697bfb2eb0bb4d273679,9c8f8c16-8b37-59e2-a1e0-a9161100a15a
a8b7d1b17b7948a2a54cc3a3669baa85,9c8f8c16-8b37-59e2-a1e0-a9161100a15a
6a6dde0b84ed73f8bc244cc74aec55f7,9c8f8c16-8b37-59e2-a1e0-a9161100a15a
3c81cb423af8c422b5ecb605fe2b485f,9c8f8c16-8b37-59e2-a1e0-a9161100a15a
133752a3ba20a5394aa762f39f7d29ad,9c8f8c16-8b37-59e2-a1e0-a9161100a15a
14445f9212afc65e84235cbb070380b6,9c8f8c16-8b37-59e2-a1e0-a9161100a15a
f97b87fcb80b31ceb074729e1bc9fb4f,9c8f8c16-8b37-59e2-a1e0-a9161100a15a
d87f9f8e17572ac8af73cd4469694e2f,9c8f8c16-8b37-59e2-a1e0-a9161100a15a
420771811053b180286c891ed7cc44d2,9c8f8c16-8b37-59e2-a1e0-a9161100a15a
c957337417f03326f50794f9b906d320,9c8f8c16-8b37-59e2-a1e0-a9161100a15a
f5c604fad11732cbeba8652e39e36858,9c8f8c16-8b37-59e2-a1e0-a9161100a15a
108ef442537b43c8bffe310590d987d9,9c8f8c16-8b37-59e2-a1e0-a9161100a15a
fc55c9bc46b11b61b6ca06a3d7129a85,9c8f8c16-8b37-59e2-a1e0-a9161100a15a
1ce280aa395e21258fee442079b23fa0,9c8f8c16-8b37-59e2-a1e0-a9161100a15a
1a49f0b91d6f9edd020e3ee6ac890a34,9c8f8c16-8b37-59e2-a1e0-a9161100a15a
10195e5f64c08bb1cf9979565d104c50,9c8f8c16-8b37-59e2-a1e0-a9161100a15a
a1b00bdeb5c445447ff8eb350d1cc391,9c8f8c16-8b37-59e2-a1e0-a9161100a15a
4d7f23b1e34ee857d9da5cfdc4c7ad39,9c8f8c16-8b37-59e2-a1e0-a9161100a15a
1ff7133db4f61febb6c5c6b856dcfd49,9c8f8c16-8b37-59e2-a1e0-a9161100a15a
fb4aa5d1bb0c11e68b4df9de5b040734,9c8f8c16-8b37-59e2-a1e0-a9161100a15a
3cfb6f342e5086d997d8f523a32f8617,9c8f8c16-8b37-59e2-a1e0-a9161100a15a
bf5c9d8c4817b453808f6cbac46e0338,9c8f8c16-8b37-59e2-a1e0-a9161100a15a
f88dbd2aa16dd06b18706c5a57a5fb28,9c8f8c16-8b37-59e2-a1e0-a9161100a15a
079d6dcb2267dde18755c112d635738e,9c8f8c16-8b37-59e2-a1e0-a9161100a15a
4b01f3df4a955571cd5a14ffa3722636,9c8f8c16-8b37-59e2-a1e0-a9161100a15a
a963bc8d7e463d4a235a346001b4cfe4,9c8f8c16-8b37-59e2-a1e0-a9161100a15a
4fcdd5d8370a9ec9cd78d96d01d0c139,9c8f8c16-8b37-59e2-a1e0-a9161100a15a
6bcdc79062c6ef774f1f38c2698b78ad,9c8f8c16-8b37-59e2-a1e0-a9161100a15a
a2869c589bdcec82bebdf4147cd3b002,9c8f8c16-8b37-59e2-a1e0-a9161100a15a
f2d7634b85825e9c9b1cf3ee8a1fa330,9c8f8c16-8b37-59e2-a1e0-a9161100a15a
4a93d9c212fb4b4d682f7b7c891e0762,9c8f8c16-8b37-59e2-a1e0-a9161100a15a
c79ad02e97661106c38568a560f9cf97,9c8f8c16-8b37-59e2-a1e0-a9161100a15a
8b2d51df628905d84f3eb3f46e3236ad,9c8f8c16-8b37-59e2-a1e0-a9161100a15a
401aa550316be50fa5654b1a12cf11f6,a5fb926e-9f2d-514e-b9d3-f63d40e4a627
b24959ae085a7fa07cea841bfaa9f89d,a5fb926e-9f2d-514e-b9d3-f63d40e4a627
598fbe4c5cbe0f23998139d4b9961e5e,a5fb926e-9f2d-514e-b9d3-f63d40e4a627
133714cb36fded27ed88ad5e5d5fa336,a5fb926e-9f2d-514e-b9d3-f63d40e4a627
c8e126f6cbbd31424adfa408ee12ba4a,a5fb926e-9f2d-514e-b9d3-f63d40e4a627
71c9ca5d795bf1a561e5dc7d2557ad37,a5fb926e-9f2d-514e-b9d3-f63d40e4a627
10195e5f64c08bb1cf9979565d104c50,a5fb926e-9f2d-514e-b9d3-f63d40e4a627
a1b00bdeb5c445447ff8eb350d1cc391,a5fb926e-9f2d-514e-b9d3-f63d40e4a627
15331b462b83c089888caf3621f45415,a5fb926e-9f2d-514e-b9d3-f63d40e4a627
85d4c536559a9b6b1428f15db7fcc566,a5fb926e-9f2d-514e-b9d3-f63d40e4a627
0cf35ccae138f11a4eed0b50965c6b44,a5fb926e-9f2d-514e-b9d3-f63d40e4a627
a02da9ce2bde406754b48976c04e538a,a5fb926e-9f2d-514e-b9d3-f63d40e4a627
43c0d097584dfaa205b1ef96c0716d4b,a5fb926e-9f2d-514e-b9d3-f63d40e4a627
78aa0d0b74408bb2dccd8f1b3340e0eb,a5fb926e-9f2d-514e-b9d3-f63d40e4a627
eba6ae4a78b7a222a38b803e3ef369c5,a5fb926e-9f2d-514e-b9d3-f63d40e4a627
cf537dd70b8d91d24e81facab536d6a2,a5fb926e-9f2d-514e-b9d3-f63d40e4a627
e9736596aeb8d0038a5282c9f367cadb,a5fb926e-9f2d-514e-b9d3-f63d40e4a627
ff4ca4714b46318cdc246210149979c2,a5fb926e-9f2d-514e-b9d3-f63d40e4a627
e9ce89e83343657894490ce24aefa33d,a5fb926e-9f2d-514e-b9d3-f63d40e4a627
d2a7d7e14d60aadcb2624908df4fbd14,a5fb926e-9f2d-514e-b9d3-f63d40e4a627
7a61b9871bfaf564462c154a1a963df0,a5fb926e-9f2d-514e-b9d3-f63d40e4a627
b3d9b59a9b433c82a5539803ff5c7e01,a5fb926e-9f2d-514e-b9d3-f63d40e4a627
0326e8699a046153fcbcc0e4cb2cfc7a,a5fb926e-9f2d-514e-b9d3-f63d40e4a627
9e36ffae4de651dd96a65518d37b39ad,a5fb926e-9f2d-514e-b9d3-f63d40e4a627
adaed9f5cd7875edf142ace85559c5c5,a5fb926e-9f2d-514e-b9d3-f63d40e4a627
03682ca96bd6e9621fd4e4455940d2bc,a5fb926e-9f2d-514e-b9d3-f63d40e4a627
c03f4c9050de82d68f705bdfa3240fa6,a5fb926e-9f2d-514e-b9d3-f63d40e4a627
a5618b728a3e859c23dd1d28c6c86d3a,a5fb926e-9f2d-514e-b9d3-f63d40e4a627
afd334a2ec9b4d8acea34ba89f0ad25a,a5fb926e-9f2d-514e-b9d3-f63d40e4a627
5323f2ec3d552352bf515ff615132994,a5fb926e-9f2d-514e-b9d3-f63d40e4a627
e9704031188b106fa93204e1488f8a9f,a5fb926e-9f2d-514e-b9d3-f63d40e4a627
c73cb5d1214203b947522ae1c1b73359,a5fb926e-9f2d-514e-b9d3-f63d40e4a627
0b220c06773f875402b4a10a4db4c0b4,a5fb926e-9f2d-514e-b9d3-f63d40e4a627
80aa90d65b1e794d4c3971edd8c3fefa,a5fb926e-9f2d-514e-b9d3-f63d40e4a627
0b7eab6e5ab36f3427f25fc8003e11d2,a5fb926e-9f2d-514e-b9d3-f63d40e4a627
1ec106f01a2a63cc2b9554ab368a7163,a5fb926e-9f2d-514e-b9d3-f63d40e4a627
159ed4e6b991921db37c6cb98da6ae09,a5fb926e-9f2d-514e-b9d3-f63d40e4a627
43f13722f5a05df41119dd12591b357d,a5fb926e-9f2d-514e-b9d3-f63d40e4a627
238b4b2204593563c8aed11b4bc07824,a5fb926e-9f2d-514e-b9d3-f63d40e4a627
ada250c9411680d7b4b2b97cafe11edc,a5fb926e-9f2d-514e-b9d3-f63d40e4a627
a21ffeff800e4ba58dec22fb64505ffc,a5fb926e-9f2d-514e-b9d3-f63d40e4a627
ab6673b7e5c6b7b8a4f144f378d00707,a5fb926e-9f2d-514e-b9d3-f63d40e4a627
14275c16c47e35795ddcc11eea840568,a5fb926e-9f2d-514e-b9d3-f63d40e4a627
1da9db96c4c24f061e50a4b72e3368d0,a5fb926e-9f2d-514e-b9d3-f63d40e4a627
2a2b7f1669619098c3fc9e09a3404a69,a5fb926e-9f2d-514e-b9d3-f63d40e4a627
1ec4c97a8c99f16cb7f2f399d673e321,a5fb926e-9f2d-514e-b9d3-f63d40e4a627
c00c0655d60fee0457743fc3a4306f60,a5fb926e-9f2d-514e-b9d3-f63d40e4a627
e824e68df93bcc53dc0de42cdd0ccc21,a5fb926e-9f2d-514e-b9d3-f63d40e4a627
f44acd1e6b8ec5c858df7c439d795912,a5fb926e-9f2d-514e-b9d3-f63d40e4a627
83a807a697736de46cb1530f53b15d67,a5fb926e-9f2d-514e-b9d3-f63d40e4a627
54c83650865d95a6c97c10bd28f03409,a5fb926e-9f2d-514e-b9d3-f63d40e4a627
184fba9635356fdb7c83bbb173c1be0c,a5fb926e-9f2d-514e-b9d3-f63d40e4a627
159b3776ca8852726268b0a7e5734e10,a5fb926e-9f2d-514e-b9d3-f63d40e4a627
39afa1f3563882a1d1c23c9bf7f9b24c,a5fb926e-9f2d-514e-b9d3-f63d40e4a627
f11a0c0fb7e957e15cbd29d44350b24a,a5fb926e-9f2d-514e-b9d3-f63d40e4a627
87d880b280beaffbd767350a84453d44,a5fb926e-9f2d-514e-b9d3-f63d40e4a627
5c269958519c8616d4976971f02be33d,a5fb926e-9f2d-514e-b9d3-f63d40e4a627
aa223e465f02ac388ca3e1379a6f7363,a5fb926e-9f2d-514e-b9d3-f63d40e4a627
1a52373cdd30cce019d18921358a35a3,a5fb926e-9f2d-514e-b9d3-f63d40e4a627
080098e3dd0fce56a5ff7ca4c17855f2,a5fb926e-9f2d-514e-b9d3-f63d40e4a627
c89077512aa340b293442ab6c0a90184,a5fb926e-9f2d-514e-b9d3-f63d40e4a627
3634a3e32d7293747bbf1e2061067ee8,a5fb926e-9f2d-514e-b9d3-f63d40e4a627
85ca0f0441d195297dc8243e6d18b53e,a5fb926e-9f2d-514e-b9d3-f63d40e4a627
9fc4b136eb4fb390655723c8e52f48d9,a5fb926e-9f2d-514e-b9d3-f63d40e4a627
6181934bf64e2547a11eac3d5b961f4c,a5fb926e-9f2d-514e-b9d3-f63d40e4a627
5519a309a7ad0246b857e4accd344aee,a5fb926e-9f2d-514e-b9d3-f63d40e4a627
b04915417d08d41e7e5d90c438518fee,a5fb926e-9f2d-514e-b9d3-f63d40e4a627
5583ddb0ca3bdc6ce98f8c340ef324a0,a5fb926e-9f2d-514e-b9d3-f63d40e4a627
4fd8d276e58a0f0b7f347c194223ed7e,a5fb926e-9f2d-514e-b9d3-f63d40e4a627
05941a44356583ed0045f9361f7959e2,a5fb926e-9f2d-514e-b9d3-f63d40e4a627
4ccf518dd798b09b994f9c39df5b2b0f,a5fb926e-9f2d-514e-b9d3-f63d40e4a627
3edca5d049a459061163c5d768af5191,a5fb926e-9f2d-514e-b9d3-f63d40e4a627
e84b5365c5330827bc97ff726aca3d2a,a5fb926e-9f2d-514e-b9d3-f63d40e4a627
72190dbe1bcfbe5f6f98a6721522ff3d,a5fb926e-9f2d-514e-b9d3-f63d40e4a627
24c77702ab21ad2be84d058921a90f9a,a5fb926e-9f2d-514e-b9d3-f63d40e4a627
53b3cbd26e1dfe0b96e379144bcfb852,a5fb926e-9f2d-514e-b9d3-f63d40e4a627
0edaf802fbd3f62bd2160db3b6cbec7c,a5fb926e-9f2d-514e-b9d3-f63d40e4a627
1e10a70233caa18df545ef3b9dd6506f,a5fb926e-9f2d-514e-b9d3-f63d40e4a627
55089b47ed27209eb97acb5d7a825d7a,a5fb926e-9f2d-514e-b9d3-f63d40e4a627
d61d881736e6d6ecab2247af72b7d1a8,a5fb926e-9f2d-514e-b9d3-f63d40e4a627
f10794ddbf40cb5c7deb82cbd4a757dd,a5fb926e-9f2d-514e-b9d3-f63d40e4a627
183e00e8e6e30d51031f05cdd1c604f7,a5fb926e-9f2d-514e-b9d3-f63d40e4a627
3cdbb719e46a5e55e750f4f1c2e3edd9,a5fb926e-9f2d-514e-b9d3-f63d40e4a627
3e0c813b9826fcda9d39083f615da31e,a5fb926e-9f2d-514e-b9d3-f63d40e4a627
232b8143a06c28f38b817864e14f1498,a5fb926e-9f2d-514e-b9d3-f63d40e4a627
1bdaf326be31bdeff6181da26574f3e7,a5fb926e-9f2d-514e-b9d3-f63d40e4a627
bfd22f53609e19d03a07f578ce6571ba,a5fb926e-9f2d-514e-b9d3-f63d40e4a627
ba7c0814f83a2a5373023afa0c919936,a5fb926e-9f2d-514e-b9d3-f63d40e4a627
38422031fb73a089b29c71689512c67d,a5fb926e-9f2d-514e-b9d3-f63d40e4a627
84e70e3df6edcf63ebb9368333e36c43,a5fb926e-9f2d-514e-b9d3-f63d40e4a627
2214f0e15b6159b6141cf664e7f40d7f,a5fb926e-9f2d-514e-b9d3-f63d40e4a627
8dc943aec36548560a4a226b3dce7f2d,a5fb926e-9f2d-514e-b9d3-f63d40e4a627
85385f6e9529b088f8a72fde1ec3f3b9,a5fb926e-9f2d-514e-b9d3-f63d40e4a627
27adf3c377da31ffeebe70a577de0383,a5fb926e-9f2d-514e-b9d3-f63d40e4a627
d6ffd3171128dca0ed408a0e5ec749b9,a5fb926e-9f2d-514e-b9d3-f63d40e4a627
3247e5caaecc0e52b45c56d6bab2ef56,a5fb926e-9f2d-514e-b9d3-f63d40e4a627
6a41f4abf07a8e9f5f75acfd886f257a,a5fb926e-9f2d-514e-b9d3-f63d40e4a627
96733e9756a2718af94862fbc6ac2735,a5fb926e-9f2d-514e-b9d3-f63d40e4a627
0927240a2d19a2c3100e26c41a923e18,a5fb926e-9f2d-514e-b9d3-f63d40e4a627
c9f097c9e0b7d2cfca05d839634e388c,a5fb926e-9f2d-514e-b9d3-f63d40e4a627
9396b5df79a4d858d6c348ff9ba07369,a5fb926e-9f2d-514e-b9d3-f63d40e4a627
7e1c171e7460150ecc898b6a7fdbea89,a5fb926e-9f2d-514e-b9d3-f63d40e4a627
b8bcb4505b40323f39c0c494e84cbba6,a5fb926e-9f2d-514e-b9d3-f63d40e4a627
0b39ce16cd0e591cbeb2f4ab25983b7f,a5fb926e-9f2d-514e-b9d3-f63d40e4a627
896bd0108cfd0ab10a6033abff34f082,a5fb926e-9f2d-514e-b9d3-f63d40e4a627
8f952897bd317feee31190a0bc902e05,a5fb926e-9f2d-514e-b9d3-f63d40e4a627
c862a3dc0485e77dfc972849966970fc,a5fb926e-9f2d-514e-b9d3-f63d40e4a627
956f40d55b5da19eb159453493e5cfa2,a5fb926e-9f2d-514e-b9d3-f63d40e4a627
fcb4fcd9ba71c509c5e2293203651c6e,a5fb926e-9f2d-514e-b9d3-f63d40e4a627
d8ef5a51e4fd5a27bbeeed58d0bd20cd,a5fb926e-9f2d-514e-b9d3-f63d40e4a627
1d23d7ecd35af0aafe6b2f805d7ce8cc,a5fb926e-9f2d-514e-b9d3-f63d40e4a627
4558f9783ed9c08a3b2ba76eb8ee1211,a5fb926e-9f2d-514e-b9d3-f63d40e4a627
dbc241ff54306b5555a5a638390e17a6,a5fb926e-9f2d-514e-b9d3-f63d40e4a627
482cad8d6b91d49a9d21ab0169aab4c5,a5fb926e-9f2d-514e-b9d3-f63d40e4a627
7dc9e8c5b9f80621ae2d9d819877e698,a5fb926e-9f2d-514e-b9d3-f63d40e4a627
cd809823b2e40435f8c03abee6de04b4,a5fb926e-9f2d-514e-b9d3-f63d40e4a627
44e62d11085a67bf7f37aaf6f05f5c55,a5fb926e-9f2d-514e-b9d3-f63d40e4a627
917b2385ec638f16d6047c90f101fce6,a5fb926e-9f2d-514e-b9d3-f63d40e4a627
1bb935aaad62bde508aa97b9ad4f4031,a5fb926e-9f2d-514e-b9d3-f63d40e4a627
4ec8c09308e6efe869ca43e56cb935bf,a5fb926e-9f2d-514e-b9d3-f63d40e4a627
22d35b015d7fa27aacbda582ce210ae4,a5fb926e-9f2d-514e-b9d3-f63d40e4a627
2f6c0a28f916beec47ebbc263f552c54,a5fb926e-9f2d-514e-b9d3-f63d40e4a627
5226d9ed2b8f4bf93efefbc1aaf712dd,d658b718-a3c7-5bb3-85e3-7557ae459d2e
4a93d9c212fb4b4d682f7b7c891e0762,d658b718-a3c7-5bb3-85e3-7557ae459d2e
61173baffdf59652edc555c6a3eefd53,d658b718-a3c7-5bb3-85e3-7557ae459d2e
2470ae58f748292aaa058c1c42edec55,d658b718-a3c7-5bb3-85e3-7557ae459d2e
ab609db1cbb4a68934ce5cb2f610bbd9,d658b718-a3c7-5bb3-85e3-7557ae459d2e
6add00fc86126c5e3d9c16d71f4594b0,d658b718-a3c7-5bb3-85e3-7557ae459d2e
4d9db5d62f710e26ddf9e443e323529d,d658b718-a3c7-5bb3-85e3-7557ae459d2e
8693a04cc2ee1a644125e0bce8401038,d658b718-a3c7-5bb3-85e3-7557ae459d2e
e63153f0bfcb4f732c6dbf9e4641438d,d658b718-a3c7-5bb3-85e3-7557ae459d2e
a7a26141529e73a7b28ef5d1d9618449,d658b718-a3c7-5bb3-85e3-7557ae459d2e
aeec109feb730af7e1a6deb9fce0fc45,d658b718-a3c7-5bb3-85e3-7557ae459d2e
d047e0201a83703604e497a1b5a3e8e3,d658b718-a3c7-5bb3-85e3-7557ae459d2e
490d6e973c5d8f432ae673a656000aa5,d658b718-a3c7-5bb3-85e3-7557ae459d2e
0d117d583fb4a8e64ddfcb572556677d,d658b718-a3c7-5bb3-85e3-7557ae459d2e
0427a93c58df3bd0eec58c41e2108a83,d658b718-a3c7-5bb3-85e3-7557ae459d2e
d150d02c0b6b9eed281a743c01443918,d658b718-a3c7-5bb3-85e3-7557ae459d2e
5389f118eec17e4cfa21f5d8e4703679,d658b718-a3c7-5bb3-85e3-7557ae459d2e
cbfb146184998d5ddc9a5953c3ebc4f4,d658b718-a3c7-5bb3-85e3-7557ae459d2e
eb19e8caa2f818db858995495c82dc5f,d658b718-a3c7-5bb3-85e3-7557ae459d2e
250c1fcd53ff75e254a1dcf8c34b9c6c,d658b718-a3c7-5bb3-85e3-7557ae459d2e
5c85de050d210d1c651afed246ee918f,d658b718-a3c7-5bb3-85e3-7557ae459d2e
0fc76f778ba17763147bf9f9db05c37e,d658b718-a3c7-5bb3-85e3-7557ae459d2e
f974a9cef8ab70b676cbf40ecb16f8f2,d658b718-a3c7-5bb3-85e3-7557ae459d2e
ffca15bd9f104d0d35a9dab3ea15e351,d658b718-a3c7-5bb3-85e3-7557ae459d2e
b264c3a28291b5d47b6b4ce854d6ab02,d658b718-a3c7-5bb3-85e3-7557ae459d2e
8717b2713ff4fd5160966de1310d4d3a,d658b718-a3c7-5bb3-85e3-7557ae459d2e
4f2957635f988b18522db7ab87a5b9bd,d658b718-a3c7-5bb3-85e3-7557ae459d2e
15f84442926500d95bbfdc677711ff99,d658b718-a3c7-5bb3-85e3-7557ae459d2e
b607d8e15940dabb05814d853d53ace7,d658b718-a3c7-5bb3-85e3-7557ae459d2e
a7f9a2bfa9ee22313c65dc5585e5886f,d658b718-a3c7-5bb3-85e3-7557ae459d2e
eb21185b2cb17bdbb1a542eccd2cf72c,d658b718-a3c7-5bb3-85e3-7557ae459d2e
1ec106f01a2a63cc2b9554ab368a7163,d658b718-a3c7-5bb3-85e3-7557ae459d2e
24715bc689c475a5e1d3b96de3b271ff,d658b718-a3c7-5bb3-85e3-7557ae459d2e
b8fe44ac788b3b506b4d1c64581c9d20,d658b718-a3c7-5bb3-85e3-7557ae459d2e
075000b99e8ac8d966d8a25f77cd81f3,d658b718-a3c7-5bb3-85e3-7557ae459d2e
bd2bf73a080d5f46ea9f0e56584b0612,d658b718-a3c7-5bb3-85e3-7557ae459d2e
dd7f5037436b6fe1c8583343a73c8110,d658b718-a3c7-5bb3-85e3-7557ae459d2e
ecf460e3b88bfbe53e8f56d6efbc8db3,d658b718-a3c7-5bb3-85e3-7557ae459d2e
84bad2ed882a898ee6713eda08b3fd40,d658b718-a3c7-5bb3-85e3-7557ae459d2e
33cc2e11468f7decdf43df71e3297afb,d658b718-a3c7-5bb3-85e3-7557ae459d2e
ac5cefdde6da6171013d49576c5038b3,d658b718-a3c7-5bb3-85e3-7557ae459d2e
404b954c8bbb1c09f9aee18eb2e93662,d658b718-a3c7-5bb3-85e3-7557ae459d2e
17bbb17a60558a4b4ae775e0c189129d,d658b718-a3c7-5bb3-85e3-7557ae459d2e
a276a74b3fa81202564d877ff9221007,d658b718-a3c7-5bb3-85e3-7557ae459d2e
c71a4e462fd27a1ab2410ac14baefbe6,d658b718-a3c7-5bb3-85e3-7557ae459d2e
7e0be093475d00e0fbd8bf63013e0a68,d658b718-a3c7-5bb3-85e3-7557ae459d2e
0ca6483b11c6f41fca555f189283b7ab,d658b718-a3c7-5bb3-85e3-7557ae459d2e
292964ebafc694b28b7bd74063182c31,d658b718-a3c7-5bb3-85e3-7557ae459d2e
90c8c0845ed3a2927ce44cf94215723d,d658b718-a3c7-5bb3-85e3-7557ae459d2e
cc0817159f19e03711a55c9a867d9fa0,d658b718-a3c7-5bb3-85e3-7557ae459d2e
04585de22aefd6ea685457be915583c0,d658b718-a3c7-5bb3-85e3-7557ae459d2e
1956a6eb8aa29b858fa7ab7d6d6f796f,d658b718-a3c7-5bb3-85e3-7557ae459d2e
fd45ae77ba0469275994ae85a3ddfa2c,d658b718-a3c7-5bb3-85e3-7557ae459d2e
6e880c1771552fba28b1b4ef95bd3068,d658b718-a3c7-5bb3-85e3-7557ae459d2e
c8d9cb9eff5deea5514a66e33ee789c8,d658b718-a3c7-5bb3-85e3-7557ae459d2e
432022beda8b2f0c6d5a5f566fe954ce,d658b718-a3c7-5bb3-85e3-7557ae459d2e
079f72b3443952f1a3957ae4f9ac13aa,d658b718-a3c7-5bb3-85e3-7557ae459d2e
e8219ecb5dd8e73d5a9a488dd320669d,d658b718-a3c7-5bb3-85e3-7557ae459d2e
daebf33b89f0b5dcb4042d4b4774b6de,d658b718-a3c7-5bb3-85e3-7557ae459d2e
b7e28da189bdeeaa795c8a4990f4d3dd,d658b718-a3c7-5bb3-85e3-7557ae459d2e
2dce4505f768a6f896609260094bf02f,d658b718-a3c7-5bb3-85e3-7557ae459d2e
63f15bb1026b2a8588701fa3170471b2,d658b718-a3c7-5bb3-85e3-7557ae459d2e
ac3cbf74b5589eef7d4734ac2c8a9f8a,d658b718-a3c7-5bb3-85e3-7557ae459d2e
c442e450b70ed4ec8f23dee158e24fab,d658b718-a3c7-5bb3-85e3-7557ae459d2e
538ba9741decd3c3e956ba8eecc365cc,d658b718-a3c7-5bb3-85e3-7557ae459d2e
50dd1cf60910c1d9b904ecd0b03957f1,d658b718-a3c7-5bb3-85e3-7557ae459d2e
5e94a9fc113994e6eb73f8fcb57d669e,d658b718-a3c7-5bb3-85e3-7557ae459d2e
180c0d56e7b2e40656671847a847e3ba,d658b718-a3c7-5bb3-85e3-7557ae459d2e
500cf47d174fa248ceaf1ec33c35cdc0,d658b718-a3c7-5bb3-85e3-7557ae459d2e
0b72ca4981fde5d71b46264e8cf9d4f4,d658b718-a3c7-5bb3-85e3-7557ae459d2e
533a967c9e7f1442e859fc9099613ac4,d658b718-a3c7-5bb3-85e3-7557ae459d2e
637ce8040f872348bbd1a9e2f2bdbb88,d658b718-a3c7-5bb3-85e3-7557ae459d2e
a55fe0f6be6d6fb5f3d3840fa938a360,d658b718-a3c7-5bb3-85e3-7557ae459d2e
9b021dcc5fef11cfa73bdb1e0dfd79eb,d658b718-a3c7-5bb3-85e3-7557ae459d2e
63df77cf1d177cfa359aa311218ea14d,d658b718-a3c7-5bb3-85e3-7557ae459d2e
d18f5e2006d8641c5744988e401e82fa,d658b718-a3c7-5bb3-85e3-7557ae459d2e
21433dbeac2f5483c51bbda183baceda,d658b718-a3c7-5bb3-85e3-7557ae459d2e
ec01dda5db4726788dfefda76bf6ad8a,d658b718-a3c7-5bb3-85e3-7557ae459d2e
b4f10955173174833c81536681a1bc60,d658b718-a3c7-5bb3-85e3-7557ae459d2e
c91ac3117c8d6ef0d30355408f8d2fb3,d658b718-a3c7-5bb3-85e3-7557ae459d2e
f52e8ed2a7b9763b7cf4bab817fdffc6,d658b718-a3c7-5bb3-85e3-7557ae459d2e
11e4a0e4c675cc9450cb7607ffb1a3fd,d658b718-a3c7-5bb3-85e3-7557ae459d2e
13abff86757aebcbb89b4746f4057a7d,383fbe69-7631-5864-8ebb-31419da88b68
5f3945043cc50d5601cb31ba98b93168,383fbe69-7631-5864-8ebb-31419da88b68
6d02c16e4548f3a79685bdcd78657f8d,383fbe69-7631-5864-8ebb-31419da88b68
011a630b8d665dee0dfce6ef5985e042,383fbe69-7631-5864-8ebb-31419da88b68
34e0a8dfbaea74b5a0b303fc125b6ce0,383fbe69-7631-5864-8ebb-31419da88b68
aba7e3b00704a2811e4466702be93547,383fbe69-7631-5864-8ebb-31419da88b68
35771e6028e698abd157e2f30633c420,383fbe69-7631-5864-8ebb-31419da88b68
3ec371305cf2e60bb0ede5056de323d4,383fbe69-7631-5864-8ebb-31419da88b68
b75811b7c60c11e8e4b007f7cc63fc20,383fbe69-7631-5864-8ebb-31419da88b68
b6a9c71c661da1464d1331f8a4c3fd27,383fbe69-7631-5864-8ebb-31419da88b68
993996431da9e3ef7f209a75d566a6aa,383fbe69-7631-5864-8ebb-31419da88b68
6ef2b08e6bbd76540fbf396bb1de312e,383fbe69-7631-5864-8ebb-31419da88b68
2214469ef7e2991612736a4da6069381,383fbe69-7631-5864-8ebb-31419da88b68
1f233afffbda53f5fcbfc6ef852923ab,383fbe69-7631-5864-8ebb-31419da88b68
083fcf3e8590ff9f04ff244bfa8d6c77,383fbe69-7631-5864-8ebb-31419da88b68
2d9dc518fc54b549e13a40a3646b4c62,383fbe69-7631-5864-8ebb-31419da88b68
2eda2e4c04d5f5f2e1197c6df893913d,383fbe69-7631-5864-8ebb-31419da88b68
e4cb8d38364494c907077223343c5b9d,383fbe69-7631-5864-8ebb-31419da88b68
d39e215bcde3f9722dc7d641e92885ed,383fbe69-7631-5864-8ebb-31419da88b68
3ff79e7c7f1ad88b1b0079c2778393bd,383fbe69-7631-5864-8ebb-31419da88b68
94f97378e17df70b662389f1699a6c6c,383fbe69-7631-5864-8ebb-31419da88b68
276e1ca4536777049f31eb58a1266b4f,383fbe69-7631-5864-8ebb-31419da88b68
49da7cc028791c60d40a91bf3b1d9863,383fbe69-7631-5864-8ebb-31419da88b68
591d95e2c2b490130169b0a99d276e87,383fbe69-7631-5864-8ebb-31419da88b68
b26fe24771aceacc6f9c7a6be77fb275,383fbe69-7631-5864-8ebb-31419da88b68
e61822f757ccafca0ebfbce29f0a12bb,383fbe69-7631-5864-8ebb-31419da88b68
b7aad86bea7a24368b7d0509fe351b24,383fbe69-7631-5864-8ebb-31419da88b68
45c73995e58e6dd07b5f4c6f18290128,383fbe69-7631-5864-8ebb-31419da88b68
94ab6970fa22116faa885f8f7f72dd2b,383fbe69-7631-5864-8ebb-31419da88b68
2612c782957bdd455555663231adfafa,383fbe69-7631-5864-8ebb-31419da88b68
1e473959fd9795e9586a753acc80656e,383fbe69-7631-5864-8ebb-31419da88b68
f00e5bf3d0bf501d0cbe2170fc8307ab,383fbe69-7631-5864-8ebb-31419da88b68
8061cf29b33a086f39c073495092d15e,383fbe69-7631-5864-8ebb-31419da88b68
f2283e9312ff5f959e2b43d0b6b5ca7b,383fbe69-7631-5864-8ebb-31419da88b68
b46991241e31a049a5eb8927c90759be,383fbe69-7631-5864-8ebb-31419da88b68
c411a02937f7c956ea3bfa3c72376299,383fbe69-7631-5864-8ebb-31419da88b68
b017d866166a5e21cf9b6a373bb1f7a3,383fbe69-7631-5864-8ebb-31419da88b68
4d00a9cf825a42a76a43051c3f8060da,383fbe69-7631-5864-8ebb-31419da88b68
bf49fc03b85f0689611db83e1ec23053,383fbe69-7631-5864-8ebb-31419da88b68
292b511f7b1ac51a560da21390d6f171,383fbe69-7631-5864-8ebb-31419da88b68
73c3b8507ec00ec616aafc5a4b541842,383fbe69-7631-5864-8ebb-31419da88b68
d6eaca0f46708592abf7b3f2fe98b7af,383fbe69-7631-5864-8ebb-31419da88b68
c9a96fa4b2dafbc57beab05cb7b8cfca,383fbe69-7631-5864-8ebb-31419da88b68
6ff1e7b45760eef134c414e0d44e0ff6,383fbe69-7631-5864-8ebb-31419da88b68
656742b97fc6cc232b197e26d7035cca,383fbe69-7631-5864-8ebb-31419da88b68
62292a28c2a6f61dfded77f055c17c20,383fbe69-7631-5864-8ebb-31419da88b68
336c4667cab63ede5b5395996b2bc134,383fbe69-7631-5864-8ebb-31419da88b68
7b0a3a0103b2ed6c557d45831fe55603,383fbe69-7631-5864-8ebb-31419da88b68
664e9e50319036e11b4ee2a06836eb93,383fbe69-7631-5864-8ebb-31419da88b68
10d38c67862176ca3cc801c1a01da1c7,383fbe69-7631-5864-8ebb-31419da88b68
e7894c8d7e327d0dba69b81bc3d2edc0,383fbe69-7631-5864-8ebb-31419da88b68
c198a1814d1254517469f126bbf26b6b,383fbe69-7631-5864-8ebb-31419da88b68
d61735ed8f85b7e1a49651c556f9dbee,383fbe69-7631-5864-8ebb-31419da88b68
de1eb4eaf52a07fdd5674a49b5acbe60,383fbe69-7631-5864-8ebb-31419da88b68
402329e902c1b7d1ff80f7557938d341,383fbe69-7631-5864-8ebb-31419da88b68
bd05e92de63ce6526a09be35e6a284ef,383fbe69-7631-5864-8ebb-31419da88b68
dd3eb7a1fc3a7eae5d25bea0fd33a611,383fbe69-7631-5864-8ebb-31419da88b68
f441a90ae083da9b655cef07e281f526,383fbe69-7631-5864-8ebb-31419da88b68
7e6146ceb21271019d4d0676600f74d7,383fbe69-7631-5864-8ebb-31419da88b68
b9a5c716a0e53385cff02d67580a4814,383fbe69-7631-5864-8ebb-31419da88b68
cfd9ef1f9b152ca34b1232b03538e588,383fbe69-7631-5864-8ebb-31419da88b68
badf687a8ec1f3e6af6a3603004aad00,383fbe69-7631-5864-8ebb-31419da88b68
c3cfaab7bbc725791b388e3e34aadd80,383fbe69-7631-5864-8ebb-31419da88b68
e01ae73a044e44816fac3b02f56a3b5e,383fbe69-7631-5864-8ebb-31419da88b68
0916ccde505c0de5f1b66d04b0ae73bd,383fbe69-7631-5864-8ebb-31419da88b68
9396b5df79a4d858d6c348ff9ba07369,383fbe69-7631-5864-8ebb-31419da88b68
27adf3c377da31ffeebe70a577de0383,383fbe69-7631-5864-8ebb-31419da88b68
c9f097c9e0b7d2cfca05d839634e388c,383fbe69-7631-5864-8ebb-31419da88b68
b8bcb4505b40323f39c0c494e84cbba6,383fbe69-7631-5864-8ebb-31419da88b68
96733e9756a2718af94862fbc6ac2735,383fbe69-7631-5864-8ebb-31419da88b68
6a41f4abf07a8e9f5f75acfd886f257a,383fbe69-7631-5864-8ebb-31419da88b68
3247e5caaecc0e52b45c56d6bab2ef56,383fbe69-7631-5864-8ebb-31419da88b68
d6ffd3171128dca0ed408a0e5ec749b9,383fbe69-7631-5864-8ebb-31419da88b68
cc14fd440f17ce92719b176c476bfd11,383fbe69-7631-5864-8ebb-31419da88b68
eb39d4e75d59c89266edaa0e784de1e4,383fbe69-7631-5864-8ebb-31419da88b68
614cc2d48bc4758282a40e6039b79434,383fbe69-7631-5864-8ebb-31419da88b68
39c1d3315b491691370d58bf4d7987fb,383fbe69-7631-5864-8ebb-31419da88b68
7a112e67e8e7e8987024719d646ac1fc,383fbe69-7631-5864-8ebb-31419da88b68
8398b04df04f10a97771b1257db9c6af,383fbe69-7631-5864-8ebb-31419da88b68
1af2ca79a154ebe7e79366cbce4a72f7,383fbe69-7631-5864-8ebb-31419da88b68
54caaff79f4e1dc6891898359b445649,383fbe69-7631-5864-8ebb-31419da88b68
8acb71ad91248526b6b876482f6f2c83,383fbe69-7631-5864-8ebb-31419da88b68
5ba4422cfc81de8b731829ee0f69e880,383fbe69-7631-5864-8ebb-31419da88b68
4398c597c4e7ac43cae4497c894bd396,383fbe69-7631-5864-8ebb-31419da88b68
c63db0e9e687313682b8dcc93248574e,383fbe69-7631-5864-8ebb-31419da88b68
6bcc2674407bd88cccf82b5faccced15,383fbe69-7631-5864-8ebb-31419da88b68
8c51d8e34c60475b7db868b8c59e689e,383fbe69-7631-5864-8ebb-31419da88b68
a091cdee4ceb300416c623816a784bda,383fbe69-7631-5864-8ebb-31419da88b68
4f2957635f988b18522db7ab87a5b9bd,383fbe69-7631-5864-8ebb-31419da88b68
15f84442926500d95bbfdc677711ff99,383fbe69-7631-5864-8ebb-31419da88b68
dfd71a16aa73b53ba2d39c1706422d8e,383fbe69-7631-5864-8ebb-31419da88b68
ecf61e699c8e69c2452dcd88bb1a5ec9,383fbe69-7631-5864-8ebb-31419da88b68
6ce5f78c1e752b9a111fc9e820b78666,383fbe69-7631-5864-8ebb-31419da88b68
79f79d4837cc9770b6c9d2f25e8518fc,383fbe69-7631-5864-8ebb-31419da88b68
756ac34f35c9e3746fd1fc9a2a16ea47,383fbe69-7631-5864-8ebb-31419da88b68
ad84ca221155ede7d88781d2385630c1,383fbe69-7631-5864-8ebb-31419da88b68
4c7aed178a8997e776ae4dbd13e211fa,383fbe69-7631-5864-8ebb-31419da88b68
6acec6496f1a22275658eadf68171237,383fbe69-7631-5864-8ebb-31419da88b68
c81e029b6557b071d42d6aaf06587e5a,383fbe69-7631-5864-8ebb-31419da88b68
be1bca6e7176f1950a7a9b9b57948cbf,383fbe69-7631-5864-8ebb-31419da88b68
166102ccd2d78fb9211b75c1e2c0f802,383fbe69-7631-5864-8ebb-31419da88b68
789cadc37fbba529a10ea6158e898c2d,383fbe69-7631-5864-8ebb-31419da88b68
ec7821a9f0f545db92f7bd5f7b324986,383fbe69-7631-5864-8ebb-31419da88b68
a7bbe7a09b9090de7a7b61a1034d3956,383fbe69-7631-5864-8ebb-31419da88b68
9f97a656a7fb5cb47274a90adb751f68,27c8bedf-e94a-5178-adf3-d410775db412
4186388902326f934c5893c1c8b7ee3e,27c8bedf-e94a-5178-adf3-d410775db412
8db2d64af89de2c2ed9cc4a70728b301,27c8bedf-e94a-5178-adf3-d410775db412
e758824c47386ec3f3c4981fcc655b15,27c8bedf-e94a-5178-adf3-d410775db412
f8ed6cb008ace1b07e758c5028c2ad00,27c8bedf-e94a-5178-adf3-d410775db412
77bfb8c6608ed79c3fc85936fe5cb6dc,27c8bedf-e94a-5178-adf3-d410775db412
e1ade4abe2181e7e29e11d02ef234b57,27c8bedf-e94a-5178-adf3-d410775db412
ef22c25cfd2b1de938157310610c0565,27c8bedf-e94a-5178-adf3-d410775db412
2adfddfdba4bd4e80e436689a34e09f3,27c8bedf-e94a-5178-adf3-d410775db412
4869b12695736a496f1d4bbcddcb3c03,27c8bedf-e94a-5178-adf3-d410775db412
2337b76b8c321d517627a4eaa6fbe59e,27c8bedf-e94a-5178-adf3-d410775db412
4900baf71511999c55e5f611c50e804a,27c8bedf-e94a-5178-adf3-d410775db412
d2674f9c438f407108c80edc5c7f1804,27c8bedf-e94a-5178-adf3-d410775db412
91dc7653fd03d4bc50e01e669e371c1d,27c8bedf-e94a-5178-adf3-d410775db412
e96e0ee4e0e572a114c87bed3018730f,27c8bedf-e94a-5178-adf3-d410775db412
1818d04f94f5c099bb5abccefd928ae2,27c8bedf-e94a-5178-adf3-d410775db412
ca6d8b65d535f7fc891cc133b5a9e255,27c8bedf-e94a-5178-adf3-d410775db412
dd7dd3b4f0cc44f25943ef924856734f,27c8bedf-e94a-5178-adf3-d410775db412
b3299e1b321c53dddadce1515ac3092e,27c8bedf-e94a-5178-adf3-d410775db412
28fdcfe503ed89cb9f09f5e3b7140699,27c8bedf-e94a-5178-adf3-d410775db412
49f992ef228d03fe8b05fda8410f7ecb,27c8bedf-e94a-5178-adf3-d410775db412
f5329727e6622982671a02387a05d366,27c8bedf-e94a-5178-adf3-d410775db412
50ba227b4275db03d188befb863a4c3d,27c8bedf-e94a-5178-adf3-d410775db412
b24959ae085a7fa07cea841bfaa9f89d,27c8bedf-e94a-5178-adf3-d410775db412
b3a811574dcb8b4c19aeac07b09ec760,27c8bedf-e94a-5178-adf3-d410775db412
401aa550316be50fa5654b1a12cf11f6,27c8bedf-e94a-5178-adf3-d410775db412
c83e2ac574f087ffe6169a52f15a29a9,27c8bedf-e94a-5178-adf3-d410775db412
645dcc308fe6149e6dd54d550bfeae30,27c8bedf-e94a-5178-adf3-d410775db412
c57f7ed66a26de91e50c20a88557b312,27c8bedf-e94a-5178-adf3-d410775db412
ce7e8d4446665808bce972406f7f36ca,27c8bedf-e94a-5178-adf3-d410775db412
03d0967e4a4b86316447fc11de7e0a05,27c8bedf-e94a-5178-adf3-d410775db412
5b2aade43492ce68dd3f97a51ac26e8b,27c8bedf-e94a-5178-adf3-d410775db412
307753287c9100a741ad2a754862f7e4,27c8bedf-e94a-5178-adf3-d410775db412
b5193afb27d370e0a19e9bf815450cee,27c8bedf-e94a-5178-adf3-d410775db412
1b678912ee313903cba63d8041b33677,27c8bedf-e94a-5178-adf3-d410775db412
025a7c618b8fbad05effff02180230e0,27c8bedf-e94a-5178-adf3-d410775db412
a7bbe7a09b9090de7a7b61a1034d3956,27c8bedf-e94a-5178-adf3-d410775db412
a0db9a3a5ab75a0c14af52a405c512f8,27c8bedf-e94a-5178-adf3-d410775db412
aee0f798b2b3d0d79167f0d31cf34952,27c8bedf-e94a-5178-adf3-d410775db412
756ac34f35c9e3746fd1fc9a2a16ea47,27c8bedf-e94a-5178-adf3-d410775db412
ad84ca221155ede7d88781d2385630c1,27c8bedf-e94a-5178-adf3-d410775db412
4c7aed178a8997e776ae4dbd13e211fa,27c8bedf-e94a-5178-adf3-d410775db412
c901b5ce4b5d3c039dde2800b048fc99,27c8bedf-e94a-5178-adf3-d410775db412
836c3c8e5804cc0c75090a4f29316f81,27c8bedf-e94a-5178-adf3-d410775db412
4c12721cbb3f44b42829c682c8fff52b,27c8bedf-e94a-5178-adf3-d410775db412
0a808f599d063133ef172c64ee7dc37d,27c8bedf-e94a-5178-adf3-d410775db412
03dc41603e62bd704b6ba99c545cc9c8,27c8bedf-e94a-5178-adf3-d410775db412
feea0cf6ffa087460a8b024f5cefad01,27c8bedf-e94a-5178-adf3-d410775db412
2b7e4c21e60f0319248c6f5465ef4505,27c8bedf-e94a-5178-adf3-d410775db412
a8f9efd5acf54e0d85fc44abc309118f,27c8bedf-e94a-5178-adf3-d410775db412
8800a4e7faf79be966b6f0b0e029073e,27c8bedf-e94a-5178-adf3-d410775db412
077d2f2081e5c5b0dc46ad3f67df7010,27c8bedf-e94a-5178-adf3-d410775db412
35f4a55351ccf46a5b5acc6b46c1c1fc,27c8bedf-e94a-5178-adf3-d410775db412
e93055816ed0cc524b7876a7fb834876,27c8bedf-e94a-5178-adf3-d410775db412
e16bc58290440d7865168de72736ca2f,27c8bedf-e94a-5178-adf3-d410775db412
ad3eaecdebe5fa9982bb38376a8877b1,27c8bedf-e94a-5178-adf3-d410775db412
d4e7bd682f7c3ea05c964c0dbc02233d,27c8bedf-e94a-5178-adf3-d410775db412
1201fcb97ce75bdd94540da2e152daf1,27c8bedf-e94a-5178-adf3-d410775db412
52253a94c92bd6b70f8c0b217609e114,27c8bedf-e94a-5178-adf3-d410775db412
bed5e8125b20d7a6302713d81392a647,27c8bedf-e94a-5178-adf3-d410775db412
c0efd7554bb6aa27fba3f3e56f6b9c56,27c8bedf-e94a-5178-adf3-d410775db412
c4ae7de4332474641a534944d8df5b0d,27c8bedf-e94a-5178-adf3-d410775db412
2fc310d042ddbebc6411d61d8dc3d1a1,27c8bedf-e94a-5178-adf3-d410775db412
c5899aeee4a009149cef705f46dc2b3c,27c8bedf-e94a-5178-adf3-d410775db412
641f2bbc7e672a07a69a1bed0f4812fa,27c8bedf-e94a-5178-adf3-d410775db412
50297183a626d10b78e0dc7cffb8b223,27c8bedf-e94a-5178-adf3-d410775db412
b2fc938f26ec3ccd61c5178d7ffc2651,27c8bedf-e94a-5178-adf3-d410775db412
98bb07384b303ce74e9ee1e91d28e1cb,27c8bedf-e94a-5178-adf3-d410775db412
49f5a4cfd5d68daa17df49e5bd208167,27c8bedf-e94a-5178-adf3-d410775db412
33f12071484ff52ac37fac0ce3591140,27c8bedf-e94a-5178-adf3-d410775db412
ea2b3acd4a476388b0138c09a615b187,27c8bedf-e94a-5178-adf3-d410775db412
1c659c93b727e1c4cfac1e387944a92e,27c8bedf-e94a-5178-adf3-d410775db412
51e4983b2aa083b3f0bae0614ef60ff6,27c8bedf-e94a-5178-adf3-d410775db412
e88e7be8cd20f6b48f08d251b88f759e,27c8bedf-e94a-5178-adf3-d410775db412
3f124ef676e26c0539fbd3139e1e91ce,27c8bedf-e94a-5178-adf3-d410775db412
4b64ee2f4e368bdae1cc13c356f63e1a,27c8bedf-e94a-5178-adf3-d410775db412
9c44b79bd0a2cce53ff7bdac75f110d6,27c8bedf-e94a-5178-adf3-d410775db412
47020f31b922f71d2d9b576c6c71e992,27c8bedf-e94a-5178-adf3-d410775db412
7fa86da56f4f4d4afac0e6322af4f693,27c8bedf-e94a-5178-adf3-d410775db412
e3798922dded56374d9a2206d4cd5416,27c8bedf-e94a-5178-adf3-d410775db412
66bd81ccbcba470ab2ea681d2c0273c3,27c8bedf-e94a-5178-adf3-d410775db412
4937f77c64a5ae11016787f07b79aad6,27c8bedf-e94a-5178-adf3-d410775db412
7a079fc627e6523156c202d41ccec411,27c8bedf-e94a-5178-adf3-d410775db412
1661d11189b9f27900a69e75a864f331,27c8bedf-e94a-5178-adf3-d410775db412
83bc08b5e83179de30a083c3a9480cae,27c8bedf-e94a-5178-adf3-d410775db412
be1bca6e7176f1950a7a9b9b57948cbf,27c8bedf-e94a-5178-adf3-d410775db412
166102ccd2d78fb9211b75c1e2c0f802,27c8bedf-e94a-5178-adf3-d410775db412
2d88445e5ab400feac36476b6a9125a0,27c8bedf-e94a-5178-adf3-d410775db412
affec4d169f831e78dc4f7ee875c498e,27c8bedf-e94a-5178-adf3-d410775db412
22c524f430a184f0a7f8abbdeab708d5,27c8bedf-e94a-5178-adf3-d410775db412
6f4bef375d757ab59ae09e4b5206b0d4,27c8bedf-e94a-5178-adf3-d410775db412
ac853044ef7a34f4ecfc504ccc7917eb,27c8bedf-e94a-5178-adf3-d410775db412
96cd3fe680df2f86aa23eb050a8ffb47,27c8bedf-e94a-5178-adf3-d410775db412
4e594f0805f2e82ece2ed3e7935971a3,27c8bedf-e94a-5178-adf3-d410775db412
b6dc7009cc72d3c7272b2d373dc1c445,27c8bedf-e94a-5178-adf3-d410775db412
61eb683dad7d90d0db9204d42076a9d0,27c8bedf-e94a-5178-adf3-d410775db412
fd283cc63df38aec1f8802bee9186d19,27c8bedf-e94a-5178-adf3-d410775db412
c8f207e99ccd59bd53ff40e588b101be,27c8bedf-e94a-5178-adf3-d410775db412
ae2773edea9b0cf8143723e884fe91fd,27c8bedf-e94a-5178-adf3-d410775db412
cebfea8132ccbe3bb160110290c33409,27c8bedf-e94a-5178-adf3-d410775db412
0b9e1f5c5d1ab73eba95f05964537608,27c8bedf-e94a-5178-adf3-d410775db412
bf5d1e8ccfbd60a28a303561601a6b1f,27c8bedf-e94a-5178-adf3-d410775db412
8d9e01ced97459a573224847134a6110,27c8bedf-e94a-5178-adf3-d410775db412
ef9277c19719652cd539157d908324b5,27c8bedf-e94a-5178-adf3-d410775db412
b83027e396252c248106880b65a28df5,27c8bedf-e94a-5178-adf3-d410775db412
b0ad36f77d53f2eb5ab66507d36543bc,27c8bedf-e94a-5178-adf3-d410775db412
4bd12e5919fe8c410e4dbac7461271f3,27c8bedf-e94a-5178-adf3-d410775db412
3b677ead4b390ef8a76d2d9d0775ed52,27c8bedf-e94a-5178-adf3-d410775db412
d4e61ad4fc278afd6ec68c71002b28d5,27c8bedf-e94a-5178-adf3-d410775db412
09e166f402ea93cd2a4146a54f563517,27c8bedf-e94a-5178-adf3-d410775db412
eb8826e1d5a48d442aa680a88a773483,27c8bedf-e94a-5178-adf3-d410775db412
6433e71fdc4b59b602a0c358a499b865,27c8bedf-e94a-5178-adf3-d410775db412
e8b1d139189089c1a2586c1af6b5ce7f,27c8bedf-e94a-5178-adf3-d410775db412
f1ad67d50d08d10325244c6e9b593ebf,27c8bedf-e94a-5178-adf3-d410775db412
91591b7baafd6a3168b92a74ac3c0ecc,27c8bedf-e94a-5178-adf3-d410775db412
962cf6886bcb1f72fe04260154a22d62,27c8bedf-e94a-5178-adf3-d410775db412
6cd06011f70d6f3daa77515df6e943bf,27c8bedf-e94a-5178-adf3-d410775db412
098c57c4ec06c2d43a767884c79934bf,27c8bedf-e94a-5178-adf3-d410775db412
0147520f2e4bd00648e85821600bffbe,27c8bedf-e94a-5178-adf3-d410775db412
2ecc992f0a953e6c93157a86626c02aa,27c8bedf-e94a-5178-adf3-d410775db412
f3f7e282376eb646bd27436d5b13deb5,27c8bedf-e94a-5178-adf3-d410775db412
55a3f6e632cf715eac87924a25b5e6df,27c8bedf-e94a-5178-adf3-d410775db412
42e4e862050652ee4df614752f9ca740,27c8bedf-e94a-5178-adf3-d410775db412
888d3b7325b1d69c2cb5fa4f7925026c,27c8bedf-e94a-5178-adf3-d410775db412
f35f92616a4214b75e2b8602d6701644,27c8bedf-e94a-5178-adf3-d410775db412
b4f8fc3d88357440e1e6d4da25fbff5f,27c8bedf-e94a-5178-adf3-d410775db412
b1e4303b927dc15aff09f8222f6240a0,27c8bedf-e94a-5178-adf3-d410775db412
9ab90ccf5968412522d95be0b6517dbf,27c8bedf-e94a-5178-adf3-d410775db412
19bf973ce78928eca53b5cf12c93d95a,27c8bedf-e94a-5178-adf3-d410775db412
f8af93ca0c6182289eeeda70e90f1b7a,27c8bedf-e94a-5178-adf3-d410775db412
c4b1c132006b2528197d670c1c9fbc52,27c8bedf-e94a-5178-adf3-d410775db412
4b2dca6309b20659a593d4222eab4a18,27c8bedf-e94a-5178-adf3-d410775db412
20c7f1ded99ab90b3ecf33fb81b45c0f,27c8bedf-e94a-5178-adf3-d410775db412
7422130d5632d0046b24b7cc4d788cf7,27c8bedf-e94a-5178-adf3-d410775db412
998ed4c072c073d50ecd740e91db888c,27c8bedf-e94a-5178-adf3-d410775db412
69ac769a676735a855d9c4542e3b68cd,27c8bedf-e94a-5178-adf3-d410775db412
21312d6f1c87697b7d5416b25734d5d8,27c8bedf-e94a-5178-adf3-d410775db412
946dae3d5421cccf57e5c3a47b619661,27c8bedf-e94a-5178-adf3-d410775db412
d7a8dca0c3ddb17ec8b5f0fb024fa4d1,27c8bedf-e94a-5178-adf3-d410775db412
5d478fc580a317457ace2115ba741cdc,27c8bedf-e94a-5178-adf3-d410775db412
ec03b6c6f724b5ffcc08e05c7d005187,27c8bedf-e94a-5178-adf3-d410775db412
2f5f60a0fbbc6746c46d06b4e8d5f3ca,27c8bedf-e94a-5178-adf3-d410775db412
eb39d4e75d59c89266edaa0e784de1e4,27c8bedf-e94a-5178-adf3-d410775db412
614cc2d48bc4758282a40e6039b79434,27c8bedf-e94a-5178-adf3-d410775db412
39c1d3315b491691370d58bf4d7987fb,27c8bedf-e94a-5178-adf3-d410775db412
7a112e67e8e7e8987024719d646ac1fc,27c8bedf-e94a-5178-adf3-d410775db412
8398b04df04f10a97771b1257db9c6af,27c8bedf-e94a-5178-adf3-d410775db412
1af2ca79a154ebe7e79366cbce4a72f7,27c8bedf-e94a-5178-adf3-d410775db412
54caaff79f4e1dc6891898359b445649,27c8bedf-e94a-5178-adf3-d410775db412
8acb71ad91248526b6b876482f6f2c83,27c8bedf-e94a-5178-adf3-d410775db412
2068fac5f38e18ab9285c0fa65787303,27c8bedf-e94a-5178-adf3-d410775db412
61132d258c9cdcd1af8e24cfcde9ffa6,27c8bedf-e94a-5178-adf3-d410775db412
80aa90d65b1e794d4c3971edd8c3fefa,27c8bedf-e94a-5178-adf3-d410775db412
dbe52e40ffcae7017d999f2c4548d20c,27c8bedf-e94a-5178-adf3-d410775db412
91a5ae47dbce9ee1ec3e9daa98a0d0d6,27c8bedf-e94a-5178-adf3-d410775db412
5b9100f03c9353cb8b182298ad73a559,27c8bedf-e94a-5178-adf3-d410775db412
bf6d29280821c7231591ba5ea7627523,27c8bedf-e94a-5178-adf3-d410775db412
badc557c091dd48978402766126fc846,27c8bedf-e94a-5178-adf3-d410775db412
f780642da71f7c5230ade91d5193eb9e,27c8bedf-e94a-5178-adf3-d410775db412
c8c3058fd858c55565570b31a951b759,27c8bedf-e94a-5178-adf3-d410775db412
71ac83474075b25140950c8abce434d1,27c8bedf-e94a-5178-adf3-d410775db412
b752803570012938397256dd3e1fd1df,27c8bedf-e94a-5178-adf3-d410775db412
9e804b5eaaedac11d86086615112d296,27c8bedf-e94a-5178-adf3-d410775db412
ff8b2091abe46280e242bf5d920812e2,27c8bedf-e94a-5178-adf3-d410775db412
1d472da31d9ea6eaa3512f24878fc713,27c8bedf-e94a-5178-adf3-d410775db412
46ed7cdb034e209f90dd8e1c4d8832be,27c8bedf-e94a-5178-adf3-d410775db412
e5524409c2a954dbb8bdd08bc27ab989,27c8bedf-e94a-5178-adf3-d410775db412
d1b0885e5bb826f2df5d1c3c3942fd7d,27c8bedf-e94a-5178-adf3-d410775db412
b6b821fbae4a9a900652a4e0cd1f0141,27c8bedf-e94a-5178-adf3-d410775db412
e55d709049ecbf79c20d0fc7dfa70344,27c8bedf-e94a-5178-adf3-d410775db412
8ea4ee1edfada2165ae1d2e0d99774f8,27c8bedf-e94a-5178-adf3-d410775db412
12fb706a0b88c95e453dcbd152bd1e05,27c8bedf-e94a-5178-adf3-d410775db412
de0e449c64658a388af1dfa6426cfeb1,27c8bedf-e94a-5178-adf3-d410775db412
9f1949417dbfee7a7bd1a551c96d9200,27c8bedf-e94a-5178-adf3-d410775db412
cd9e2a24b25e5fb2ef7a6daf10f2d277,27c8bedf-e94a-5178-adf3-d410775db412
a76fce27d44d852354ee09ed42426f5a,27c8bedf-e94a-5178-adf3-d410775db412
95572f3d789d9cf6bb1c9ffe3a9bbe94,27c8bedf-e94a-5178-adf3-d410775db412
a80df07722f32a752171608993da1ae7,27c8bedf-e94a-5178-adf3-d410775db412
464a109e26b92b34b893ae522b114172,27c8bedf-e94a-5178-adf3-d410775db412
33f046cd98495f2aed08a84efa8e46bb,27c8bedf-e94a-5178-adf3-d410775db412
bd5611d0584096792ba19a70e12394c2,b7ae1580-ffa8-5ee0-82a5-8caff251f1e5
6561e4f84e9e20081414af06897dbe6f,b7ae1580-ffa8-5ee0-82a5-8caff251f1e5
2f4d60fe2c1f82c6d439222deabd2c7d,b7ae1580-ffa8-5ee0-82a5-8caff251f1e5
2321e397c32e9d65775b84c85c0d4d5b,b7ae1580-ffa8-5ee0-82a5-8caff251f1e5
7e871c7eeef79cc5a3343d45134df53c,b7ae1580-ffa8-5ee0-82a5-8caff251f1e5
677ac519b3ea7872ef0c7070aef2c297,b7ae1580-ffa8-5ee0-82a5-8caff251f1e5
eafef9034bf9f60ea11669adf82e5a4a,b7ae1580-ffa8-5ee0-82a5-8caff251f1e5
fdca6033d0a42e62372c3546ba4eea46,b7ae1580-ffa8-5ee0-82a5-8caff251f1e5
25da7f53c605116c7b08eaf8a4087e1c,b7ae1580-ffa8-5ee0-82a5-8caff251f1e5
becbc86448ebdd354721a80ec04130da,b7ae1580-ffa8-5ee0-82a5-8caff251f1e5
1f3324b350de2b0cf7a112330965c4e3,b7ae1580-ffa8-5ee0-82a5-8caff251f1e5
a41d4273493792755dc3d6d97fdd0c35,b7ae1580-ffa8-5ee0-82a5-8caff251f1e5
d178310349631c67a3a81a3028baad37,b7ae1580-ffa8-5ee0-82a5-8caff251f1e5
bd3b827a3f6ba1ab7bfad9669a2fa7aa,b7ae1580-ffa8-5ee0-82a5-8caff251f1e5
e740f20db4b300936ef1ccf829066345,b7ae1580-ffa8-5ee0-82a5-8caff251f1e5
506f6a66804513d48bba794e23504c42,b7ae1580-ffa8-5ee0-82a5-8caff251f1e5
1cf58a72b0f7bfe3e9edd5c2cee1c90f,b7ae1580-ffa8-5ee0-82a5-8caff251f1e5
8070c74d0bbc18cb2ee1ed6e18dd005c,b7ae1580-ffa8-5ee0-82a5-8caff251f1e5
e5999cc7c31ea13208f6906d7a3bf121,b7ae1580-ffa8-5ee0-82a5-8caff251f1e5
63393b0b6308f5b18c1b740e525392ff,b7ae1580-ffa8-5ee0-82a5-8caff251f1e5
42a89a73998f84d8a903bee901b3873d,b7ae1580-ffa8-5ee0-82a5-8caff251f1e5
6d9c9059ddab74e263fdafdf35e09954,b7ae1580-ffa8-5ee0-82a5-8caff251f1e5
0c47888f621f5c01002b671d1ffffbc7,b7ae1580-ffa8-5ee0-82a5-8caff251f1e5
b5e5efdc04e440a089b8caef7d754aa6,b7ae1580-ffa8-5ee0-82a5-8caff251f1e5
8ef2c94c46617930bb5d409026d142da,b7ae1580-ffa8-5ee0-82a5-8caff251f1e5
dae65b26499f8dec9f8f6b5350a23974,b7ae1580-ffa8-5ee0-82a5-8caff251f1e5
caae5077f83b9be0e4d17e1938e46eb1,b7ae1580-ffa8-5ee0-82a5-8caff251f1e5
1854ad4bb598ac0a6eceef8eb7cd11fb,b7ae1580-ffa8-5ee0-82a5-8caff251f1e5
b396fce69070bec2b1874a886796345d,b7ae1580-ffa8-5ee0-82a5-8caff251f1e5
65d30cdba56ff6648759a33c9ec992e7,b7ae1580-ffa8-5ee0-82a5-8caff251f1e5
8a5b0bce8fb95c278d00273af19fde46,b7ae1580-ffa8-5ee0-82a5-8caff251f1e5
3623ee1dbf28392179ac03aefd9bb2b0,b7ae1580-ffa8-5ee0-82a5-8caff251f1e5
e5d218d10fd785626f8a383cfb1103d6,b7ae1580-ffa8-5ee0-82a5-8caff251f1e5
4be46776bbe6212655768662fb8f1069,b7ae1580-ffa8-5ee0-82a5-8caff251f1e5
00228ee0511e9ae6773dccd192b16ba9,b7ae1580-ffa8-5ee0-82a5-8caff251f1e5
ad89fa28bbc9a15a498a919bb4cf843b,b7ae1580-ffa8-5ee0-82a5-8caff251f1e5
4fa33ac86f8050876e4840a9d7f32642,b7ae1580-ffa8-5ee0-82a5-8caff251f1e5
f5b8e0e2bcce25170bb7944080d1c6fc,b7ae1580-ffa8-5ee0-82a5-8caff251f1e5
f72100c97c56ca6d648e123baacc1ea6,b7ae1580-ffa8-5ee0-82a5-8caff251f1e5
1afd354a7b4a88e932edaf448c3880bc,b7ae1580-ffa8-5ee0-82a5-8caff251f1e5
98dcb3de18cdd8aa236afbf0544abdf3,b7ae1580-ffa8-5ee0-82a5-8caff251f1e5
da40ad90d7dea953011ff09a2a3f9911,b7ae1580-ffa8-5ee0-82a5-8caff251f1e5
e3e6d81117296f7d48942caa82622d5a,b7ae1580-ffa8-5ee0-82a5-8caff251f1e5
ab80349f30cd45f19d2b68660f7b16c8,b7ae1580-ffa8-5ee0-82a5-8caff251f1e5
2c2f3ed44a94275b687bea1de587dedb,b7ae1580-ffa8-5ee0-82a5-8caff251f1e5
051f328483840020349115b3a114e130,b7ae1580-ffa8-5ee0-82a5-8caff251f1e5
9766c2bfeeb590a9ff30fc330a8e0693,b7ae1580-ffa8-5ee0-82a5-8caff251f1e5
c71a4e462fd27a1ab2410ac14baefbe6,b7ae1580-ffa8-5ee0-82a5-8caff251f1e5
567d415546fd6cad0780a8f0cd05bbde,b7ae1580-ffa8-5ee0-82a5-8caff251f1e5
9a7df34d056d16d834a6ded36219fa17,b7ae1580-ffa8-5ee0-82a5-8caff251f1e5
a4bb6bd8ed8d3d7ef75082ee801cbc08,b7ae1580-ffa8-5ee0-82a5-8caff251f1e5
68d13dff52c5d9461aea6d36978b43e1,b7ae1580-ffa8-5ee0-82a5-8caff251f1e5
3065b4007d6c8963b4133e826fe778d7,b7ae1580-ffa8-5ee0-82a5-8caff251f1e5
c91686208273b2a5efa8e074dcbf6d59,b7ae1580-ffa8-5ee0-82a5-8caff251f1e5
c7da914ce86bfeb2ce153a12cdc039ee,b7ae1580-ffa8-5ee0-82a5-8caff251f1e5
f43799fd71f8d46f9164c2993664ded5,b7ae1580-ffa8-5ee0-82a5-8caff251f1e5
22a03213209ea3a18fd1825d71c410a8,b7ae1580-ffa8-5ee0-82a5-8caff251f1e5
6ac959d1cf27a1a575fd14899d8424ce,b7ae1580-ffa8-5ee0-82a5-8caff251f1e5
0ee2355df4e1419fce374ef607586d6a,b7ae1580-ffa8-5ee0-82a5-8caff251f1e5
b635c2ed479fb8868645f536bb982db1,b7ae1580-ffa8-5ee0-82a5-8caff251f1e5
777dfeffe57045f24c87aaf524b46cac,b7ae1580-ffa8-5ee0-82a5-8caff251f1e5
64746e04b3dc1028c2bcdb22e518fa2d,b7ae1580-ffa8-5ee0-82a5-8caff251f1e5
ea354624b7b009328d0266fbc4c98074,b7ae1580-ffa8-5ee0-82a5-8caff251f1e5
a63ddd18cdbf2d59d6d1332127c7bd11,b7ae1580-ffa8-5ee0-82a5-8caff251f1e5
b08ee7c428b80530d3bab79af4bcacae,b7ae1580-ffa8-5ee0-82a5-8caff251f1e5
4bd65c394e867e1d029550276d5ea826,b7ae1580-ffa8-5ee0-82a5-8caff251f1e5
49febfda7e7be3bf09e699ca21587ef0,b7ae1580-ffa8-5ee0-82a5-8caff251f1e5
52cfb4954a0b80e8e8e9c3c3c460c256,b7ae1580-ffa8-5ee0-82a5-8caff251f1e5
1847d715c7df2d56a03857fa8ba22d87,b7ae1580-ffa8-5ee0-82a5-8caff251f1e5
8acfa8097b44c1f7b9eccad041bc3df2,b7ae1580-ffa8-5ee0-82a5-8caff251f1e5
403ccac7d03be479566f6a73318b6e0a,b7ae1580-ffa8-5ee0-82a5-8caff251f1e5
04f0468392a1fbd73e8c03476a555fd1,b7ae1580-ffa8-5ee0-82a5-8caff251f1e5
7e0eeb338493be0ab11b5a61d4b32012,b7ae1580-ffa8-5ee0-82a5-8caff251f1e5
2b01210ae8683466760c5bc939d824d5,b7ae1580-ffa8-5ee0-82a5-8caff251f1e5
cac2456b683baecd936263da6e673068,b7ae1580-ffa8-5ee0-82a5-8caff251f1e5
b5f090a07fa6257fbbae6174d0e32636,b7ae1580-ffa8-5ee0-82a5-8caff251f1e5
16bafe340db0a9b73680d3d2c3efeb8b,b7ae1580-ffa8-5ee0-82a5-8caff251f1e5
d6d7fd2f0dd6ed49edaaaaeced75fdd7,b7ae1580-ffa8-5ee0-82a5-8caff251f1e5
5b873634044a610afedf7653028a8473,b7ae1580-ffa8-5ee0-82a5-8caff251f1e5
a9da77e4a444b7d1893f251dae12ea34,b7ae1580-ffa8-5ee0-82a5-8caff251f1e5
d5e790053ee01cbeb1007f39b15f7b63,b7ae1580-ffa8-5ee0-82a5-8caff251f1e5
a672042a378a9e4a3aa0062f6aaedb18,b7ae1580-ffa8-5ee0-82a5-8caff251f1e5
e949b2ece6cdc389392c12fcd3b72b4a,b7ae1580-ffa8-5ee0-82a5-8caff251f1e5
534e047f50cf25af47fbbd57fa3c8bc4,b7ae1580-ffa8-5ee0-82a5-8caff251f1e5
8d03838b5ae9366b789bcaa9a4534a1f,b7ae1580-ffa8-5ee0-82a5-8caff251f1e5
bc50d6bc7efb1385730a2f1a2a7d7ada,b7ae1580-ffa8-5ee0-82a5-8caff251f1e5
f8ead6ac82cebf461fd6c468d04edb1d,b7ae1580-ffa8-5ee0-82a5-8caff251f1e5
9edd114049535fdfedb9c792250e95fe,b7ae1580-ffa8-5ee0-82a5-8caff251f1e5
46a7cde048d717ac6b9931285355bbf8,b7ae1580-ffa8-5ee0-82a5-8caff251f1e5
e7d760416e64f9fe1071aeed435301ab,b7ae1580-ffa8-5ee0-82a5-8caff251f1e5
e2d5d262707973a75c630da9dc9090f2,b7ae1580-ffa8-5ee0-82a5-8caff251f1e5
1215bffebfc2ce58ae6aa550daadd768,b7ae1580-ffa8-5ee0-82a5-8caff251f1e5
a828056fef962b08204052fecb877e79,b7ae1580-ffa8-5ee0-82a5-8caff251f1e5
3bd8947eec6b75ba06bd265c8ee958e9,b7ae1580-ffa8-5ee0-82a5-8caff251f1e5
5294c7cf4f26de5e12842894206daf55,b7ae1580-ffa8-5ee0-82a5-8caff251f1e5
13dbaf396c17775d35ffd59e69e884cc,b7ae1580-ffa8-5ee0-82a5-8caff251f1e5
b12f9ded2163c3d68928082da3b804b4,b7ae1580-ffa8-5ee0-82a5-8caff251f1e5
91e4c0e214650ff89bba397c042903dd,b7ae1580-ffa8-5ee0-82a5-8caff251f1e5
6c29e7b844001111dd8abe6a66858898,b7ae1580-ffa8-5ee0-82a5-8caff251f1e5
d3cbcdb36b1100752f03f319fd4660f5,b7ae1580-ffa8-5ee0-82a5-8caff251f1e5
0f01fa98a03120a05df61ec2120e88f2,b7ae1580-ffa8-5ee0-82a5-8caff251f1e5
10a8dd345a75ab05b844d782c84420e7,b7ae1580-ffa8-5ee0-82a5-8caff251f1e5
ff1f6168d6ddd755764b3d47c28c980f,b7ae1580-ffa8-5ee0-82a5-8caff251f1e5
8f85dcdbb6ab9740de342f3edefc69e5,b7ae1580-ffa8-5ee0-82a5-8caff251f1e5
9911127169a3cd5f0fa80580b0553a6d,b7ae1580-ffa8-5ee0-82a5-8caff251f1e5
8f514a9dc05903ddb9b7596f5d989cfa,b7ae1580-ffa8-5ee0-82a5-8caff251f1e5
f5fcd3a6be3498f8fd4134caefa3dec0,b7ae1580-ffa8-5ee0-82a5-8caff251f1e5
2530a37ee346f0bc4cb4084027c787ff,b7ae1580-ffa8-5ee0-82a5-8caff251f1e5
597a3f9d973c290996149748921bf62d,b7ae1580-ffa8-5ee0-82a5-8caff251f1e5
84d0567a806ea1affa44c5b97e3ec888,b7ae1580-ffa8-5ee0-82a5-8caff251f1e5
cbd9c53480526cfdb117ae42fe4f068b,b7ae1580-ffa8-5ee0-82a5-8caff251f1e5
9289e3995d1b8f000fe4bd1b94daede5,b7ae1580-ffa8-5ee0-82a5-8caff251f1e5
126726aa4371e3ebf6ae6e3df97dffab,b7ae1580-ffa8-5ee0-82a5-8caff251f1e5
b682dbe5b8b6e478c7e39eb04e4564cb,b7ae1580-ffa8-5ee0-82a5-8caff251f1e5
3b5c9f7adc992841e8e1afd84768902d,b7ae1580-ffa8-5ee0-82a5-8caff251f1e5
d091a7c6f9e66367acebdfa13f099303,b7ae1580-ffa8-5ee0-82a5-8caff251f1e5
2c47c904f7cccaaa8ecfce2439a9a274,b7ae1580-ffa8-5ee0-82a5-8caff251f1e5
ea12297028b072e4c4c02e9e78168236,b7ae1580-ffa8-5ee0-82a5-8caff251f1e5
2cfcac5c48f9ec095e3c07d4f630cf47,b7ae1580-ffa8-5ee0-82a5-8caff251f1e5
f307480d84f0a8a6ae22637aeed21d15,b7ae1580-ffa8-5ee0-82a5-8caff251f1e5
d38549453620f70b1022dddcea0f3e15,b7ae1580-ffa8-5ee0-82a5-8caff251f1e5
6e8c42e23dd7e63b5e80b16bf46ca31d,b7ae1580-ffa8-5ee0-82a5-8caff251f1e5
a7413b7a65f47ef072eb0ef54cb3d64d,b7ae1580-ffa8-5ee0-82a5-8caff251f1e5
b5e50b8ec010b8b77a9a03ea66671892,b7ae1580-ffa8-5ee0-82a5-8caff251f1e5
a6c32cfcfab6315a9af4a402d0dfa307,b7ae1580-ffa8-5ee0-82a5-8caff251f1e5
007dbf3c6c7a3dc5236313e7f204cdbe,b7ae1580-ffa8-5ee0-82a5-8caff251f1e5
e35115aeaf350207d1e0bd9b7f1c2cbb,b7ae1580-ffa8-5ee0-82a5-8caff251f1e5
37c45c75cf3feb37ff7b86b9e7f2183a,b7ae1580-ffa8-5ee0-82a5-8caff251f1e5
9a22c8c6a224263e0a29abf1460c11a4,b7ae1580-ffa8-5ee0-82a5-8caff251f1e5
a1b4bc329b046f289f25cd0b9cb1a7c9,b7ae1580-ffa8-5ee0-82a5-8caff251f1e5
b3378e9658790af4a41bd5600ad7b7f4,b7ae1580-ffa8-5ee0-82a5-8caff251f1e5
2ec85b6fc11fb611fe48ca91fcdf2d5b,b7ae1580-ffa8-5ee0-82a5-8caff251f1e5
c14e934038554665035d0318753f9b49,b7ae1580-ffa8-5ee0-82a5-8caff251f1e5
60886678215596a6e1b3c9d87771c4e1,b7ae1580-ffa8-5ee0-82a5-8caff251f1e5
6d9c21946cf92e28f8f45a989e697d0b,b7ae1580-ffa8-5ee0-82a5-8caff251f1e5
54f4c4332a3e5a7ef93ec401e3b3da4c,b7ae1580-ffa8-5ee0-82a5-8caff251f1e5
05b2970a2e14068f3526f45a1bdda62f,b7ae1580-ffa8-5ee0-82a5-8caff251f1e5
794426144ee6669754e8635ce879c82c,b7ae1580-ffa8-5ee0-82a5-8caff251f1e5
706858b06c7ed1ddbfe1d22171d30996,b7ae1580-ffa8-5ee0-82a5-8caff251f1e5
2b8fe9a9e91513d052164db4190adf98,b7ae1580-ffa8-5ee0-82a5-8caff251f1e5
73b5aedf8197456eb155ccf230869151,b7ae1580-ffa8-5ee0-82a5-8caff251f1e5
31db4ed6ef71cb7d2faa817c5f4e6fa8,b7ae1580-ffa8-5ee0-82a5-8caff251f1e5
479d16d9bb525c45d35ff480f6a8b7d2,b7ae1580-ffa8-5ee0-82a5-8caff251f1e5
db250f2b89754033b2a9cedb957b4f9c,b7ae1580-ffa8-5ee0-82a5-8caff251f1e5
9d2b3faabef4d739401923f747666608,b7ae1580-ffa8-5ee0-82a5-8caff251f1e5
9aee9e304336651152d4227a75c3b54a,b7ae1580-ffa8-5ee0-82a5-8caff251f1e5
fc60a5f30f5d018ab5ccd20bf66bc4b7,b7ae1580-ffa8-5ee0-82a5-8caff251f1e5
68e83ce996779ca3563a6264f330ccc5,b7ae1580-ffa8-5ee0-82a5-8caff251f1e5
c5facbe1020e89f62620d68f4218152f,b7ae1580-ffa8-5ee0-82a5-8caff251f1e5
dfc8ed95cff209b4fcc61f491072d20f,b7ae1580-ffa8-5ee0-82a5-8caff251f1e5
ead224a2c5760f6ef7a2b671546b9aac,b7ae1580-ffa8-5ee0-82a5-8caff251f1e5
9ec7c79d8fa4ed35cde55c76a449a324,b7ae1580-ffa8-5ee0-82a5-8caff251f1e5
a189dff9e94333a360eeed22078b7c35,b7ae1580-ffa8-5ee0-82a5-8caff251f1e5
86df9a19242869cb16f11d513b43c66e,b7ae1580-ffa8-5ee0-82a5-8caff251f1e5
7043d2b5a4a6256e5a7332106282ce3a,b7ae1580-ffa8-5ee0-82a5-8caff251f1e5
2a62751170f2fe3c9a92769d3afb0980,b7ae1580-ffa8-5ee0-82a5-8caff251f1e5
ed40f0d3800dd64fa360ab5e270c4011,b7ae1580-ffa8-5ee0-82a5-8caff251f1e5
b755a9dc7f067ddbe84cebc2e8989fe3,b7ae1580-ffa8-5ee0-82a5-8caff251f1e5
2fad42184cae5aed156467f5cf147086,b7ae1580-ffa8-5ee0-82a5-8caff251f1e5
ec3ed24c906cd6693e48bedc8cd37901,b7ae1580-ffa8-5ee0-82a5-8caff251f1e5
d90cf9de948b8b59186c42ae878bb220,b7ae1580-ffa8-5ee0-82a5-8caff251f1e5
c786732618dac028fb0455ad6cb5c2a0,b7ae1580-ffa8-5ee0-82a5-8caff251f1e5
8d31158c404b5ce87e327fe7000fe624,b7ae1580-ffa8-5ee0-82a5-8caff251f1e5
bcaf2ccb80014641843b1c585307cd4d,b7ae1580-ffa8-5ee0-82a5-8caff251f1e5
9b0ec9a22d912684cc511e497d828f05,b7ae1580-ffa8-5ee0-82a5-8caff251f1e5
69e6ffc89320c1ef5f78801dcc95ae50,b7ae1580-ffa8-5ee0-82a5-8caff251f1e5
8a4479f87c74e7e77624853985089142,b7ae1580-ffa8-5ee0-82a5-8caff251f1e5
bb6bde3fb36dcac799261532d9ae1992,b7ae1580-ffa8-5ee0-82a5-8caff251f1e5
ff92ebd792068dd371b254893d46318d,b7ae1580-ffa8-5ee0-82a5-8caff251f1e5
fb243e8b1f7769bf79af89d5f9d7133b,b7ae1580-ffa8-5ee0-82a5-8caff251f1e5
81aed2b3f306e1bc0ab2d406dfae73d4,b7ae1580-ffa8-5ee0-82a5-8caff251f1e5
2955e713829e47947c7105634d4e649d,e58a8266-78fb-5a99-a7c8-4249a63bf269
9ed875549595d46fd7dd950e76d918f4,e58a8266-78fb-5a99-a7c8-4249a63bf269
2fe939f8228074ca791a19a4393ae0d8,e58a8266-78fb-5a99-a7c8-4249a63bf269
eff3850c01d401ec4c6c6a1c6f5c94d0,e58a8266-78fb-5a99-a7c8-4249a63bf269
089549307bb8f144a82d22ac0018dba2,e58a8266-78fb-5a99-a7c8-4249a63bf269
259724b2da2d9fbbe1e4637ff2c594f2,e58a8266-78fb-5a99-a7c8-4249a63bf269
1003b9854bc8bfa5d441a9f3a633243c,e58a8266-78fb-5a99-a7c8-4249a63bf269
63d01cced8734dd3916a2bc87789d4c7,e58a8266-78fb-5a99-a7c8-4249a63bf269
341a1c539300c653bf32a9c4a8904a78,e58a8266-78fb-5a99-a7c8-4249a63bf269
4fa33ac86f8050876e4840a9d7f32642,e58a8266-78fb-5a99-a7c8-4249a63bf269
c298a0f3652f114d554a189d14b8c5dd,e58a8266-78fb-5a99-a7c8-4249a63bf269
553f61397a88972a67065dfbce546c9a,e58a8266-78fb-5a99-a7c8-4249a63bf269
c78353a11bac7a768d3188378dea9a83,e58a8266-78fb-5a99-a7c8-4249a63bf269
45e040ce2cf070886ad9b54299ce54b0,e58a8266-78fb-5a99-a7c8-4249a63bf269
7bb34b0c9048b00f05849455d51ee150,e58a8266-78fb-5a99-a7c8-4249a63bf269
6627c3ea2ae0175f57966a6fb283355e,e58a8266-78fb-5a99-a7c8-4249a63bf269
abcf029a2d3b56baae856bd2c190eb1e,e58a8266-78fb-5a99-a7c8-4249a63bf269
5a5a5d18b768da370441188ae667748e,e58a8266-78fb-5a99-a7c8-4249a63bf269
6ce9552bdccaa6d49cd7808d9358bf69,e58a8266-78fb-5a99-a7c8-4249a63bf269
7528034a63f85c1c3be1c41413028cb7,e58a8266-78fb-5a99-a7c8-4249a63bf269
f5680ba4408ee74be6f82ba3e05ea618,e58a8266-78fb-5a99-a7c8-4249a63bf269
49c7a3415749f92b89f4cb22acf7eee9,e58a8266-78fb-5a99-a7c8-4249a63bf269
d872d03370bedb882108f1f7a49a47c5,e58a8266-78fb-5a99-a7c8-4249a63bf269
20e9836df2bbd281c890631b96bcdea5,e58a8266-78fb-5a99-a7c8-4249a63bf269
f70bd7164bede95cc50fe000c15c61e2,e58a8266-78fb-5a99-a7c8-4249a63bf269
8b93eeb80f084b19ae208a6c9540e74d,e58a8266-78fb-5a99-a7c8-4249a63bf269
2be4b14816505df722dff2847d864447,e58a8266-78fb-5a99-a7c8-4249a63bf269
0a70fc8b80e51f96609f0a880acacf1e,e58a8266-78fb-5a99-a7c8-4249a63bf269
4afb9f88e44852e1d3fe1c47735c153c,e58a8266-78fb-5a99-a7c8-4249a63bf269
92f6a7c7b15a2763aee11d75976fbb75,e58a8266-78fb-5a99-a7c8-4249a63bf269
f84cb90feba72ab4f4d0c11e146d5efe,e58a8266-78fb-5a99-a7c8-4249a63bf269
b5e810a942287ed6324fa24f05f80d5f,e58a8266-78fb-5a99-a7c8-4249a63bf269
8cce2a817e01e67cc281513659a6be00,e58a8266-78fb-5a99-a7c8-4249a63bf269
62e2fcf99ac1d9fe1a0e74d6129b077c,e58a8266-78fb-5a99-a7c8-4249a63bf269
ebf0865764aec05c7ca664d751f90716,e58a8266-78fb-5a99-a7c8-4249a63bf269
66c16b46a5ad7bbdf074c49015ac8e5f,e58a8266-78fb-5a99-a7c8-4249a63bf269
7af17bd8f8bf22388bcb712c50f48389,e58a8266-78fb-5a99-a7c8-4249a63bf269
b83c7cde45cb3ef6d5810fe80cdb339f,e58a8266-78fb-5a99-a7c8-4249a63bf269
9bd483e23f7024a736a84873cb67b07d,e58a8266-78fb-5a99-a7c8-4249a63bf269
3e400c32ffc41e0c6efb103436821c5d,e58a8266-78fb-5a99-a7c8-4249a63bf269
a7b825a7bf258bca2e0713c63084abfd,e58a8266-78fb-5a99-a7c8-4249a63bf269
70c851ba59411a31aff9bda200c2f85e,e58a8266-78fb-5a99-a7c8-4249a63bf269
08556a5ed9b501fcca8ad414499a4d4f,e58a8266-78fb-5a99-a7c8-4249a63bf269
e569439d97c19265c745fe65330818e8,e58a8266-78fb-5a99-a7c8-4249a63bf269
e1eddda9d744d64f93e42f6885431103,e58a8266-78fb-5a99-a7c8-4249a63bf269
2effbee713f4fbd46ea4eb548bb04609,e58a8266-78fb-5a99-a7c8-4249a63bf269
b596f2ef7e2f409fbf0a3a81c61e85ab,e58a8266-78fb-5a99-a7c8-4249a63bf269
3fd54382eec1cfce6cb7f71f4afda443,e58a8266-78fb-5a99-a7c8-4249a63bf269
e4f68d6ca144e7dff6970d430285860c,e58a8266-78fb-5a99-a7c8-4249a63bf269
bad1da651982bf6962dcc0742c5958f7,e58a8266-78fb-5a99-a7c8-4249a63bf269
101d118ee7ef9043b35a622906fd23c2,e58a8266-78fb-5a99-a7c8-4249a63bf269
065831200cade254c270bc1eca0dc520,e58a8266-78fb-5a99-a7c8-4249a63bf269
e18c4527bce610a8ff98b55c1f7976ab,e58a8266-78fb-5a99-a7c8-4249a63bf269
37aaaa54ba2b7e465220389cd1759b5b,e58a8266-78fb-5a99-a7c8-4249a63bf269
a766a02bdf7859570ffee730c13cc321,e58a8266-78fb-5a99-a7c8-4249a63bf269
31e768bbcb7dac39710ef72f13f565e6,e58a8266-78fb-5a99-a7c8-4249a63bf269
6f1d76c655e0e88acdb87facf696efee,e58a8266-78fb-5a99-a7c8-4249a63bf269
e44b6f99e542a3dfacc316d293ca4bc6,e58a8266-78fb-5a99-a7c8-4249a63bf269
fa501082c15294811779c95506aa5514,e58a8266-78fb-5a99-a7c8-4249a63bf269
379c64330b4c7ed62bc0201cc6a8b44f,e58a8266-78fb-5a99-a7c8-4249a63bf269
ad5dec3e5689f4f4c36707bfb722c4b7,e58a8266-78fb-5a99-a7c8-4249a63bf269
cc1f86e5e496804e92eeb5d56b87696c,e58a8266-78fb-5a99-a7c8-4249a63bf269
ac65cc5d416e6a8abf373e67dcbccfb5,e58a8266-78fb-5a99-a7c8-4249a63bf269
abe535b1d0fe6acecd2cd9a3f2c83ff5,e58a8266-78fb-5a99-a7c8-4249a63bf269
b7436f3b307f126e8c4d9ca257c24ac0,e58a8266-78fb-5a99-a7c8-4249a63bf269
9d0adfd1b017925cb74fb9ee27452e8c,e58a8266-78fb-5a99-a7c8-4249a63bf269
1f39e70791e6d8c926d3f65947da288e,e58a8266-78fb-5a99-a7c8-4249a63bf269
b82b62b037a8417c09b0aca39139e1b3,e58a8266-78fb-5a99-a7c8-4249a63bf269
e8436a421f7981031b8909ef415deba0,e58a8266-78fb-5a99-a7c8-4249a63bf269
4eb3dde238ebc69f0e64769965fa8cda,e58a8266-78fb-5a99-a7c8-4249a63bf269
946fd4b720324eca230cf642e89d5af8,e58a8266-78fb-5a99-a7c8-4249a63bf269
86e2731d5df033837b639e1b7bf33d21,e58a8266-78fb-5a99-a7c8-4249a63bf269
deb7f2fd98ccb73684f1767200550732,e58a8266-78fb-5a99-a7c8-4249a63bf269
7b58b71a913c24ff4de9577bad7925a6,e58a8266-78fb-5a99-a7c8-4249a63bf269
eb6fe3f38d9041970ad950b468ccd5c8,e58a8266-78fb-5a99-a7c8-4249a63bf269
ec3ed24c906cd6693e48bedc8cd37901,e58a8266-78fb-5a99-a7c8-4249a63bf269
d90cf9de948b8b59186c42ae878bb220,e58a8266-78fb-5a99-a7c8-4249a63bf269
48c20b9b5a43e6658317d1bd87f8bfd1,e58a8266-78fb-5a99-a7c8-4249a63bf269
4a702200a69b8bf3345ac810aebbdd0b,e58a8266-78fb-5a99-a7c8-4249a63bf269
94a1d6765cf0b83e97cc59b6f696f326,e58a8266-78fb-5a99-a7c8-4249a63bf269
d6ea97bb111bc977b2400b945fe1231a,e58a8266-78fb-5a99-a7c8-4249a63bf269
4c2be87b388fff5e3d18bc0069fd1955,e58a8266-78fb-5a99-a7c8-4249a63bf269
d40b196c7cad88e34b9a310bb57a39ee,e58a8266-78fb-5a99-a7c8-4249a63bf269
0a0d737f49e7251b427d83ea6495c76d,e58a8266-78fb-5a99-a7c8-4249a63bf269
53bff358469cb104dfca764a9f45d64a,e58a8266-78fb-5a99-a7c8-4249a63bf269
02b45d55383b5cdd95949855c0ef50ff,e58a8266-78fb-5a99-a7c8-4249a63bf269
e897280b6193155facc6fe7a430997e6,e58a8266-78fb-5a99-a7c8-4249a63bf269
2af27d71c7a532357acff384398d4d69,e58a8266-78fb-5a99-a7c8-4249a63bf269
67536296d5cba2d39b6a7dfe429607ee,e58a8266-78fb-5a99-a7c8-4249a63bf269
d810f116290a0a24b49a9b31867543ff,e58a8266-78fb-5a99-a7c8-4249a63bf269
b0af934c1ce0bdf0d437f6a38101cfc6,e58a8266-78fb-5a99-a7c8-4249a63bf269
a468a3d18993c3befbf92369b3329649,e58a8266-78fb-5a99-a7c8-4249a63bf269
cc17bf8f37605989f6fdbeb70070ba3c,e58a8266-78fb-5a99-a7c8-4249a63bf269
aaae05914e7e6286cf947fd1c4eda3dc,e58a8266-78fb-5a99-a7c8-4249a63bf269
2151ffd5f1b6885cbbf3edf9fbf6404f,e58a8266-78fb-5a99-a7c8-4249a63bf269
0e42f9f186d8d070ce4c6d957cea0056,e58a8266-78fb-5a99-a7c8-4249a63bf269
9550572a67c98c17a3f94d088f8a33b8,e58a8266-78fb-5a99-a7c8-4249a63bf269
2706dadb05c085ec146d16dc35150953,e58a8266-78fb-5a99-a7c8-4249a63bf269
87892959d8d5fa430fecfa1e21381019,e58a8266-78fb-5a99-a7c8-4249a63bf269
21614707289c2424e9fa49c26d0639b4,e58a8266-78fb-5a99-a7c8-4249a63bf269
612d5834828c177f83465bf4703bbe0b,e58a8266-78fb-5a99-a7c8-4249a63bf269
065e0331c7397428eff1dc7f47996494,e58a8266-78fb-5a99-a7c8-4249a63bf269
f569c9320a45cd969792cc0826f88dee,e58a8266-78fb-5a99-a7c8-4249a63bf269
d11a79e5a7e119211bbd004775c7a79f,e58a8266-78fb-5a99-a7c8-4249a63bf269
a7476297ccaaf1905a0d0ecbaecec4cf,e58a8266-78fb-5a99-a7c8-4249a63bf269
09908438efd1a9174d11252607d217c0,e58a8266-78fb-5a99-a7c8-4249a63bf269
1280feb55b455f549f631552b56591a4,e58a8266-78fb-5a99-a7c8-4249a63bf269
b84f2fe9eae3b0f430261ff0e2e17035,e58a8266-78fb-5a99-a7c8-4249a63bf269
800edd7b90bc877e68352f7b0ccdab13,e58a8266-78fb-5a99-a7c8-4249a63bf269
4d691cafd7acb053c57f630c868fd678,e58a8266-78fb-5a99-a7c8-4249a63bf269
386d8c0492bf86781a498ee45adbfe92,e58a8266-78fb-5a99-a7c8-4249a63bf269
58eff6246fc776a78de41df1f6f7d4dd,e58a8266-78fb-5a99-a7c8-4249a63bf269
2af39d4637ec87ff94409daec6c1148b,e58a8266-78fb-5a99-a7c8-4249a63bf269
2f9d442c2bce13a5f85b10e3f94b1609,e58a8266-78fb-5a99-a7c8-4249a63bf269
d14d38065cf0a558caa6f0b51a969843,e58a8266-78fb-5a99-a7c8-4249a63bf269
94e566fc94f5e5764c975c1e5404e6cf,e58a8266-78fb-5a99-a7c8-4249a63bf269
14a949687d76cb769bafe4a56f113b4a,e58a8266-78fb-5a99-a7c8-4249a63bf269
780f7589c5b0d37dd48d34269c6a76de,e58a8266-78fb-5a99-a7c8-4249a63bf269
2a27f2a58dd673d7b5c58d6f229d1b22,e58a8266-78fb-5a99-a7c8-4249a63bf269
7165226a6c1726e15af949640126d1bb,e58a8266-78fb-5a99-a7c8-4249a63bf269
4e1d871eb73dc0120b382e05534831a9,e58a8266-78fb-5a99-a7c8-4249a63bf269
2e5757d1a3369e270fa75b0178e0fd5e,e58a8266-78fb-5a99-a7c8-4249a63bf269
ee91dde58a906c5850cf0ec64891b727,e58a8266-78fb-5a99-a7c8-4249a63bf269
780f7589c5b0d37dd48d34269c6a76de,7fcae383-fa45-58c1-b2c2-6219ac5e7546
2a27f2a58dd673d7b5c58d6f229d1b22,7fcae383-fa45-58c1-b2c2-6219ac5e7546
a5e05bace1b1c562947d9327a1e062e9,7fcae383-fa45-58c1-b2c2-6219ac5e7546
038fdf5d6fb07d2d9c98460317b683da,7fcae383-fa45-58c1-b2c2-6219ac5e7546
8ed36cb89d4c3b9fd3f0a9f0c11bc12c,7fcae383-fa45-58c1-b2c2-6219ac5e7546
6e44a1ec89764632bd98526ac692bf05,7fcae383-fa45-58c1-b2c2-6219ac5e7546
25a798902d127628920dcc6b0c6975dc,7fcae383-fa45-58c1-b2c2-6219ac5e7546
103cd634d5c9b2f9e21e33b7d8a374d8,7fcae383-fa45-58c1-b2c2-6219ac5e7546
70926f79e24957e1c80958b042240e48,7fcae383-fa45-58c1-b2c2-6219ac5e7546
c99d32570d51b55f0bab17664852ea0b,7fcae383-fa45-58c1-b2c2-6219ac5e7546
0e5306cf509d56d2a18cfa72d4335487,7fcae383-fa45-58c1-b2c2-6219ac5e7546
4904682177a9c78974d4e217dd2b072b,7fcae383-fa45-58c1-b2c2-6219ac5e7546
b16577a14af6a9f94161a3aa60c6de4c,7fcae383-fa45-58c1-b2c2-6219ac5e7546
58ac5dd96c49d1ef5288402fe3e3f771,7fcae383-fa45-58c1-b2c2-6219ac5e7546
76c9d19baa958038dcbba020deb9ad16,7fcae383-fa45-58c1-b2c2-6219ac5e7546
808ee85222c163c0b21c1f9449e0205a,7fcae383-fa45-58c1-b2c2-6219ac5e7546
a8ff8d381404cb03e7f6c73c75de988a,7fcae383-fa45-58c1-b2c2-6219ac5e7546
516df5d7ef3a481a5a7c3f3b9d65f0a5,7fcae383-fa45-58c1-b2c2-6219ac5e7546
398f51d484f7a89ae04c78c7449702a2,7fcae383-fa45-58c1-b2c2-6219ac5e7546
7f83602708c5b1ef02b9b7f3e7599cd0,7fcae383-fa45-58c1-b2c2-6219ac5e7546
5494f6bed350e0247947c2dc50acc77c,7fcae383-fa45-58c1-b2c2-6219ac5e7546
2b60e93f085ff02078fe46a9c293a5bb,7fcae383-fa45-58c1-b2c2-6219ac5e7546
2eb333c2fb21c2de572a1a605396d2d6,7fcae383-fa45-58c1-b2c2-6219ac5e7546
97f0dd4df75b86db5d804ece1788f0e0,7fcae383-fa45-58c1-b2c2-6219ac5e7546
395d8042a7329df30f1604e8440afa3b,7fcae383-fa45-58c1-b2c2-6219ac5e7546
3591667b09e79ed88f75a4f2744aa265,7fcae383-fa45-58c1-b2c2-6219ac5e7546
2e35af34f2807688fc33e74625cdfad4,7fcae383-fa45-58c1-b2c2-6219ac5e7546
0264d374374f41a9a399e6c909580319,7fcae383-fa45-58c1-b2c2-6219ac5e7546
0b76c85c36ad2b75dad8f181ba0a4e7c,7fcae383-fa45-58c1-b2c2-6219ac5e7546
9c9e9fda52bd3a3e7f07d8046218352b,7fcae383-fa45-58c1-b2c2-6219ac5e7546
b34e765977bd77b32e8b404010aedc0f,7fcae383-fa45-58c1-b2c2-6219ac5e7546
52c83d021a7d3fdcd9ea5ff65104d1fc,7fcae383-fa45-58c1-b2c2-6219ac5e7546
09cbff7057c1838c7b99447771cc5b1b,7fcae383-fa45-58c1-b2c2-6219ac5e7546
43c3f50a9e5f444b1373db1a8d1b767a,7fcae383-fa45-58c1-b2c2-6219ac5e7546
99d2226140207a0f9d0275e2876144e3,7fcae383-fa45-58c1-b2c2-6219ac5e7546
cce1f5aa3069e50cafb436ad2c857f77,7fcae383-fa45-58c1-b2c2-6219ac5e7546
f584d456f4297f6725b4b4bef99a8877,7fcae383-fa45-58c1-b2c2-6219ac5e7546
d178310349631c67a3a81a3028baad37,7fcae383-fa45-58c1-b2c2-6219ac5e7546
a837702f778879115c266eace1dd599b,7fcae383-fa45-58c1-b2c2-6219ac5e7546
24079bbe227ca9054e81456fe665ebf1,7fcae383-fa45-58c1-b2c2-6219ac5e7546
10e9460d3fea00c5744a2e3a73658917,7fcae383-fa45-58c1-b2c2-6219ac5e7546
a9776aa8e2991b0863e772ba915d7654,7fcae383-fa45-58c1-b2c2-6219ac5e7546
5a5a5d18b768da370441188ae667748e,7fcae383-fa45-58c1-b2c2-6219ac5e7546
160932efc4d2594198d19e14580ab26e,7fcae383-fa45-58c1-b2c2-6219ac5e7546
4e623c88cc677023882b21308fc03258,7fcae383-fa45-58c1-b2c2-6219ac5e7546
9b29e641dbacc2bc4ce971bf0bc4f8fd,7fcae383-fa45-58c1-b2c2-6219ac5e7546
213db71e739685c4411b5268e9796174,7fcae383-fa45-58c1-b2c2-6219ac5e7546
671d99f1e99ac672910a3a26a7daacb9,7fcae383-fa45-58c1-b2c2-6219ac5e7546
414ed18678a73f67bb3811a677039234,7fcae383-fa45-58c1-b2c2-6219ac5e7546
771a76feaeaf62cc35d2e752ab7feb4b,7fcae383-fa45-58c1-b2c2-6219ac5e7546
26fdc25cee982647e29b931991efe40b,7fcae383-fa45-58c1-b2c2-6219ac5e7546
77870c8278dd4f95626035547b728ce0,7fcae383-fa45-58c1-b2c2-6219ac5e7546
b86e0a720d2653189888e4d7e2860927,7fcae383-fa45-58c1-b2c2-6219ac5e7546
13eba089517dd9052ddc7148226bb30d,7fcae383-fa45-58c1-b2c2-6219ac5e7546
e4542a0e8c6bca4eba13f2f06e20697a,7fcae383-fa45-58c1-b2c2-6219ac5e7546
fa6b13a1992a666daf53e4725070f91c,7fcae383-fa45-58c1-b2c2-6219ac5e7546
b5e810a942287ed6324fa24f05f80d5f,7fcae383-fa45-58c1-b2c2-6219ac5e7546
2151ffd5f1b6885cbbf3edf9fbf6404f,7fcae383-fa45-58c1-b2c2-6219ac5e7546
11849132238317ab32cf3507dec771ef,7fcae383-fa45-58c1-b2c2-6219ac5e7546
20eb5c2f9eb8d069a1decaf0199777aa,7fcae383-fa45-58c1-b2c2-6219ac5e7546
c520b98c0ff31e7dcb681deadd9a6e79,7fcae383-fa45-58c1-b2c2-6219ac5e7546
2f697c7e1d5da4ae16346ac254af6102,7fcae383-fa45-58c1-b2c2-6219ac5e7546
d4af8c7b1cf70497a37aa81aafb4f093,7fcae383-fa45-58c1-b2c2-6219ac5e7546
2f7ffb3f57d5b282476b5e7f9597bce6,7fcae383-fa45-58c1-b2c2-6219ac5e7546
6281a8f14b4c17d12ffb06c9e5e75644,7fcae383-fa45-58c1-b2c2-6219ac5e7546
23ba52f6c2eb557fe2ab067c64290dbe,7fcae383-fa45-58c1-b2c2-6219ac5e7546
45c63c3aa64defe267789f967d63374a,7fcae383-fa45-58c1-b2c2-6219ac5e7546
08584178a019a946e6c9d9d2acf96d7e,7fcae383-fa45-58c1-b2c2-6219ac5e7546
d5562acf02b1366ec881cc367b79aace,7fcae383-fa45-58c1-b2c2-6219ac5e7546
49d9b3c56deecc9fb67b614ff8d5417f,7fcae383-fa45-58c1-b2c2-6219ac5e7546
28fa8dd11fb593f23add63b87e772cbd,7fcae383-fa45-58c1-b2c2-6219ac5e7546
4b1a2b223eff7590aa87359ebb2b9532,7fcae383-fa45-58c1-b2c2-6219ac5e7546
25eac4be9284f584855074e9e786291a,7fcae383-fa45-58c1-b2c2-6219ac5e7546
fa477a5cbe308e2fc137ca75fc87a1f2,7fcae383-fa45-58c1-b2c2-6219ac5e7546
f7feed479663d35d60caa9fc8eaa8c84,7fcae383-fa45-58c1-b2c2-6219ac5e7546
6777f805c64b45f8536209763e61aa54,7fcae383-fa45-58c1-b2c2-6219ac5e7546
da7b3e4515ffcf550224e862f859e2cf,7fcae383-fa45-58c1-b2c2-6219ac5e7546
922a5d18b470b1e538a5a9c5b13ca848,7fcae383-fa45-58c1-b2c2-6219ac5e7546
7ac24845e0f8375db2111b3dc5f554cf,7fcae383-fa45-58c1-b2c2-6219ac5e7546
3202427ea233e29c4c0f3af80d8972f0,7fcae383-fa45-58c1-b2c2-6219ac5e7546
aa17608ccb9405eb8b5e4f8fee80f97f,7fcae383-fa45-58c1-b2c2-6219ac5e7546
1051d62218847367fee48b9de04b6267,7fcae383-fa45-58c1-b2c2-6219ac5e7546
5e49943b9c5baa1af4e1e2cf03d3ae88,7fcae383-fa45-58c1-b2c2-6219ac5e7546
6bed5000b3e37287f0022ac530ced831,7fcae383-fa45-58c1-b2c2-6219ac5e7546
02ff3af5fba63cdfccab9417b2012ecc,7fcae383-fa45-58c1-b2c2-6219ac5e7546
9ec2272f0f9665ec95cc1b95ba0b613d,7fcae383-fa45-58c1-b2c2-6219ac5e7546
f5a400bd25e2bbdf5409a24e31d94a3e,7fcae383-fa45-58c1-b2c2-6219ac5e7546
0f0d7943f83b322c564e72ada87dd728,7fcae383-fa45-58c1-b2c2-6219ac5e7546
81e7792d5b01296747e74cc82f83caf8,7fcae383-fa45-58c1-b2c2-6219ac5e7546
be7a855bc0ec3e1ebd471fb420479ad6,7fcae383-fa45-58c1-b2c2-6219ac5e7546
a76817c7ed0caaf3fbc46483b11e8528,7fcae383-fa45-58c1-b2c2-6219ac5e7546
200dd4a95f0d37e18658eb407a289082,7fcae383-fa45-58c1-b2c2-6219ac5e7546
ed68caac95f76fba1de98533dbe130b2,7fcae383-fa45-58c1-b2c2-6219ac5e7546
e3f2aa301bd9f346d6553e68b220633b,7fcae383-fa45-58c1-b2c2-6219ac5e7546
97d32928b9118eff2a04bb6f8278ffe0,7fcae383-fa45-58c1-b2c2-6219ac5e7546
019ec916cd7162fd2bf2129d63be9b15,7fcae383-fa45-58c1-b2c2-6219ac5e7546
926ae010d39f6e4612b9e916a68038dc,7fcae383-fa45-58c1-b2c2-6219ac5e7546
5d383ac49f82f96a98620a09e7e3cf8f,7fcae383-fa45-58c1-b2c2-6219ac5e7546
467db2edc8209f23470fae7ba11fec41,7fcae383-fa45-58c1-b2c2-6219ac5e7546
31339b23e90f9b0529603b3bf192bba3,7fcae383-fa45-58c1-b2c2-6219ac5e7546
c41d641002186b854fe72d3b3aacb46f,7fcae383-fa45-58c1-b2c2-6219ac5e7546
f6ad27df66cd553f502fa2e2e1bd6355,7fcae383-fa45-58c1-b2c2-6219ac5e7546
695286b407b07f49469a0af32db4037a,7fcae383-fa45-58c1-b2c2-6219ac5e7546
22007fc23436dc4cfef3dcd98e4f69f1,7fcae383-fa45-58c1-b2c2-6219ac5e7546
c7f5858fee130478b2e1a5385d83d98e,7fcae383-fa45-58c1-b2c2-6219ac5e7546
fa2a91f0c4aeaf458dd3f1f02c1913a0,7fcae383-fa45-58c1-b2c2-6219ac5e7546
7cfcb1228d119e7e0450cca87b914b10,7fcae383-fa45-58c1-b2c2-6219ac5e7546
d9466ab5ca612700f021db1aae6c12d4,7fcae383-fa45-58c1-b2c2-6219ac5e7546
94d39f9a78a4cfed2258e6f8b737d1b6,7fcae383-fa45-58c1-b2c2-6219ac5e7546
fac170c2f1498a89351e42bc568fe9ea,7fcae383-fa45-58c1-b2c2-6219ac5e7546
dca7412a85acbdd198fd55753c17d527,7fcae383-fa45-58c1-b2c2-6219ac5e7546
4e63ab01c1a7081770445bc15c45619b,7fcae383-fa45-58c1-b2c2-6219ac5e7546
18d2308713f3cf8dc2d5c711941e4140,7fcae383-fa45-58c1-b2c2-6219ac5e7546
d36249fdc10279e859f3db87f4299c87,7fcae383-fa45-58c1-b2c2-6219ac5e7546
a929b1f4b2d1cf7bcaac7147f4e4f1e7,7fcae383-fa45-58c1-b2c2-6219ac5e7546
e05e7d7297973c85494431a9423b57f9,7fcae383-fa45-58c1-b2c2-6219ac5e7546
2cd4a9952d5e02bfc9eece29e2405db8,7fcae383-fa45-58c1-b2c2-6219ac5e7546
0f7acf2f9187bc2707df455bb06f0720,7fcae383-fa45-58c1-b2c2-6219ac5e7546
18b38885471dad29315ae67cf81cde75,7fcae383-fa45-58c1-b2c2-6219ac5e7546
01af2f49275e585d0e850af7341121f2,7fcae383-fa45-58c1-b2c2-6219ac5e7546
05d7c8ef00c1f33af65695bb38c9de1e,7fcae383-fa45-58c1-b2c2-6219ac5e7546
69f776ef65616acaa2ef23d1233bf733,7fcae383-fa45-58c1-b2c2-6219ac5e7546
3d32612d227f7507f7b1cfe6a7715d6b,7fcae383-fa45-58c1-b2c2-6219ac5e7546
5835bfcc729b0aed257919a36c3f2af8,7fcae383-fa45-58c1-b2c2-6219ac5e7546
d45b6f056cd6643b67368f6068cdd529,7fcae383-fa45-58c1-b2c2-6219ac5e7546
5ef7cd189e4a4147e238777fc4953d62,7fcae383-fa45-58c1-b2c2-6219ac5e7546
4ec227a45c64bd42c8e3d8a10e3b8db2,7fcae383-fa45-58c1-b2c2-6219ac5e7546
a2d51364f4ab5c0be0fede2a594a72c7,7fcae383-fa45-58c1-b2c2-6219ac5e7546
4a118173b94e03f631a14cd4d1bbe0fd,7fcae383-fa45-58c1-b2c2-6219ac5e7546
2e1f645d6b94877c4f453a6adb32c87c,7fcae383-fa45-58c1-b2c2-6219ac5e7546
b8d9c656b62edaefbb901ceca43f6aeb,7fcae383-fa45-58c1-b2c2-6219ac5e7546
bd6e369bf71900b88162a822d35e3b79,7fcae383-fa45-58c1-b2c2-6219ac5e7546
44b1e048a0dfaa945babe65331663a17,7fcae383-fa45-58c1-b2c2-6219ac5e7546
a597d3fd9b42f3ba7b2cc90df44740c3,7fcae383-fa45-58c1-b2c2-6219ac5e7546
6824b767cbafa53997f75c8a00f8642a,7fcae383-fa45-58c1-b2c2-6219ac5e7546
c83568c09e1d7a73d90a4c3aac4c765b,7fcae383-fa45-58c1-b2c2-6219ac5e7546
e7aa2cca958872893a3edfa3e2f39ca2,7fcae383-fa45-58c1-b2c2-6219ac5e7546
e1e477c82e609404ad7a66604c06cca8,7fcae383-fa45-58c1-b2c2-6219ac5e7546
16737f23be1523bb75086a6079e96d0d,7fcae383-fa45-58c1-b2c2-6219ac5e7546
72deaeeab2b55dfa687037bea3e328db,7fcae383-fa45-58c1-b2c2-6219ac5e7546
28749b877f5b479839069fe8568d4090,7fcae383-fa45-58c1-b2c2-6219ac5e7546
2a62b8d2315b8ee9dd0e50e1104ba343,7fcae383-fa45-58c1-b2c2-6219ac5e7546
3e0823ef51a91ecb101665e87a0c0b54,7fcae383-fa45-58c1-b2c2-6219ac5e7546
d7897cb93a509761830685f4b2ad9938,7fcae383-fa45-58c1-b2c2-6219ac5e7546
a96de1ba5485e86205e4e613603604bc,7fcae383-fa45-58c1-b2c2-6219ac5e7546
c71a4e462fd27a1ab2410ac14baefbe6,7fcae383-fa45-58c1-b2c2-6219ac5e7546
0072837c3928bf05ea760d96323e017e,7fcae383-fa45-58c1-b2c2-6219ac5e7546
68bbc252078e7c4c12a91f21e8ce046c,7fcae383-fa45-58c1-b2c2-6219ac5e7546
0fb6eb18b3bc23427cfd7a05d22ed1b7,7fcae383-fa45-58c1-b2c2-6219ac5e7546
51e3c4710332d645a6169f49a1cbd8f0,7fcae383-fa45-58c1-b2c2-6219ac5e7546
9ec46763cc16376854f155223aecff1b,7fcae383-fa45-58c1-b2c2-6219ac5e7546
1825ae5b454f40f6eeb3b030c5daae11,7fcae383-fa45-58c1-b2c2-6219ac5e7546
14240e3646282017bf55dd9525ffa0b3,7fcae383-fa45-58c1-b2c2-6219ac5e7546
fa7c4d4e4c0c464748148783cf9d9d03,7fcae383-fa45-58c1-b2c2-6219ac5e7546
9d81b84519984f144da8abdd9141bc44,7fcae383-fa45-58c1-b2c2-6219ac5e7546
108774ebd02578d9600178b3ba218a47,7fcae383-fa45-58c1-b2c2-6219ac5e7546
03e1aba6ff0cc4a00912708283eeefe1,7fcae383-fa45-58c1-b2c2-6219ac5e7546
c2c664972b00301702f915ff7beae95f,7fcae383-fa45-58c1-b2c2-6219ac5e7546
ea40b3b71eaa8fafcf2a4d5e1b3dc38b,7fcae383-fa45-58c1-b2c2-6219ac5e7546
c74a6705a1bc6f253ef7ab63c6645456,7fcae383-fa45-58c1-b2c2-6219ac5e7546
8e429c40afa3443204ca87974be07669,7fcae383-fa45-58c1-b2c2-6219ac5e7546
6de87b860101e56fce20775249c8bdd8,7fcae383-fa45-58c1-b2c2-6219ac5e7546
0d2c8ccdcabc47181cf71d5f50ff735e,7fcae383-fa45-58c1-b2c2-6219ac5e7546
c8807c4fb001e4c397540898b6ebb040,7fcae383-fa45-58c1-b2c2-6219ac5e7546
4aa7836b0d72e7ae21d54a66772bacdf,7fcae383-fa45-58c1-b2c2-6219ac5e7546
39a9659a25163c3846e04bdfa931ecce,7fcae383-fa45-58c1-b2c2-6219ac5e7546
ba964f789fb16d227683e103d397f888,7fcae383-fa45-58c1-b2c2-6219ac5e7546
b418f239dbcb55898d5b6e5434ef226e,7fcae383-fa45-58c1-b2c2-6219ac5e7546
55c4c7fcd0ed47cb9de921fe2249f66c,7fcae383-fa45-58c1-b2c2-6219ac5e7546
ad89fa28bbc9a15a498a919bb4cf843b,7fcae383-fa45-58c1-b2c2-6219ac5e7546
7de5de9f90a2eb1d57a734aa24af1a5e,7fcae383-fa45-58c1-b2c2-6219ac5e7546
657ac9c4709bc2939178d76e850fb9be,7fcae383-fa45-58c1-b2c2-6219ac5e7546
968c4d071dc0c35285eab186bef2a1ef,7fcae383-fa45-58c1-b2c2-6219ac5e7546
0b0a1ca33ed17029c9326bfe6d360719,7fcae383-fa45-58c1-b2c2-6219ac5e7546
df50a555b6cdccec20bd6ca86287b344,7fcae383-fa45-58c1-b2c2-6219ac5e7546
50ed203e05000fe3ef287c5aa603bc7c,7fcae383-fa45-58c1-b2c2-6219ac5e7546
92ab57428d3fddc39cd7bcae50008718,7fcae383-fa45-58c1-b2c2-6219ac5e7546
8deabac89949172528b046548dde3dac,7fcae383-fa45-58c1-b2c2-6219ac5e7546
6962f8de20c51893b00f0376bdefae9a,7fcae383-fa45-58c1-b2c2-6219ac5e7546
3b5a969c4b9b8188bab29431344b3a27,7fcae383-fa45-58c1-b2c2-6219ac5e7546
e29d6e40dd076ac274d038505c5e54b4,7fcae383-fa45-58c1-b2c2-6219ac5e7546
6a13fc313ebcca716515fe01c9495d2d,7fcae383-fa45-58c1-b2c2-6219ac5e7546
44b8bbeaab40f3719403479e0555d938,7fcae383-fa45-58c1-b2c2-6219ac5e7546
928b508dda6a1c4ed4689356d3233cc0,7fcae383-fa45-58c1-b2c2-6219ac5e7546
c337e50b665490a13b3cfafd175e7250,7fcae383-fa45-58c1-b2c2-6219ac5e7546
6f9f1c919e459f59fd6df339b8ca219c,7fcae383-fa45-58c1-b2c2-6219ac5e7546
388839144bc95516a3e20a89bc920a86,7fcae383-fa45-58c1-b2c2-6219ac5e7546
3879b1a8f2213821c8221d5b580f43c4,7fcae383-fa45-58c1-b2c2-6219ac5e7546
e7f8f8967e46cfa9fe9e3028c91c7c28,7fcae383-fa45-58c1-b2c2-6219ac5e7546
b6547de6ff1c07a2541e2cc4a4070025,7fcae383-fa45-58c1-b2c2-6219ac5e7546
10ef9e6ab5c3bb5a9e52aaf99e7d1bb5,7fcae383-fa45-58c1-b2c2-6219ac5e7546
7da3206aada036dc703df0b177652ebb,7fcae383-fa45-58c1-b2c2-6219ac5e7546
e05068e1c65aac9b968feae8f49896cd,7fcae383-fa45-58c1-b2c2-6219ac5e7546
ef4bdf3c11b59580a9961b856cfb875b,7fcae383-fa45-58c1-b2c2-6219ac5e7546
e1d0f777e6e3e7e134cac08b41326aaa,7fcae383-fa45-58c1-b2c2-6219ac5e7546
d63e5307c3572644c5f556da0ee5daf0,7fcae383-fa45-58c1-b2c2-6219ac5e7546
321ca71d17417de96228c4300e73449e,7fcae383-fa45-58c1-b2c2-6219ac5e7546
d40c91b383c5f6b3813e1c3fcfbcb598,7fcae383-fa45-58c1-b2c2-6219ac5e7546
853e6eed1768c928f0d5eebe3057e705,7fcae383-fa45-58c1-b2c2-6219ac5e7546
25ce3c9473c20f2a7b153e1aa6bec403,7fcae383-fa45-58c1-b2c2-6219ac5e7546
9fa24d039e109a49f2637c9c48ae652d,7fcae383-fa45-58c1-b2c2-6219ac5e7546
7ce8dc67942b87ad081ba140bc1bd8f7,7fcae383-fa45-58c1-b2c2-6219ac5e7546
b8444243b669ae675da5fca5660c3bbb,7fcae383-fa45-58c1-b2c2-6219ac5e7546
bcf1474f82226b2a8d39f042fcf26fbd,7fcae383-fa45-58c1-b2c2-6219ac5e7546
2f7ddbd2760c06308e1e345efea48e47,7fcae383-fa45-58c1-b2c2-6219ac5e7546
27d75d49a429b5f80be8a3d8e9a0694c,7fcae383-fa45-58c1-b2c2-6219ac5e7546
74285f24a0155db3a7c0498c997075f9,7fcae383-fa45-58c1-b2c2-6219ac5e7546
aaa0b72c4deebc7fbebb5c08b30bff26,7fcae383-fa45-58c1-b2c2-6219ac5e7546
cf33ceae84404062c5499d8fac7834e2,7fcae383-fa45-58c1-b2c2-6219ac5e7546
3adfe9bcc7f6fa7acf97b9d15c4edb63,7fcae383-fa45-58c1-b2c2-6219ac5e7546
4da561dc2cb5c65e4dc0eab8af1feaf4,7fcae383-fa45-58c1-b2c2-6219ac5e7546
71cc41c5ceb4fb7c2b1a8d8ffdf12cac,7fcae383-fa45-58c1-b2c2-6219ac5e7546
b6fa3239fbddc380ffb1c3f132b1d0d2,7fcae383-fa45-58c1-b2c2-6219ac5e7546
086e988a81b8ce9eed8fac006e8dd40d,7fcae383-fa45-58c1-b2c2-6219ac5e7546
83520ab8bdd90fdddbd2a3e9136de114,7fcae383-fa45-58c1-b2c2-6219ac5e7546
b773f671b6659cfe2d1dda0147be86ef,7fcae383-fa45-58c1-b2c2-6219ac5e7546
d34ed2c7a189b96c826145b01ec80aaf,7fcae383-fa45-58c1-b2c2-6219ac5e7546
925514acd492df888046902ab22caff8,7fcae383-fa45-58c1-b2c2-6219ac5e7546
6df8ba42fac0632dc20404286ae458c0,7fcae383-fa45-58c1-b2c2-6219ac5e7546
6ccff6de020b9c4ee28244ea4d599a12,7fcae383-fa45-58c1-b2c2-6219ac5e7546
2912d01a89d02e83bd8bbf44c4c88d5c,7fcae383-fa45-58c1-b2c2-6219ac5e7546
e9366a2aff694baa875e8f1e472e8d0d,7fcae383-fa45-58c1-b2c2-6219ac5e7546
9f36cc6103daf8aa96205467a154d52e,7fcae383-fa45-58c1-b2c2-6219ac5e7546
c23b6aef25963e944e113609e0b18258,7fcae383-fa45-58c1-b2c2-6219ac5e7546
1f3dcaa86ad921568ce637ea7c14cc7c,7fcae383-fa45-58c1-b2c2-6219ac5e7546
ca5b58a60dcdc353cf1c1d9a83fb8418,7fcae383-fa45-58c1-b2c2-6219ac5e7546
91ecdaec23186fd17a3f6e8555fb7440,7fcae383-fa45-58c1-b2c2-6219ac5e7546
d9b9c2340fe31465db4a4844fde12c72,7fcae383-fa45-58c1-b2c2-6219ac5e7546
89dda51ee89683827dfe23cc0e8046cc,7fcae383-fa45-58c1-b2c2-6219ac5e7546
36102b786b94203da74a50a88c7a7cb0,7fcae383-fa45-58c1-b2c2-6219ac5e7546
60a19dafbf149c509c43741ea8035f09,7fcae383-fa45-58c1-b2c2-6219ac5e7546
5f074c525275d970eba65e44daefdbbd,7fcae383-fa45-58c1-b2c2-6219ac5e7546
1656e77ed25bab7732d3f7dbfc3ca3ed,7fcae383-fa45-58c1-b2c2-6219ac5e7546
598ff8693435f888775dbda27e386bb2,7fcae383-fa45-58c1-b2c2-6219ac5e7546
37a157ac80e64f09d036fe92a08e0753,7fcae383-fa45-58c1-b2c2-6219ac5e7546
a09a89d065a212e2707663fe8814d96a,7fcae383-fa45-58c1-b2c2-6219ac5e7546
833964f4b149822f46dbb0ed904cef14,7fcae383-fa45-58c1-b2c2-6219ac5e7546
215c2e4ea9af18a987992150a6dc51c0,7fcae383-fa45-58c1-b2c2-6219ac5e7546
700960eead7cb532d1a9079a5d696acf,7fcae383-fa45-58c1-b2c2-6219ac5e7546
859ddae9bb52e9202f4c9124e73c6874,7fcae383-fa45-58c1-b2c2-6219ac5e7546
1027aa6265f30c13632cdc4f0fcc7cbd,7fcae383-fa45-58c1-b2c2-6219ac5e7546
73b5aedf8197456eb155ccf230869151,7fcae383-fa45-58c1-b2c2-6219ac5e7546
2b8fe9a9e91513d052164db4190adf98,7fcae383-fa45-58c1-b2c2-6219ac5e7546
706858b06c7ed1ddbfe1d22171d30996,7fcae383-fa45-58c1-b2c2-6219ac5e7546
794426144ee6669754e8635ce879c82c,7fcae383-fa45-58c1-b2c2-6219ac5e7546
e80685b7628b6f59b6c02a6c5f845472,7fcae383-fa45-58c1-b2c2-6219ac5e7546
4ceeada80f4bf0baa57d6098787ece16,7fcae383-fa45-58c1-b2c2-6219ac5e7546
6122e3e6426ff45ff4420514db8b90f9,7fcae383-fa45-58c1-b2c2-6219ac5e7546
d73babfdda605a3daa94ac2bcfa016b7,7fcae383-fa45-58c1-b2c2-6219ac5e7546
07444acefa516b249fd78a5dedc7f6c8,7fcae383-fa45-58c1-b2c2-6219ac5e7546
3e8de89ae78b59098556c083e950aa03,7fcae383-fa45-58c1-b2c2-6219ac5e7546
9fe68c536e36297c345e954c3c422988,7fcae383-fa45-58c1-b2c2-6219ac5e7546
8dba4855befff2b2abb9eac47861f418,7fcae383-fa45-58c1-b2c2-6219ac5e7546
31a32a0a29c12374fcc1ad1799285820,7fcae383-fa45-58c1-b2c2-6219ac5e7546
d61e8bee5fbe7f146a108475cb2e0b57,7fcae383-fa45-58c1-b2c2-6219ac5e7546
ff3afdb984c7d5906deaf8de34ff4a92,7fcae383-fa45-58c1-b2c2-6219ac5e7546
babfb6558d555d2b033ed008c94b8798,7fcae383-fa45-58c1-b2c2-6219ac5e7546
c6e0a9a82f8e9a435afd4f22e52a67d3,7fcae383-fa45-58c1-b2c2-6219ac5e7546
602e0889db73ae79e3d52d9c6b4622a4,7fcae383-fa45-58c1-b2c2-6219ac5e7546
8355e392b45cf129e3073ddd1e3d47ca,7fcae383-fa45-58c1-b2c2-6219ac5e7546
1e9ca83975281a02a8c0e7741ac8c755,7fcae383-fa45-58c1-b2c2-6219ac5e7546
79f302e0ddd8b083f40f05e54fb5ee40,7fcae383-fa45-58c1-b2c2-6219ac5e7546
01bd3b028e0556034cf38b4712c8bc67,7fcae383-fa45-58c1-b2c2-6219ac5e7546
bfe09fb5aa5a0bc7ed1402308b9bb59e,7fcae383-fa45-58c1-b2c2-6219ac5e7546
1538c1f6c0b0942430b83ec47851e45a,7fcae383-fa45-58c1-b2c2-6219ac5e7546
3bbf8a780d29a1b366aee97c83b5aed3,7fcae383-fa45-58c1-b2c2-6219ac5e7546
e7823f6e1fe60f554bd1f562f1e90dc9,7fcae383-fa45-58c1-b2c2-6219ac5e7546
ecf233d12fb52d77bc83cbdf487466c2,7fcae383-fa45-58c1-b2c2-6219ac5e7546
85a38e11edb8688e513df38ba53c447a,7fcae383-fa45-58c1-b2c2-6219ac5e7546
68b494670b711c69e94c5b904c8d8a06,7fcae383-fa45-58c1-b2c2-6219ac5e7546
b834cdc8b40a1e461397b5aed5fd3aac,7fcae383-fa45-58c1-b2c2-6219ac5e7546
dadf0a10f57fe335bef2ebacedd3206d,7fcae383-fa45-58c1-b2c2-6219ac5e7546
0856df0a12f537c5badeb2baa185bb38,7fcae383-fa45-58c1-b2c2-6219ac5e7546
ac7f50e596bc19fa8a0698866871d573,5991e922-0e78-5d47-ac8f-11fe34737db7
9dddfa6b48bdde31b44672bc3c54819f,5991e922-0e78-5d47-ac8f-11fe34737db7
e3b9833dd9ca38f5ad4b3faf9efe568a,5991e922-0e78-5d47-ac8f-11fe34737db7
450a5936f6aea5889f2fbb659d1358a1,5991e922-0e78-5d47-ac8f-11fe34737db7
0841052b0d4fc44dcb20be5f69ea4c76,5991e922-0e78-5d47-ac8f-11fe34737db7
572e2c51831a0f33c9f45441cf4f9c23,5991e922-0e78-5d47-ac8f-11fe34737db7
ae24c6270a36a255cc1471476853972a,5991e922-0e78-5d47-ac8f-11fe34737db7
5f9ee4b4e5d5cb0ce4ec9189186f9f8f,5991e922-0e78-5d47-ac8f-11fe34737db7
594fa0e1b1170b44b6df710b8945013f,5991e922-0e78-5d47-ac8f-11fe34737db7
3e281dc5d73a537374b63b16efc9eaaa,5991e922-0e78-5d47-ac8f-11fe34737db7
213e497b7d5f56751b3640ce108469d5,5991e922-0e78-5d47-ac8f-11fe34737db7
d8c1d2b2ec1b3c32cd131ca92e950ee3,5991e922-0e78-5d47-ac8f-11fe34737db7
a24e62a8ce3d79fa594ddbf2ea7d12b9,5991e922-0e78-5d47-ac8f-11fe34737db7
1d2a74be07f81f6e9f543e873688b358,5991e922-0e78-5d47-ac8f-11fe34737db7
b26dd748bcf0432e56261e6a30b41df7,5991e922-0e78-5d47-ac8f-11fe34737db7
86b8efa06c9d9daab21a0def86dc4a17,5991e922-0e78-5d47-ac8f-11fe34737db7
c74a6705a1bc6f253ef7ab63c6645456,5991e922-0e78-5d47-ac8f-11fe34737db7
cc225879f33584d35ed860c2533c4f0d,5991e922-0e78-5d47-ac8f-11fe34737db7
e48b529d4859c58f737416e1482b5a65,5991e922-0e78-5d47-ac8f-11fe34737db7
2f51607f9c98d35539c412902c443f64,5991e922-0e78-5d47-ac8f-11fe34737db7
93bacba100c21c2feee2ad7c823d543b,5991e922-0e78-5d47-ac8f-11fe34737db7
530b71386482d753c0c10ade7e52782a,5991e922-0e78-5d47-ac8f-11fe34737db7
b1286a13a676c4ce0ac55297a0694b73,5991e922-0e78-5d47-ac8f-11fe34737db7
41c0f217ee49ec4176db211dbacddab3,5991e922-0e78-5d47-ac8f-11fe34737db7
2ade5d6ef816cfbb00e06cf5b1b41952,5991e922-0e78-5d47-ac8f-11fe34737db7
9effecd3e57a82902e097761d8da3ab1,5991e922-0e78-5d47-ac8f-11fe34737db7
09619a3f8a31b7ba00eda5ac9e0cf25b,5991e922-0e78-5d47-ac8f-11fe34737db7
ac132fd6608417e6085accfeef73105b,5991e922-0e78-5d47-ac8f-11fe34737db7
f44b67876467f6f4364374e817ffc3c7,5991e922-0e78-5d47-ac8f-11fe34737db7
c6c9548c459deabfc911fefebcc9b65c,5991e922-0e78-5d47-ac8f-11fe34737db7
17e51aa3dd7d7ce8de690794e971f28e,5991e922-0e78-5d47-ac8f-11fe34737db7
87e3fd5d20f5a2440ad5e58e3deead3a,5991e922-0e78-5d47-ac8f-11fe34737db7
1654ae2030553aab9f888c3a720b13df,5991e922-0e78-5d47-ac8f-11fe34737db7
55fbad9582244d14766c48dec6385516,5991e922-0e78-5d47-ac8f-11fe34737db7
4b49cf3819be395245e3c325be62f652,5991e922-0e78-5d47-ac8f-11fe34737db7
432c98856aefc072194babf3523956ed,5991e922-0e78-5d47-ac8f-11fe34737db7
7e45907af7391aadb5cdf4faa94c6a42,5991e922-0e78-5d47-ac8f-11fe34737db7
89bb1e5062f417d634290d9d1ee02ee4,5991e922-0e78-5d47-ac8f-11fe34737db7
79b50753e08b31d28af5b6429f26e64a,5991e922-0e78-5d47-ac8f-11fe34737db7
c79af31f2bffe6d1969dcd79cb274204,5991e922-0e78-5d47-ac8f-11fe34737db7
00228ee0511e9ae6773dccd192b16ba9,5991e922-0e78-5d47-ac8f-11fe34737db7
ad89fa28bbc9a15a498a919bb4cf843b,5991e922-0e78-5d47-ac8f-11fe34737db7
33cc2e11468f7decdf43df71e3297afb,5991e922-0e78-5d47-ac8f-11fe34737db7
ac5cefdde6da6171013d49576c5038b3,5991e922-0e78-5d47-ac8f-11fe34737db7
c4c53a223b8b8e7efd5d1bfa52bd22e7,5991e922-0e78-5d47-ac8f-11fe34737db7
d0e3cabaa3a02d6930657d70f4104b09,5991e922-0e78-5d47-ac8f-11fe34737db7
f192a27c9d42ab06c4e28a194f1ce3d9,5991e922-0e78-5d47-ac8f-11fe34737db7
1058293ac519fd7bce41f59998673e64,5991e922-0e78-5d47-ac8f-11fe34737db7
57726610f515f6796221ec69f9769b7d,5991e922-0e78-5d47-ac8f-11fe34737db7
84b743e0947f049d9b93a3d896bdd26a,5991e922-0e78-5d47-ac8f-11fe34737db7
a93268980568c653a83cbca5bf216155,5991e922-0e78-5d47-ac8f-11fe34737db7
00d4f333ca10497983ed595e87c0c658,5991e922-0e78-5d47-ac8f-11fe34737db7
3fad0026ab196915641c836a1da69f5e,5991e922-0e78-5d47-ac8f-11fe34737db7
d60bec14c845584093e359fba29db486,5991e922-0e78-5d47-ac8f-11fe34737db7
e6ef283042ad32a8fccfa05c251db700,5991e922-0e78-5d47-ac8f-11fe34737db7
62002ea6079921430ab6437f38cd160c,5991e922-0e78-5d47-ac8f-11fe34737db7
886ac4b26e7bf7af1495bbc20206d484,5991e922-0e78-5d47-ac8f-11fe34737db7
c8e61566ea3789364cea2ac4082f448e,5991e922-0e78-5d47-ac8f-11fe34737db7
14240e3646282017bf55dd9525ffa0b3,5991e922-0e78-5d47-ac8f-11fe34737db7
fa7c4d4e4c0c464748148783cf9d9d03,5991e922-0e78-5d47-ac8f-11fe34737db7
c132706e4adf9b02db968170c7b500c8,5991e922-0e78-5d47-ac8f-11fe34737db7
f5fbcfb19e4af1e33006400848a91b16,5991e922-0e78-5d47-ac8f-11fe34737db7
7dfc178f579c1f9eceb4077a35166f47,5991e922-0e78-5d47-ac8f-11fe34737db7
781bfff5cba09dd20ca6acfef2fac27e,5991e922-0e78-5d47-ac8f-11fe34737db7
e68cb4659f2998c899d28e584cd6ee74,5991e922-0e78-5d47-ac8f-11fe34737db7
378395b5b655a453310ef74832c0772f,5991e922-0e78-5d47-ac8f-11fe34737db7
8b0db633896caa06e975cec410d5024c,5991e922-0e78-5d47-ac8f-11fe34737db7
ec2597e03db41ffd98f3e0ed98aee4b4,5991e922-0e78-5d47-ac8f-11fe34737db7
c55b156a1dfe46cdc4438fbdd1c6db46,5991e922-0e78-5d47-ac8f-11fe34737db7
9db0d37ed79ee2b3d7f9c160bf33c4d6,5991e922-0e78-5d47-ac8f-11fe34737db7
2b7e4be3b63ed4240a074ecb476c2d9d,5991e922-0e78-5d47-ac8f-11fe34737db7
509d1ac72db4510da66c143ea2c61cee,5991e922-0e78-5d47-ac8f-11fe34737db7
6960f5b1a4508bcc3eaf2005c33f3886,5991e922-0e78-5d47-ac8f-11fe34737db7
21c3d501688a4ae41b3e55a13e394dc4,5991e922-0e78-5d47-ac8f-11fe34737db7
03357940b981f76028c1cd26c5391b99,5991e922-0e78-5d47-ac8f-11fe34737db7
bc923bb6ed28ef72da43634406154d34,5991e922-0e78-5d47-ac8f-11fe34737db7
4ce6bb74e5e7d25b74e1366445973153,5991e922-0e78-5d47-ac8f-11fe34737db7
4b09f0b7c9127e192e7b1201ce3bc915,5991e922-0e78-5d47-ac8f-11fe34737db7
a6eefe5509ac5eeebf3806aa4da64938,5991e922-0e78-5d47-ac8f-11fe34737db7
c03144c4c77fca5c814de093feb1cacb,5991e922-0e78-5d47-ac8f-11fe34737db7
2a4549c7db2ced0c0f286bc01d6bdf7c,5991e922-0e78-5d47-ac8f-11fe34737db7
fd6c30dc1d260518398fd2999d669035,5991e922-0e78-5d47-ac8f-11fe34737db7
d711d99d48400f57e7a131f1bb19ca75,5991e922-0e78-5d47-ac8f-11fe34737db7
479064995904b76b89de0f2fb2e7a2dd,5991e922-0e78-5d47-ac8f-11fe34737db7
a594cdcdfd56717f8de836abf246a205,5991e922-0e78-5d47-ac8f-11fe34737db7
47dd0eedb3268faa7233a83eb06b3e62,5991e922-0e78-5d47-ac8f-11fe34737db7
dfc14a9791314722cc9a7a128d2a1ada,5991e922-0e78-5d47-ac8f-11fe34737db7
d679efce0a05be6fbe36d209ac016d0a,5991e922-0e78-5d47-ac8f-11fe34737db7
aedba1817cd6323c882efb75c3826232,5991e922-0e78-5d47-ac8f-11fe34737db7
f2dee2997584d5b0fec2742143dbb58b,5991e922-0e78-5d47-ac8f-11fe34737db7
ac4b0d838cbede1c86de045e9f336769,5991e922-0e78-5d47-ac8f-11fe34737db7
211b7d62948a38ca46be5f31a0b1891d,5991e922-0e78-5d47-ac8f-11fe34737db7
f0274784a51b1eb4b3f9274838d56bb9,5991e922-0e78-5d47-ac8f-11fe34737db7
c4abd4b4ac67fb1196fb139b09b8c8ff,5991e922-0e78-5d47-ac8f-11fe34737db7
3466670090691cf30e480209daf801a8,5991e922-0e78-5d47-ac8f-11fe34737db7
445706a2d4a1db479361c826665503f1,5991e922-0e78-5d47-ac8f-11fe34737db7
94e4f98c285529a434cd81e8ff96a0fc,5991e922-0e78-5d47-ac8f-11fe34737db7
a44d74bd05c5743f7ad7c6b5c5983bc9,5991e922-0e78-5d47-ac8f-11fe34737db7
90d8e318d0bf8b214f2b62486adc5df8,5991e922-0e78-5d47-ac8f-11fe34737db7
72accbb44048e6958731196b3f29722f,5991e922-0e78-5d47-ac8f-11fe34737db7
039959b5672113dad3181cda14254da2,5991e922-0e78-5d47-ac8f-11fe34737db7
31a15934bcaebbf7c265061585181069,5991e922-0e78-5d47-ac8f-11fe34737db7
04a0ad7e7c84b08b292c23121dba1b10,5991e922-0e78-5d47-ac8f-11fe34737db7
0d92ef0970e7aefa6c84f0baf42ee73e,5991e922-0e78-5d47-ac8f-11fe34737db7
257884e01f44fba90da0860c91e5547a,5991e922-0e78-5d47-ac8f-11fe34737db7
5769584192214735865b4a0e005e1cdb,5991e922-0e78-5d47-ac8f-11fe34737db7
e84fab2fa841f002ed0e52ac9e3b8f22,5991e922-0e78-5d47-ac8f-11fe34737db7
cc952e8d5e62bfc09092b93ad62d8feb,5991e922-0e78-5d47-ac8f-11fe34737db7
af25cab95d4bac4f57f3f5069ff22e8a,5991e922-0e78-5d47-ac8f-11fe34737db7
ab99be3eea3c06b7a4c165bb6baaf899,5991e922-0e78-5d47-ac8f-11fe34737db7
9fd47ab0e3155b9fa1fde0ece1728ac0,5991e922-0e78-5d47-ac8f-11fe34737db7
4b78ed40c82dfe98810beb1aec40da34,5991e922-0e78-5d47-ac8f-11fe34737db7
cabf779d323b27c3fe392826ce76c788,5991e922-0e78-5d47-ac8f-11fe34737db7
285281d107266277900dc46e39dc26e0,5991e922-0e78-5d47-ac8f-11fe34737db7
7167cb475fc5584e34fe5e15b2e774af,5991e922-0e78-5d47-ac8f-11fe34737db7
34b5f74d40fda633b69c46709d303167,5991e922-0e78-5d47-ac8f-11fe34737db7
9d4ef707d2fdfd620a15b2a2548784b8,5991e922-0e78-5d47-ac8f-11fe34737db7
ab3a687c3bf9373efcb4d74acd3de6d5,5991e922-0e78-5d47-ac8f-11fe34737db7
6a94cb4874cf38a59ec57b4762f19cf4,5991e922-0e78-5d47-ac8f-11fe34737db7
e46b99c870e9887daa46c39afb62de16,5991e922-0e78-5d47-ac8f-11fe34737db7
b59e41794a02856efac8a391c127f71a,5991e922-0e78-5d47-ac8f-11fe34737db7
9244fb99e22a0bd2f73065211b1004fb,5991e922-0e78-5d47-ac8f-11fe34737db7
4123d99f8d8eebc8bf9d3e47794cb31d,5991e922-0e78-5d47-ac8f-11fe34737db7
4952fc702bbff80e19a9a966061f042d,5991e922-0e78-5d47-ac8f-11fe34737db7
0b22b500a482f4149537a16b99841e8b,5991e922-0e78-5d47-ac8f-11fe34737db7
87aadb1b0d53ad75a6702ba19b1a4dd8,5991e922-0e78-5d47-ac8f-11fe34737db7
dd4b9b7d7e64d07bd7115f2f3de054a5,5991e922-0e78-5d47-ac8f-11fe34737db7
ecc3f06efe04a7aabdc5d5d3c8a0a752,5991e922-0e78-5d47-ac8f-11fe34737db7
1538c1f6c0b0942430b83ec47851e45a,5991e922-0e78-5d47-ac8f-11fe34737db7
c8a2d32fcd5b4c0b49b7e889aa8dd38f,5991e922-0e78-5d47-ac8f-11fe34737db7
d4fc3c4ddf515450ead56a59df70ed3a,5991e922-0e78-5d47-ac8f-11fe34737db7
cf56528eeefea126a80fa42dea57c1c5,5991e922-0e78-5d47-ac8f-11fe34737db7
a437db43ceda360834ac14bcb1b5a404,5991e922-0e78-5d47-ac8f-11fe34737db7
98c4a2c82621ac64422c8bbb1be03aee,5991e922-0e78-5d47-ac8f-11fe34737db7
1ebbc8262be25c5818470348fa587087,5991e922-0e78-5d47-ac8f-11fe34737db7
8211b63cf31810459229ad86b4ea4dfc,5991e922-0e78-5d47-ac8f-11fe34737db7
915960e69d9e3347cf6c9e3312c4bf90,5991e922-0e78-5d47-ac8f-11fe34737db7
4900c98794d1ad4c1eb742e2b1a62bee,5991e922-0e78-5d47-ac8f-11fe34737db7
ae8dd825acd213963d8ebfbf24826eb8,5991e922-0e78-5d47-ac8f-11fe34737db7
b43bbac0afc6ea5725adbdb0e6c4764b,5991e922-0e78-5d47-ac8f-11fe34737db7
c13ee05da334827db11562f7adf18bb8,5991e922-0e78-5d47-ac8f-11fe34737db7
4cb72b28414b0b4d792a12a2e626ace6,5991e922-0e78-5d47-ac8f-11fe34737db7
e1871705b6109bd1f522e333b1c9d96b,5991e922-0e78-5d47-ac8f-11fe34737db7
7533a770ad44a2f893a6b6bac6ef1b64,5991e922-0e78-5d47-ac8f-11fe34737db7
f6254620c4f50a99967dedfde193eb20,5991e922-0e78-5d47-ac8f-11fe34737db7
6bf112a58f7e60c2d7afcf2fa3cb5e49,5991e922-0e78-5d47-ac8f-11fe34737db7
a90be76723863524919324bcca1e7a39,5991e922-0e78-5d47-ac8f-11fe34737db7
2e5da440330d6d52a590d2f0dcf985a3,5991e922-0e78-5d47-ac8f-11fe34737db7
f1887344d62d852d79bcd1c18a9a4fce,5991e922-0e78-5d47-ac8f-11fe34737db7
3584e4a90699dfd603c3ed6a40bb02b3,5991e922-0e78-5d47-ac8f-11fe34737db7
a000e9d0fd72b10d20cbcb650875abac,5991e922-0e78-5d47-ac8f-11fe34737db7
329d3edfe1bc659e8b1e013d560f0649,5991e922-0e78-5d47-ac8f-11fe34737db7
8f9a7cd4ab8d7d27c0919d710692c728,5991e922-0e78-5d47-ac8f-11fe34737db7
a4bfffab4d568c303aba0c3926310446,5991e922-0e78-5d47-ac8f-11fe34737db7
cb13dfa1b462a01981c24efd6e4d137f,5991e922-0e78-5d47-ac8f-11fe34737db7
e20fa9d59128f6ef4139ac803d1ad50c,5991e922-0e78-5d47-ac8f-11fe34737db7
10a568842607411401e6851a64705719,5991e922-0e78-5d47-ac8f-11fe34737db7
4c1878ae3779deb27a40ad1ec016d4aa,5991e922-0e78-5d47-ac8f-11fe34737db7
a278e4f0c49fa302ba69a2a9eea9ae02,5991e922-0e78-5d47-ac8f-11fe34737db7
9db02dc6585542cfe6c179818c296ab5,5991e922-0e78-5d47-ac8f-11fe34737db7
3f35705b0e75b3a99777503b77a975f3,5991e922-0e78-5d47-ac8f-11fe34737db7
65c7cfb8825fea983ca8b440d0046a3a,8d143cfd-70ba-5c9f-babc-d2448b446080
8bacdd7178e3517c5eaf4f708e5ff6ec,8d143cfd-70ba-5c9f-babc-d2448b446080
ab3a687c3bf9373efcb4d74acd3de6d5,8d143cfd-70ba-5c9f-babc-d2448b446080
6a94cb4874cf38a59ec57b4762f19cf4,8d143cfd-70ba-5c9f-babc-d2448b446080
ed52ffd7c81875d849211a1825c209fd,8d143cfd-70ba-5c9f-babc-d2448b446080
c9b4423b80e755eee0eee5c354e39a06,8d143cfd-70ba-5c9f-babc-d2448b446080
056a59fd5dbb45e4259266926de31f34,8d143cfd-70ba-5c9f-babc-d2448b446080
f6ffe951422942a6f17b04e565b0dae9,8d143cfd-70ba-5c9f-babc-d2448b446080
f6f97d54d1a48cbb12c93506981866a6,8d143cfd-70ba-5c9f-babc-d2448b446080
374a287fca8a4ed82a743dc0c21b0de6,8d143cfd-70ba-5c9f-babc-d2448b446080
dcddcf85393e5906534915c3276cf5eb,8d143cfd-70ba-5c9f-babc-d2448b446080
cc225879f33584d35ed860c2533c4f0d,8d143cfd-70ba-5c9f-babc-d2448b446080
e48b529d4859c58f737416e1482b5a65,8d143cfd-70ba-5c9f-babc-d2448b446080
e04a5a5a54b2d7f776b61f48f2a27eb7,8d143cfd-70ba-5c9f-babc-d2448b446080
68989a1acf1897d07af6db81bfbb9f23,8d143cfd-70ba-5c9f-babc-d2448b446080
614f2fb40a148b1ea676fb2ae482a87c,8d143cfd-70ba-5c9f-babc-d2448b446080
d30748844ceea57139047641c1644e10,8d143cfd-70ba-5c9f-babc-d2448b446080
34b6a332a787ee89689f704335cb8300,8d143cfd-70ba-5c9f-babc-d2448b446080
84af7b7e31f53e5e395d0ad8374bb6d4,8d143cfd-70ba-5c9f-babc-d2448b446080
0aec2b6164054e9441c259a35a83ee1c,8d143cfd-70ba-5c9f-babc-d2448b446080
12d2febf2554680c43ef03d9fca3e1db,8d143cfd-70ba-5c9f-babc-d2448b446080
1c938a0c350e1bbc72415aa31e697838,8d143cfd-70ba-5c9f-babc-d2448b446080
b717cd192888eec3c2677e6608244ed0,8d143cfd-70ba-5c9f-babc-d2448b446080
5b8144549b677ab518181d9349d59cc3,8d143cfd-70ba-5c9f-babc-d2448b446080
213a8266bd2dd3766b6613599e88cb58,8d143cfd-70ba-5c9f-babc-d2448b446080
f0c8f9f4c402de6a9b6c6c80cdd9851a,8d143cfd-70ba-5c9f-babc-d2448b446080
22b08d11a295a529ac99efb1d5057a5f,8d143cfd-70ba-5c9f-babc-d2448b446080
6101cd041fd33a3ae72e6aa9dfeffa90,8d143cfd-70ba-5c9f-babc-d2448b446080
864f345d86b7ce1b4785a0389a892d3f,8d143cfd-70ba-5c9f-babc-d2448b446080
2e4cf5b69898bce492cec41ea356a167,8d143cfd-70ba-5c9f-babc-d2448b446080
539dae5be966da980e957d64fdf0f4af,8d143cfd-70ba-5c9f-babc-d2448b446080
991f7e2c1cb6cf712645cd1a60e7f326,8d143cfd-70ba-5c9f-babc-d2448b446080
bf1c66a395649cf847f3e33ac67edc99,8d143cfd-70ba-5c9f-babc-d2448b446080
0af38cf2a0aa201e141b2dfa63a58ade,8d143cfd-70ba-5c9f-babc-d2448b446080
beeff3402f4834b48e98ebe93cd267ce,8d143cfd-70ba-5c9f-babc-d2448b446080
ba185f251bbbf1e05f20fdcad6aa0ebe,8d143cfd-70ba-5c9f-babc-d2448b446080
3e3b8819ad8e358ae75032fd52b8fa0b,8d143cfd-70ba-5c9f-babc-d2448b446080
6218c6e7e25bb0116ab25f3c587a16f7,8d143cfd-70ba-5c9f-babc-d2448b446080
d4eb796da802d49e5a6414e3b86d2161,8d143cfd-70ba-5c9f-babc-d2448b446080
ac4b0d838cbede1c86de045e9f336769,8d143cfd-70ba-5c9f-babc-d2448b446080
a531f0020d58a71a8aaf3eda5d64f617,8d143cfd-70ba-5c9f-babc-d2448b446080
7bdba55e66ceb4d553ec3d8917363923,8d143cfd-70ba-5c9f-babc-d2448b446080
33afa40795745231be63b30fec48c25b,8d143cfd-70ba-5c9f-babc-d2448b446080
b5e810a942287ed6324fa24f05f80d5f,8d143cfd-70ba-5c9f-babc-d2448b446080
d455b149f7a19d0489e52ddb8c20eff3,8d143cfd-70ba-5c9f-babc-d2448b446080
35fefe4ab76f29bc2650bd0400f749f5,8d143cfd-70ba-5c9f-babc-d2448b446080
a7f3ae0c9b78de872269b496fe1cb207,8d143cfd-70ba-5c9f-babc-d2448b446080
8e00dafcdcb38e337f15c3ec8423bfc8,8d143cfd-70ba-5c9f-babc-d2448b446080
5b3b418d03fb63f8f1be5c7023b46f8d,8d143cfd-70ba-5c9f-babc-d2448b446080
6ce830ecc32c4aeece187f0b647753df,8d143cfd-70ba-5c9f-babc-d2448b446080
da2254772d8ac5690c15f2fe212aef27,8d143cfd-70ba-5c9f-babc-d2448b446080
4f30e69ac72a1136913a83d1721fbaac,8d143cfd-70ba-5c9f-babc-d2448b446080
3d72936674a9c73da830cb3d24cf2791,8d143cfd-70ba-5c9f-babc-d2448b446080
dd4b9b7d7e64d07bd7115f2f3de054a5,8d143cfd-70ba-5c9f-babc-d2448b446080
ecc3f06efe04a7aabdc5d5d3c8a0a752,8d143cfd-70ba-5c9f-babc-d2448b446080
401c489579ab2e3b66826312e9dec94e,8d143cfd-70ba-5c9f-babc-d2448b446080
3759a18d023d8a9e9c3e2197b1da2913,8d143cfd-70ba-5c9f-babc-d2448b446080
0cea9f4fbdbae8f3bf41860479cbc92f,8d143cfd-70ba-5c9f-babc-d2448b446080
50bc30664bf11db5b2cf8a66dff17a39,8d143cfd-70ba-5c9f-babc-d2448b446080
01588d80a181515b8550f2fe920d5083,8d143cfd-70ba-5c9f-babc-d2448b446080
841dd628a323c42c56688baa810698ac,8d143cfd-70ba-5c9f-babc-d2448b446080
9b5d8e3a7720ede153d76ddd6a2059d8,8d143cfd-70ba-5c9f-babc-d2448b446080
e6b8eb2e70632eb7a16844c0c7b09460,8d143cfd-70ba-5c9f-babc-d2448b446080
fe180fef223b4be1f1960e24dca59c32,8d143cfd-70ba-5c9f-babc-d2448b446080
cf3da91d45c72bf80269e673619a7000,8d143cfd-70ba-5c9f-babc-d2448b446080
0a669dbbe799489e1d5cbcb02e1388a0,8d143cfd-70ba-5c9f-babc-d2448b446080
683af4974d747c269a4453754f16dc03,8d143cfd-70ba-5c9f-babc-d2448b446080
0d9a792321ec7c086cc67f5435fba087,8d143cfd-70ba-5c9f-babc-d2448b446080
476eea5ed3f507e58b35dc0c29b29f12,8d143cfd-70ba-5c9f-babc-d2448b446080
269031441d7be6adbf62a3cfa40eae1c,8d143cfd-70ba-5c9f-babc-d2448b446080
81dd14da45a91d411d2bbd3aca63b92f,8d143cfd-70ba-5c9f-babc-d2448b446080
c64a6d2c9fcbfd47b02a572a19cb528c,8d143cfd-70ba-5c9f-babc-d2448b446080
2f67acaf8790f9c3098068c5951e69e7,8d143cfd-70ba-5c9f-babc-d2448b446080
66de8f7b2ce1f3716b80ed90c57f89f3,8d143cfd-70ba-5c9f-babc-d2448b446080
9ba2148d66616a89a76ee98d5ff4da5b,8d143cfd-70ba-5c9f-babc-d2448b446080
e8d83c34424cc7c00a7c48d592fa7363,8d143cfd-70ba-5c9f-babc-d2448b446080
422b9a87a108e1a4102f287ae493950d,8d143cfd-70ba-5c9f-babc-d2448b446080
5b2386bb93fcad34106aaf4306be406d,8d143cfd-70ba-5c9f-babc-d2448b446080
1e5986d4c40d621807f606c0ae03be90,8d143cfd-70ba-5c9f-babc-d2448b446080
b7714a3ea7a1e16dddeb16c447c5445c,8d143cfd-70ba-5c9f-babc-d2448b446080
edd36effe8f2787e0ddc4cbeaef164c1,8d143cfd-70ba-5c9f-babc-d2448b446080
e8964e6251ab6679f491bdfa6f946da5,8d143cfd-70ba-5c9f-babc-d2448b446080
319eb9e4c3fe492c6a532182221e6b18,8d143cfd-70ba-5c9f-babc-d2448b446080
209ecb771f0123d07f9514e94a1d677e,8d143cfd-70ba-5c9f-babc-d2448b446080
0f0a44ed22c24007230f4378bb3c7fd2,8d143cfd-70ba-5c9f-babc-d2448b446080
ed40f0d3800dd64fa360ab5e270c4011,8d143cfd-70ba-5c9f-babc-d2448b446080
52bbd16955d8bdb094dcf031790019e2,8d143cfd-70ba-5c9f-babc-d2448b446080
3117c75778337c5f9e9bb979576ab254,8d143cfd-70ba-5c9f-babc-d2448b446080
4bb9a3e23716fd2bbbf5cd2306d2003c,8d143cfd-70ba-5c9f-babc-d2448b446080
d0cac2bd2daa742fbe2e94d82ce5cb76,8d143cfd-70ba-5c9f-babc-d2448b446080
9805840703bef78547916e150fd902db,8d143cfd-70ba-5c9f-babc-d2448b446080
960d4052920f04f4eb13bff1bb9bd754,8d143cfd-70ba-5c9f-babc-d2448b446080
1fa707336b32629ae76b46f87c0b915a,8d143cfd-70ba-5c9f-babc-d2448b446080
75fbbe6b844788ce81b5d6b397e0e01b,8d143cfd-70ba-5c9f-babc-d2448b446080
ca8b53a5837bd2d638071c79cb3dd8f2,8d143cfd-70ba-5c9f-babc-d2448b446080
ef824f83fbbc1ae75d92ea049d52c3f9,8d143cfd-70ba-5c9f-babc-d2448b446080
01ba13fcab71bdb975efcf3668fd89b6,8d143cfd-70ba-5c9f-babc-d2448b446080
6dca05492f23a10bcfcb64ba5e7ffa18,8d143cfd-70ba-5c9f-babc-d2448b446080
5d20dbdf101d285b224b7a316f94c2b4,8d143cfd-70ba-5c9f-babc-d2448b446080
9422dd87611ced6c27e04d807d83aab4,8d143cfd-70ba-5c9f-babc-d2448b446080
a029e54ae05718c7b4bc25d6fa6aa35f,8d143cfd-70ba-5c9f-babc-d2448b446080
857bb2ebab0559cd5c8044aea7fa494b,8d143cfd-70ba-5c9f-babc-d2448b446080
eff897e5deab1ceb62f952968db3d61a,8d143cfd-70ba-5c9f-babc-d2448b446080
6257d4b60622a798153ab6c8525b98d4,8d143cfd-70ba-5c9f-babc-d2448b446080
d37fae78785b9dfa66bf83858b74cee0,8d143cfd-70ba-5c9f-babc-d2448b446080
febc192fc40bbf592316e1239294541e,8d143cfd-70ba-5c9f-babc-d2448b446080
aa08680cae44d72fc82801dfc0baeffa,8d143cfd-70ba-5c9f-babc-d2448b446080
93c8161478536cc8e4814d4ab15e699b,8d143cfd-70ba-5c9f-babc-d2448b446080
d323bf928a163e30065eeaa1ebf7a193,8d143cfd-70ba-5c9f-babc-d2448b446080
8b21425ba521717d80943eb9d9518bea,8d143cfd-70ba-5c9f-babc-d2448b446080
729d0b5ef2f382731cfd3da5777c56b2,8d143cfd-70ba-5c9f-babc-d2448b446080
0b2471e167a5e411a494f2ccfe9a9023,8d143cfd-70ba-5c9f-babc-d2448b446080
a8f7198a408636186195941389d6e52d,8d143cfd-70ba-5c9f-babc-d2448b446080
082fc2d590d24b0328c84dc4af523539,8d143cfd-70ba-5c9f-babc-d2448b446080
14259eb382c53fde82980ebb8d81143f,93ad7b3e-f80a-5770-81cc-ac27dca4775e
c9a2a4158b8377d14f97769c62423324,93ad7b3e-f80a-5770-81cc-ac27dca4775e
b37b95190075aaa32e3e2119ff99e837,93ad7b3e-f80a-5770-81cc-ac27dca4775e
190ff859459801be49e99e6447e0e23b,93ad7b3e-f80a-5770-81cc-ac27dca4775e
ed5c0a7ad8ab34bf4ef647cab0a08062,93ad7b3e-f80a-5770-81cc-ac27dca4775e
dc962b704453952da8519645d6e2f1ac,93ad7b3e-f80a-5770-81cc-ac27dca4775e
9d4ef707d2fdfd620a15b2a2548784b8,93ad7b3e-f80a-5770-81cc-ac27dca4775e
a554e069206e06b8092ce0fd3b8a42bd,93ad7b3e-f80a-5770-81cc-ac27dca4775e
a0ecb63c7ed5ae802aa92a971811832b,93ad7b3e-f80a-5770-81cc-ac27dca4775e
cc440149eac34aad0ddae44a546884b6,93ad7b3e-f80a-5770-81cc-ac27dca4775e
a4f57362704ab20a19eeb817d7129a0e,93ad7b3e-f80a-5770-81cc-ac27dca4775e
610e292e0a2a1663edf2b4cc58d2e274,93ad7b3e-f80a-5770-81cc-ac27dca4775e
28b0bfd60e118a0c039ae8c3fa15429a,93ad7b3e-f80a-5770-81cc-ac27dca4775e
453f2b92bc0b922a3c7ae3c5752ca3c1,93ad7b3e-f80a-5770-81cc-ac27dca4775e
8e991e7342b620cf8cff1991936576d8,93ad7b3e-f80a-5770-81cc-ac27dca4775e
1e9def83a27db63cb2c6c9b1cbe1c292,93ad7b3e-f80a-5770-81cc-ac27dca4775e
9805840703bef78547916e150fd902db,93ad7b3e-f80a-5770-81cc-ac27dca4775e
960d4052920f04f4eb13bff1bb9bd754,93ad7b3e-f80a-5770-81cc-ac27dca4775e
ec9bbb388dab0b78c9c89983ba932879,93ad7b3e-f80a-5770-81cc-ac27dca4775e
d95e6fd9dca1c80cf15e4140498af620,93ad7b3e-f80a-5770-81cc-ac27dca4775e
f81f41bbe491e13e1364a0920ac8cccb,93ad7b3e-f80a-5770-81cc-ac27dca4775e
ca5649c23f07c18f810d189d44c410bb,93ad7b3e-f80a-5770-81cc-ac27dca4775e
08a4d9fcbe2c51066af1d972e01407be,93ad7b3e-f80a-5770-81cc-ac27dca4775e
0d654bdbbf9cd8f3ca8439de7b410ed0,93ad7b3e-f80a-5770-81cc-ac27dca4775e
73383a52a8e30b0eb30f239cfd7d5853,93ad7b3e-f80a-5770-81cc-ac27dca4775e
4dd53277cad040cb99242ae033a79fd8,93ad7b3e-f80a-5770-81cc-ac27dca4775e
a8f7198a408636186195941389d6e52d,93ad7b3e-f80a-5770-81cc-ac27dca4775e
082fc2d590d24b0328c84dc4af523539,93ad7b3e-f80a-5770-81cc-ac27dca4775e
188e271a592f278c84e772e0f7d4d604,93ad7b3e-f80a-5770-81cc-ac27dca4775e
bc7c68ffa75ba2d532870fd5ded9aa64,93ad7b3e-f80a-5770-81cc-ac27dca4775e
748e28a5ba1cdc07a687cfab08e86812,93ad7b3e-f80a-5770-81cc-ac27dca4775e
0a1ebd9507f80431dd2fdfd2391641f2,93ad7b3e-f80a-5770-81cc-ac27dca4775e
f4955d19d153df1e9999427cf5a7baf0,93ad7b3e-f80a-5770-81cc-ac27dca4775e
521a960cb601fb94ca558e709c9ce5b5,93ad7b3e-f80a-5770-81cc-ac27dca4775e
c66066f12f28dcf344655f1ee8be0013,93ad7b3e-f80a-5770-81cc-ac27dca4775e
cc3542acbfbd57bc8ccf3079f5862a0e,93ad7b3e-f80a-5770-81cc-ac27dca4775e
3e67ca0e40d0c9ede16cc7e121935ac0,93ad7b3e-f80a-5770-81cc-ac27dca4775e
1ddab7059f4a523b8c6d0f9313269a09,93ad7b3e-f80a-5770-81cc-ac27dca4775e
dc9c566ac8b1808dc1112a6b025bb082,93ad7b3e-f80a-5770-81cc-ac27dca4775e
ddd2dae23d4a67e4780d14905580dd37,93ad7b3e-f80a-5770-81cc-ac27dca4775e
5cbd165caa16f2a12b4299cbd88b7dc2,93ad7b3e-f80a-5770-81cc-ac27dca4775e
04b8fadfd35f2b99941c84a66ef2ed74,93ad7b3e-f80a-5770-81cc-ac27dca4775e
1215bffebfc2ce58ae6aa550daadd768,93ad7b3e-f80a-5770-81cc-ac27dca4775e
a82de99ab11c1f4fb1ecdf9a53a26cee,93ad7b3e-f80a-5770-81cc-ac27dca4775e
00ae189fdd256128c639d02d0735fb31,93ad7b3e-f80a-5770-81cc-ac27dca4775e
71fd2c8095a19a16e3bade0b6d73b2f2,93ad7b3e-f80a-5770-81cc-ac27dca4775e
f6a986add4cf72370824fbd778716c6f,93ad7b3e-f80a-5770-81cc-ac27dca4775e
149ee65fcf339ed9631026edf5a4ffa2,93ad7b3e-f80a-5770-81cc-ac27dca4775e
af4198c4e64ffcfa7a62a4cf17c8a194,93ad7b3e-f80a-5770-81cc-ac27dca4775e
bb71dda79609864bf24f2ecc240ca3b0,93ad7b3e-f80a-5770-81cc-ac27dca4775e
cba121228e4a4bea44525ca7b08a6a69,93ad7b3e-f80a-5770-81cc-ac27dca4775e
6b4ec47b504bb76cd7a2d5680556e016,93ad7b3e-f80a-5770-81cc-ac27dca4775e
4524f241753f565de83b5e6c97c6e341,93ad7b3e-f80a-5770-81cc-ac27dca4775e
63329ac1200322f9205a8cfa5896aa90,93ad7b3e-f80a-5770-81cc-ac27dca4775e
e9c2ab4cbacda646d1505fce01908126,93ad7b3e-f80a-5770-81cc-ac27dca4775e
009751f775891c02e89af9237c862b20,93ad7b3e-f80a-5770-81cc-ac27dca4775e
c129082fce45e74412d6bb93dc709fa8,93ad7b3e-f80a-5770-81cc-ac27dca4775e
baac60a6968ce75fa859e03e2fe272f6,93ad7b3e-f80a-5770-81cc-ac27dca4775e
a2cf233f376596224d2482fc84eb2531,93ad7b3e-f80a-5770-81cc-ac27dca4775e
28b68143eb4bb53b929d4accb995e5ae,93ad7b3e-f80a-5770-81cc-ac27dca4775e
6400541c056c8e9a285c6699320a5f4a,93ad7b3e-f80a-5770-81cc-ac27dca4775e
d74f7cd7a51f6e8dbd7007886cf5f1a7,93ad7b3e-f80a-5770-81cc-ac27dca4775e
f830ee3c22901bd2268b3d4999040cd0,93ad7b3e-f80a-5770-81cc-ac27dca4775e
f17eb6188dd04ff1fb74bd9ad0c49e2c,93ad7b3e-f80a-5770-81cc-ac27dca4775e
386d8c0492bf86781a498ee45adbfe92,93ad7b3e-f80a-5770-81cc-ac27dca4775e
58eff6246fc776a78de41df1f6f7d4dd,93ad7b3e-f80a-5770-81cc-ac27dca4775e
fc9c70fb6cd68b95488b397efd627d1d,93ad7b3e-f80a-5770-81cc-ac27dca4775e
c76fb46dd50170b0d842bdfdad7649ea,93ad7b3e-f80a-5770-81cc-ac27dca4775e
1113049b886817512375dbde08c6ab59,93ad7b3e-f80a-5770-81cc-ac27dca4775e
9df9f69431b6386da64a7e13619794df,93ad7b3e-f80a-5770-81cc-ac27dca4775e
e7ee6e915499dddcf8b7d1ea168513f6,93ad7b3e-f80a-5770-81cc-ac27dca4775e
51cfe69ae65a8b6f16057c9c5bcbbee9,93ad7b3e-f80a-5770-81cc-ac27dca4775e
c8c4ccc90b5ea034606f372b535a7d0b,93ad7b3e-f80a-5770-81cc-ac27dca4775e
191b593653727600008d8b06c09875f6,93ad7b3e-f80a-5770-81cc-ac27dca4775e
18a18aed27ad74ba368a439918ad65af,93ad7b3e-f80a-5770-81cc-ac27dca4775e
d65136225fef33ff0fe366e9d9ca9ee0,93ad7b3e-f80a-5770-81cc-ac27dca4775e
ea78502e887281a85d51363c0f4848c5,93ad7b3e-f80a-5770-81cc-ac27dca4775e
446c01ffe13cb3ceace5890d3b31f658,9a30b960-97c0-5b0c-9066-5ee15b2a0a39
ee2fcfb722a2e31cb1f3ff4786190554,9a30b960-97c0-5b0c-9066-5ee15b2a0a39
d69514fab6603f62ec42bc23209ebc5c,9a30b960-97c0-5b0c-9066-5ee15b2a0a39
31b90619ebe352ccb6716658ad628e76,9a30b960-97c0-5b0c-9066-5ee15b2a0a39
6e7abc3a540d0ed825d24eaa5b9eda76,9a30b960-97c0-5b0c-9066-5ee15b2a0a39
dd86df057ca764b1b33d677d7cdbf0be,9a30b960-97c0-5b0c-9066-5ee15b2a0a39
1d78a61045a5627c92bb7b17c8c0aae5,9a30b960-97c0-5b0c-9066-5ee15b2a0a39
ce0aa580f3e166f37d9a6275b15f8f39,9a30b960-97c0-5b0c-9066-5ee15b2a0a39
c5c85c838c515708349b02994f4b2c1a,9a30b960-97c0-5b0c-9066-5ee15b2a0a39
5cfee9df371df30fad79343dd06445dc,9a30b960-97c0-5b0c-9066-5ee15b2a0a39
f7ec16003063c5c111406f3273394df9,9a30b960-97c0-5b0c-9066-5ee15b2a0a39
10d93aed56e97a6646b9358d875a4e5c,9a30b960-97c0-5b0c-9066-5ee15b2a0a39
965ad2797afc3b9d19051bafe5c482c2,9a30b960-97c0-5b0c-9066-5ee15b2a0a39
fc953de98bf75007e90c94e5546ad1a9,9a30b960-97c0-5b0c-9066-5ee15b2a0a39
f02439fda226ee0dd9eeda6430f8788d,9a30b960-97c0-5b0c-9066-5ee15b2a0a39
51e4105d61177fc90b9228a6fb8457c9,9a30b960-97c0-5b0c-9066-5ee15b2a0a39
7cd6fa5ead2f88cdf88ddc08b2710b80,9a30b960-97c0-5b0c-9066-5ee15b2a0a39
c979ad4bbe322a799d37b80e61771935,9a30b960-97c0-5b0c-9066-5ee15b2a0a39
3019aa33613dea4b9b8e73e7d93b579a,9a30b960-97c0-5b0c-9066-5ee15b2a0a39
70a184eda9f35c14bba2071a28166158,9a30b960-97c0-5b0c-9066-5ee15b2a0a39
2402da64ddfa65be25db6ca695964ab6,9a30b960-97c0-5b0c-9066-5ee15b2a0a39
d74c0dc2859b7bc3ab9d3b10cb8bf6a8,9a30b960-97c0-5b0c-9066-5ee15b2a0a39
4b059f936e87e269aab2e6aa94829e28,9a30b960-97c0-5b0c-9066-5ee15b2a0a39
34a01f93ab4b7e246acba01c611163c4,9a30b960-97c0-5b0c-9066-5ee15b2a0a39
6d9aae7a75a4e3332301577dffcaaf7d,9a30b960-97c0-5b0c-9066-5ee15b2a0a39
df37e42599d28d876023ba27a17ebc5e,9a30b960-97c0-5b0c-9066-5ee15b2a0a39
6f3e3dd920be888e7ad19893061596ff,9a30b960-97c0-5b0c-9066-5ee15b2a0a39
d4ffd90179d76109ff503b07f189a01d,9a30b960-97c0-5b0c-9066-5ee15b2a0a39
088442cb5f8c6e0fd2581acaf22611cf,9a30b960-97c0-5b0c-9066-5ee15b2a0a39
7405e982794dfa24010de2160f126b2b,9a30b960-97c0-5b0c-9066-5ee15b2a0a39
736ff6a26ba630395b178705c35df11c,9a30b960-97c0-5b0c-9066-5ee15b2a0a39
1e3363dd6c1d1682b2ffd09bc5f26a14,9a30b960-97c0-5b0c-9066-5ee15b2a0a39
b2a28962fcdb0d3dc5283e584b09d843,9a30b960-97c0-5b0c-9066-5ee15b2a0a39
0497e400d17c377afbe456f137ea3618,9a30b960-97c0-5b0c-9066-5ee15b2a0a39
b3eebdd3e5e319742a18d7803f8ad7a8,9a30b960-97c0-5b0c-9066-5ee15b2a0a39
e753b676c31b21925061590df8227016,9a30b960-97c0-5b0c-9066-5ee15b2a0a39
55eec1dbe199afc694309ce2503d17fb,9a30b960-97c0-5b0c-9066-5ee15b2a0a39
b9e84f108a184174f1240bc6f5b6a0f2,9a30b960-97c0-5b0c-9066-5ee15b2a0a39
0505d59c3efd38ed17b4cf78e56a738b,9a30b960-97c0-5b0c-9066-5ee15b2a0a39
2fed187f7f4b04c52c1d9449de88e3d7,9a30b960-97c0-5b0c-9066-5ee15b2a0a39
7aa79204fb9b001ef279536c70713bd3,9a30b960-97c0-5b0c-9066-5ee15b2a0a39
49799d4dd694dad564296f7d325d7ce4,9a30b960-97c0-5b0c-9066-5ee15b2a0a39
2bf630841a99e6a09aec04be732d36cb,9a30b960-97c0-5b0c-9066-5ee15b2a0a39
d05253411c2adc8dd03aaa06b140fbb6,9a30b960-97c0-5b0c-9066-5ee15b2a0a39
98f0afac2f6e027210f6e13a8348e8b0,9a30b960-97c0-5b0c-9066-5ee15b2a0a39
4569fb3d6933c9f01c1f800df0a0a8d9,9a30b960-97c0-5b0c-9066-5ee15b2a0a39
99dd4954a0810a15ef585508ff1c3494,9a30b960-97c0-5b0c-9066-5ee15b2a0a39
8f1b48581fd28d5cb00eb8892eb9ff82,9a30b960-97c0-5b0c-9066-5ee15b2a0a39
60e8b5295e509d855c746262e7df008c,9a30b960-97c0-5b0c-9066-5ee15b2a0a39
05454c25b3c2c8497eabebb0770ac70c,9a30b960-97c0-5b0c-9066-5ee15b2a0a39
7161970208571f386f3f99ef70f92721,9a30b960-97c0-5b0c-9066-5ee15b2a0a39
f953904240672e51e5641bc022a57fa2,9a30b960-97c0-5b0c-9066-5ee15b2a0a39
8b0e281b3c538782e0068acca39c9ef3,9a30b960-97c0-5b0c-9066-5ee15b2a0a39
3bf2b3229d5a11f93fc4af6fb7fccc39,9a30b960-97c0-5b0c-9066-5ee15b2a0a39
e409195102734888996e8e317edfb404,9a30b960-97c0-5b0c-9066-5ee15b2a0a39
dde6275337ef0a7dfd8e243c8088751f,9a30b960-97c0-5b0c-9066-5ee15b2a0a39
e9cf424c4247e9722a45c750186fc8e3,9a30b960-97c0-5b0c-9066-5ee15b2a0a39
d7a612dba1aded56b56d6d11d850c284,9a30b960-97c0-5b0c-9066-5ee15b2a0a39
4f75a16c58657cdbd27d46e06183b233,9a30b960-97c0-5b0c-9066-5ee15b2a0a39
6bacac57dddc704ba98a81acdbf9e561,9a30b960-97c0-5b0c-9066-5ee15b2a0a39
7dc9c2b7d3e9a1b8d831579b613fa0fa,9a30b960-97c0-5b0c-9066-5ee15b2a0a39
0b3b994c39436e3cc5b8a523b995cd68,9a30b960-97c0-5b0c-9066-5ee15b2a0a39
c2d5b0b1485e98f73117fbb0fca62db3,9a30b960-97c0-5b0c-9066-5ee15b2a0a39
5d962b66178c97451714d9b85f38b273,9a30b960-97c0-5b0c-9066-5ee15b2a0a39
12682582728c3bd3544ca1f8849573b9,9a30b960-97c0-5b0c-9066-5ee15b2a0a39
bb48a395a305c4cdea1dc339bb2b82f6,9a30b960-97c0-5b0c-9066-5ee15b2a0a39
1c6eab14b6919552f0201f4662a32fc4,9a30b960-97c0-5b0c-9066-5ee15b2a0a39
644577cbdbb5e57f8432a5624b428c49,9a30b960-97c0-5b0c-9066-5ee15b2a0a39
ba364b8ec702be7c84c838f94758cfeb,9a30b960-97c0-5b0c-9066-5ee15b2a0a39
d8b3692e8570b3d72df36dd763a9d06b,9a30b960-97c0-5b0c-9066-5ee15b2a0a39
5fb1155157c27b6de98154a52af1157c,9a30b960-97c0-5b0c-9066-5ee15b2a0a39
94586f5cd011dc5e913ad4ddbd8edc7a,9a30b960-97c0-5b0c-9066-5ee15b2a0a39
d2d53d8273f2c4cd42e60a0e568c00db,9a30b960-97c0-5b0c-9066-5ee15b2a0a39
8ad8aad21cb585c1409abd6e5d56e08b,9a30b960-97c0-5b0c-9066-5ee15b2a0a39
609d52f3ecea7e35e84b680db4883feb,9a30b960-97c0-5b0c-9066-5ee15b2a0a39
85bf502d212470ba2eb12c2f62cf2a0b,9a30b960-97c0-5b0c-9066-5ee15b2a0a39
99f0045ed1027b4da8d00940fb622450,9a30b960-97c0-5b0c-9066-5ee15b2a0a39
a5419c28a10749295a626b7fab06bbc7,9a30b960-97c0-5b0c-9066-5ee15b2a0a39
97a1d9c02bfc460d4515e7208d2d63e9,9a30b960-97c0-5b0c-9066-5ee15b2a0a39
79291a065225d9a4344433dc37c65047,9a30b960-97c0-5b0c-9066-5ee15b2a0a39
7fce871ea45db9728a26b2787b9e23a9,9a30b960-97c0-5b0c-9066-5ee15b2a0a39
0933cc921c3e3aacec5f8162f7733b2a,9a30b960-97c0-5b0c-9066-5ee15b2a0a39
997a0fba09d5dbf1c5ad0990c35e5497,9a30b960-97c0-5b0c-9066-5ee15b2a0a39
c8fcbef15da632fa08cb2a50e8de60a0,9a30b960-97c0-5b0c-9066-5ee15b2a0a39
52cbd443fa0feb75434df1e33ecf6b64,9a30b960-97c0-5b0c-9066-5ee15b2a0a39
cb094e39244fd173ce7e1daf03f624c7,9a30b960-97c0-5b0c-9066-5ee15b2a0a39
3fdac2deee46897deb785c00638e81a7,9a30b960-97c0-5b0c-9066-5ee15b2a0a39
a6a2b4cd0a2587a839e9a9b4b0318572,9a30b960-97c0-5b0c-9066-5ee15b2a0a39
86af8804d462154ce568c03d7d4448b1,9a30b960-97c0-5b0c-9066-5ee15b2a0a39
c9bdf3c9cf9041fb2ceda6992b816520,9a30b960-97c0-5b0c-9066-5ee15b2a0a39
08c1b323a3c63cf6806018b35749344b,9a30b960-97c0-5b0c-9066-5ee15b2a0a39
3e660504f5ea334c755346a3f005e7f0,9a30b960-97c0-5b0c-9066-5ee15b2a0a39
642e63f8d02b06b9911b9108eca222dd,9a30b960-97c0-5b0c-9066-5ee15b2a0a39
4b30f0d2b40a55b1120ad372fe98e5dc,9a30b960-97c0-5b0c-9066-5ee15b2a0a39
ffbb74238915dd5c25cc06c1de1a168e,9a30b960-97c0-5b0c-9066-5ee15b2a0a39
f7b01ce428dea625412b686f34f4123f,9a30b960-97c0-5b0c-9066-5ee15b2a0a39
8354ff74eb46d17fc4c439277a0ab120,9a30b960-97c0-5b0c-9066-5ee15b2a0a39
1f4896915a3934a824e36bbfc53b732d,9a30b960-97c0-5b0c-9066-5ee15b2a0a39
8b1bb7c4a394b5fb2f768669de121501,9a30b960-97c0-5b0c-9066-5ee15b2a0a39
1825ae5b454f40f6eeb3b030c5daae11,9a30b960-97c0-5b0c-9066-5ee15b2a0a39
09b82b58aa1fcedecbdc7c884f7b884a,9a30b960-97c0-5b0c-9066-5ee15b2a0a39
c1af2e9c414aeb0cc3b0af3a77631fe7,9a30b960-97c0-5b0c-9066-5ee15b2a0a39
c71a4e462fd27a1ab2410ac14baefbe6,9a30b960-97c0-5b0c-9066-5ee15b2a0a39
a36a3aff9d76c9476c481a90251c0e1d,9a30b960-97c0-5b0c-9066-5ee15b2a0a39
7dec8ee66646a17da75861b1601c45f7,9a30b960-97c0-5b0c-9066-5ee15b2a0a39
375e3a0b53c613ae975c15e44a6fbbc2,9a30b960-97c0-5b0c-9066-5ee15b2a0a39
2f6f7482f7a3c08a7406934c5ea2d6ae,9a30b960-97c0-5b0c-9066-5ee15b2a0a39
2bcf0380cf71f0b823cc187ed8c3e98a,9a30b960-97c0-5b0c-9066-5ee15b2a0a39
a42f6e8df2d2554d0d0e86ca4cc6d6dc,9a30b960-97c0-5b0c-9066-5ee15b2a0a39
34476d790bf2eacf6d2c977b9af06755,9a30b960-97c0-5b0c-9066-5ee15b2a0a39
d70715c4888952509aa449372e0771ec,9a30b960-97c0-5b0c-9066-5ee15b2a0a39
22f475bdc00faa6a8280659ea0b264c5,9a30b960-97c0-5b0c-9066-5ee15b2a0a39
21dfd896068cbe144311e2cca6e7f53f,9a30b960-97c0-5b0c-9066-5ee15b2a0a39
2cc13b3ee859462ec0b461e440feefd6,9a30b960-97c0-5b0c-9066-5ee15b2a0a39
51ee6b5eae540116cb41f0f13265c6b7,9a30b960-97c0-5b0c-9066-5ee15b2a0a39
633e35f613cc2c65f64cb353e9b844f5,9a30b960-97c0-5b0c-9066-5ee15b2a0a39
ba95b2a805ec9cb68b24a186bf748d4f,9a30b960-97c0-5b0c-9066-5ee15b2a0a39
5629620c34611860f843844716b5a0d4,9a30b960-97c0-5b0c-9066-5ee15b2a0a39
addae035732dfeace67794819ae45b4f,9a30b960-97c0-5b0c-9066-5ee15b2a0a39
0a79fc325cc812c155eda352eb192b54,9a30b960-97c0-5b0c-9066-5ee15b2a0a39
54b3c3fb399fb0e3b7bb850960776a28,9a30b960-97c0-5b0c-9066-5ee15b2a0a39
efc3e530d05ae752b71cde9fd1b113dc,9a30b960-97c0-5b0c-9066-5ee15b2a0a39
cbf72fc98b39f298ee28736a4bae3abb,9a30b960-97c0-5b0c-9066-5ee15b2a0a39
aaa7e7b83a398a6d7182e044339cfa90,9a30b960-97c0-5b0c-9066-5ee15b2a0a39
07632b0cd187a4cd49226f001eae190b,9a30b960-97c0-5b0c-9066-5ee15b2a0a39
19f673b04743abd766bda7fb6aec113a,9a30b960-97c0-5b0c-9066-5ee15b2a0a39
1b140f043dc13aad7067d12de4b0f775,9a30b960-97c0-5b0c-9066-5ee15b2a0a39
d02ab4f52a5f607815d2e4d7df498b50,9a30b960-97c0-5b0c-9066-5ee15b2a0a39
921c9bdbedb0857ed50f54a751921be9,9a30b960-97c0-5b0c-9066-5ee15b2a0a39
bde737396d32d85e047d3d2ce9ea7307,9a30b960-97c0-5b0c-9066-5ee15b2a0a39
d0bb3bb73cc07c2e26f0921bee464c12,9a30b960-97c0-5b0c-9066-5ee15b2a0a39
62b66b2e59d7e9131936b77a8180bc09,9a30b960-97c0-5b0c-9066-5ee15b2a0a39
ada8ad373566ef11ed2e4147ba098f95,9a30b960-97c0-5b0c-9066-5ee15b2a0a39
eced840fcc6025cc1a692b03c878239a,9a30b960-97c0-5b0c-9066-5ee15b2a0a39
53c387c706feb04da9f43417d037c2ae,9a30b960-97c0-5b0c-9066-5ee15b2a0a39
00228ee0511e9ae6773dccd192b16ba9,9a30b960-97c0-5b0c-9066-5ee15b2a0a39
ad89fa28bbc9a15a498a919bb4cf843b,9a30b960-97c0-5b0c-9066-5ee15b2a0a39
ce37fd0e78fb8389a1165dfb0a95364a,9a30b960-97c0-5b0c-9066-5ee15b2a0a39
480fc31f513fc22e7cc5f10465c9736d,9a30b960-97c0-5b0c-9066-5ee15b2a0a39
1b5e0aeac4a05c0f094cabcbb5bf939a,9a30b960-97c0-5b0c-9066-5ee15b2a0a39
8fba0a08f399452fa8c96a3d93118eb3,9a30b960-97c0-5b0c-9066-5ee15b2a0a39
53730c5b365cfdb540ab43e0845f7a46,9a30b960-97c0-5b0c-9066-5ee15b2a0a39
63ba3f0f56293a37fed05ee9620b51ff,9a30b960-97c0-5b0c-9066-5ee15b2a0a39
9afe7980dc4a0c3007d6ff2cbf7b912b,9a30b960-97c0-5b0c-9066-5ee15b2a0a39
3925703e6c114110c570d8dd9ee2cc4e,9a30b960-97c0-5b0c-9066-5ee15b2a0a39
ee12483f31bc28672c522f9cc3d50c46,9a30b960-97c0-5b0c-9066-5ee15b2a0a39
1215bffebfc2ce58ae6aa550daadd768,9a30b960-97c0-5b0c-9066-5ee15b2a0a39
76ebcf1c1b4ca57f18a1b51d63bfc11e,9a30b960-97c0-5b0c-9066-5ee15b2a0a39
f11e489252f0df6c367bb3ded7c4e4f6,9a30b960-97c0-5b0c-9066-5ee15b2a0a39
b8256714dede118ac7d56c79825e84f1,9a30b960-97c0-5b0c-9066-5ee15b2a0a39
c3ce52a669dc6f8b19b67bf23546d5b7,9a30b960-97c0-5b0c-9066-5ee15b2a0a39
4b1791bc0038adf7fc8fad30941e1449,9a30b960-97c0-5b0c-9066-5ee15b2a0a39
3b7eafa26e50b1398a355953f0f26e2d,9a30b960-97c0-5b0c-9066-5ee15b2a0a39
161f6f8e20282d34d5d787a0cf434a0d,9a30b960-97c0-5b0c-9066-5ee15b2a0a39
e81b8668dc2dc30cb5eb84cabd898131,9a30b960-97c0-5b0c-9066-5ee15b2a0a39
8b0fea23117980368c72c455187fe6d2,9a30b960-97c0-5b0c-9066-5ee15b2a0a39
792e98f3b7e60e58ce0b77253a43e1e3,9a30b960-97c0-5b0c-9066-5ee15b2a0a39
8150dfc7f08dd128b978eb8056295d62,9a30b960-97c0-5b0c-9066-5ee15b2a0a39
7130a829d63bf4696fa1bbc988248ec4,9a30b960-97c0-5b0c-9066-5ee15b2a0a39
28dc30d96f9bc6485663c9657841bcd3,9a30b960-97c0-5b0c-9066-5ee15b2a0a39
62754dd5ebdabc61825904a1f09413ac,9a30b960-97c0-5b0c-9066-5ee15b2a0a39
2475bdb359287bbe49f584b30691c678,9a30b960-97c0-5b0c-9066-5ee15b2a0a39
4960b81bf57720ad45bc0a7ed86dbf6a,9a30b960-97c0-5b0c-9066-5ee15b2a0a39
258585a88aa7c3bec8ba749eb58268f3,9a30b960-97c0-5b0c-9066-5ee15b2a0a39
d5820cb41f98590375d2694dd67bd86e,9a30b960-97c0-5b0c-9066-5ee15b2a0a39
a13b32203b3dcf3a8e797cef2d3f3669,9a30b960-97c0-5b0c-9066-5ee15b2a0a39
fee0233cabb2c1ddfa48862e625c80b1,9a30b960-97c0-5b0c-9066-5ee15b2a0a39
83aef5df31465d542041f697d436021c,9a30b960-97c0-5b0c-9066-5ee15b2a0a39
daa70be05133d301c59a03d7dff7fa88,9a30b960-97c0-5b0c-9066-5ee15b2a0a39
58fe0c2da6560e3c58e354debca0a38a,9a30b960-97c0-5b0c-9066-5ee15b2a0a39
253e37c4f3cb2b19e73e73cb6df1d4fc,9a30b960-97c0-5b0c-9066-5ee15b2a0a39
0253dd1764066e7530c2037efaf732fa,9a30b960-97c0-5b0c-9066-5ee15b2a0a39
77b0f59c3aa661dc24eaa39339ea1c59,9a30b960-97c0-5b0c-9066-5ee15b2a0a39
933cabfbb4f09bd98fc1bcfc96aa35e9,9a30b960-97c0-5b0c-9066-5ee15b2a0a39
17b6ae78191f953357e22109d9b59e24,9a30b960-97c0-5b0c-9066-5ee15b2a0a39
c4815ddd2235f87c10f62868033b8d7f,9a30b960-97c0-5b0c-9066-5ee15b2a0a39
387917dcf9b881bede1a0b108579b5e6,9a30b960-97c0-5b0c-9066-5ee15b2a0a39
6823559b09926faa6db1bfbb87efae11,9a30b960-97c0-5b0c-9066-5ee15b2a0a39
f121ea785c495a3957c57596d0abf601,9a30b960-97c0-5b0c-9066-5ee15b2a0a39
1ee4fcbe8872726cc6b7e45314ea6f04,9a30b960-97c0-5b0c-9066-5ee15b2a0a39
4535f55894f71085d1cbf0c28c90589f,9a30b960-97c0-5b0c-9066-5ee15b2a0a39
97dddabda3d1e59ecbbea3a3db2005b2,9a30b960-97c0-5b0c-9066-5ee15b2a0a39
05a1dab91ada96f814c821a84e937726,9a30b960-97c0-5b0c-9066-5ee15b2a0a39
d0c28f34d542aa1e9753c161471ee590,9a30b960-97c0-5b0c-9066-5ee15b2a0a39
dbdfc7bd89588359db853ab675097088,9a30b960-97c0-5b0c-9066-5ee15b2a0a39
b2003e8cc16faf32c0bbdef34fa446ed,9a30b960-97c0-5b0c-9066-5ee15b2a0a39
b5c98632bb2173dcebf56c68e089c72c,9a30b960-97c0-5b0c-9066-5ee15b2a0a39
b9dae43c564e77629dd72886d0a09bcc,9a30b960-97c0-5b0c-9066-5ee15b2a0a39
2cdfd4f857340083fc16067f271666cf,9a30b960-97c0-5b0c-9066-5ee15b2a0a39
267a9b7c0f39298ccd2bca6cbad533e8,9a30b960-97c0-5b0c-9066-5ee15b2a0a39
9cbea29462b9ae0707f8ec88a164cc53,9a30b960-97c0-5b0c-9066-5ee15b2a0a39
a5bc4930938371a7bb76d9500829e10c,9a30b960-97c0-5b0c-9066-5ee15b2a0a39
71a4bdace3dfdcfe45aabc718bb2327f,9a30b960-97c0-5b0c-9066-5ee15b2a0a39
7be43fd22c8edb99cc4ceaf00de581de,9a30b960-97c0-5b0c-9066-5ee15b2a0a39
16355818ecac3cdc488a259934bcb51f,9a30b960-97c0-5b0c-9066-5ee15b2a0a39
38746a214442a4235204ef6652ce430e,9a30b960-97c0-5b0c-9066-5ee15b2a0a39
2c6cde959b0dfd3a0d458e751a1aa9ba,9a30b960-97c0-5b0c-9066-5ee15b2a0a39
d2cf5efb16fbcc35294e40763f15da30,9a30b960-97c0-5b0c-9066-5ee15b2a0a39
c8bed85fc4cbd240a9f5c527c632ad14,9a30b960-97c0-5b0c-9066-5ee15b2a0a39
91faa40339d736016d32306d408cdc99,9a30b960-97c0-5b0c-9066-5ee15b2a0a39
9c56086d16f72cdd6c4c615b75c80134,9a30b960-97c0-5b0c-9066-5ee15b2a0a39
f7dd8c8a058a7817e8732522296fa8cb,9a30b960-97c0-5b0c-9066-5ee15b2a0a39
ad24a5c8cf370b572e0f0d6d6b69b375,9a30b960-97c0-5b0c-9066-5ee15b2a0a39
4d02654943dc5b564d0487ca8d0b42fb,9a30b960-97c0-5b0c-9066-5ee15b2a0a39
c898f49bd38a8125acb6e3ef5065a55f,9a30b960-97c0-5b0c-9066-5ee15b2a0a39
fcff6a2a90210c120aeaeee4ad900ead,9a30b960-97c0-5b0c-9066-5ee15b2a0a39
8f10d3e858ff24c55c7d7eede0fef1da,a81b65b4-fcbe-5e1f-a279-9e82f5c34521
4fb5f875ba217ec8d416980f008a3ea5,a81b65b4-fcbe-5e1f-a279-9e82f5c34521
32321d9411e65bf97a1cebad96717fcc,a81b65b4-fcbe-5e1f-a279-9e82f5c34521
9d7f0d7ee2ef2de72146c19193f04613,a81b65b4-fcbe-5e1f-a279-9e82f5c34521
6c1691d792e5aa070f2383ac2766346d,a81b65b4-fcbe-5e1f-a279-9e82f5c34521
79b4df079f41e92f7b30a3130c7fac9d,a81b65b4-fcbe-5e1f-a279-9e82f5c34521
aae7bf55af569c35a822ca72a1fbf46b,a81b65b4-fcbe-5e1f-a279-9e82f5c34521
69577d9959ae8be53c3be7666b095964,a81b65b4-fcbe-5e1f-a279-9e82f5c34521
d756f1e0b94829febd695fa484e85e5b,a81b65b4-fcbe-5e1f-a279-9e82f5c34521
e063803279181d2e6a362e5e328ccc11,a81b65b4-fcbe-5e1f-a279-9e82f5c34521
73126c59961e130e280355bd5dbddd23,a81b65b4-fcbe-5e1f-a279-9e82f5c34521
765e3adc59345c488d5b352ed9daa319,a81b65b4-fcbe-5e1f-a279-9e82f5c34521
38207302d45eebe1178459ca46972cd1,a81b65b4-fcbe-5e1f-a279-9e82f5c34521
5326fa035ea1d167287fd03805e45d75,a81b65b4-fcbe-5e1f-a279-9e82f5c34521
5fd22ec6d4bde0fbdc19407186166606,a81b65b4-fcbe-5e1f-a279-9e82f5c34521
2d984f618b6bd747d04dc053db53743a,a81b65b4-fcbe-5e1f-a279-9e82f5c34521
1781750e9204f658c615db968b831614,a81b65b4-fcbe-5e1f-a279-9e82f5c34521
d49ef731b608c905fdce86ede7f93eff,a81b65b4-fcbe-5e1f-a279-9e82f5c34521
39a25148e273ee85a762bdd2e907d7f3,a81b65b4-fcbe-5e1f-a279-9e82f5c34521
2fed187f7f4b04c52c1d9449de88e3d7,a81b65b4-fcbe-5e1f-a279-9e82f5c34521
410402997374ac48abc037d7ba39a1f3,a81b65b4-fcbe-5e1f-a279-9e82f5c34521
36f16adab5d57b33ce257c2a03845b40,a81b65b4-fcbe-5e1f-a279-9e82f5c34521
c3b8f118d6eecc487bb686616b2189e2,a81b65b4-fcbe-5e1f-a279-9e82f5c34521
b9fa143ad81fdcc5f95b6a98b6d522ab,a81b65b4-fcbe-5e1f-a279-9e82f5c34521
831011e2d181aa7a5aa6cd80cbe6b50d,a81b65b4-fcbe-5e1f-a279-9e82f5c34521
d0deb2cafa48f3d07c06fec953f35750,a81b65b4-fcbe-5e1f-a279-9e82f5c34521
00228ee0511e9ae6773dccd192b16ba9,a81b65b4-fcbe-5e1f-a279-9e82f5c34521
ad89fa28bbc9a15a498a919bb4cf843b,a81b65b4-fcbe-5e1f-a279-9e82f5c34521
19fc719ad00facc75b11bb05d1de50d5,a81b65b4-fcbe-5e1f-a279-9e82f5c34521
a3915bca0c01b560b37ef2b6aacf4727,a81b65b4-fcbe-5e1f-a279-9e82f5c34521
209ec61ae6f7684e1d1b9fbadf477c1c,a81b65b4-fcbe-5e1f-a279-9e82f5c34521
3420a06217731f7804f68b9722de3d39,a81b65b4-fcbe-5e1f-a279-9e82f5c34521
eac5ea8d245b55c7fc25c2cfac2a3ef8,a81b65b4-fcbe-5e1f-a279-9e82f5c34521
5fb75d05d57125ea172d18312a7e71f3,a81b65b4-fcbe-5e1f-a279-9e82f5c34521
3a83ecac8aea9f64f1b1c82fdc329a4e,a81b65b4-fcbe-5e1f-a279-9e82f5c34521
45aeb3b490feac5d34b695cab0c82473,a81b65b4-fcbe-5e1f-a279-9e82f5c34521
251cf5b000449f00007c0bd0aa00beca,a81b65b4-fcbe-5e1f-a279-9e82f5c34521
267a9b7c0f39298ccd2bca6cbad533e8,a81b65b4-fcbe-5e1f-a279-9e82f5c34521
7be43fd22c8edb99cc4ceaf00de581de,a81b65b4-fcbe-5e1f-a279-9e82f5c34521
f50daf63c6617710a16d9d2d56895bc6,a81b65b4-fcbe-5e1f-a279-9e82f5c34521
274d0097245941a72df3777aeb8a236d,a81b65b4-fcbe-5e1f-a279-9e82f5c34521
f4693b5c9566ce082eced2da04c746d4,a81b65b4-fcbe-5e1f-a279-9e82f5c34521
0ea552a0f6f55757ec56f4bb1034aa63,a81b65b4-fcbe-5e1f-a279-9e82f5c34521
34957a9988db5f1fee0ce2b328b8083b,a81b65b4-fcbe-5e1f-a279-9e82f5c34521
53f79bb895639318d7a7c929a10769dd,a81b65b4-fcbe-5e1f-a279-9e82f5c34521
c1d9f7ebec2af835b207edc2877dcfbb,a81b65b4-fcbe-5e1f-a279-9e82f5c34521
9618daf1dbad4f5ca665128572f3ef4e,a81b65b4-fcbe-5e1f-a279-9e82f5c34521
345dd81ebc927284d95505327bce9083,a81b65b4-fcbe-5e1f-a279-9e82f5c34521
13a10400cdb14992d4dd4c6c2894d246,a81b65b4-fcbe-5e1f-a279-9e82f5c34521
ade6ebedf34ab536c5fa51af488d80ec,a81b65b4-fcbe-5e1f-a279-9e82f5c34521
8fc2977932a1972fdb02f93bed5d70be,a81b65b4-fcbe-5e1f-a279-9e82f5c34521
32b984d3f1cb8a1e9a862dfdeb1c9e0d,a81b65b4-fcbe-5e1f-a279-9e82f5c34521
60f434868dade959c33a061eeec1c529,a81b65b4-fcbe-5e1f-a279-9e82f5c34521
c489679329314551c0247f6727da84b7,a81b65b4-fcbe-5e1f-a279-9e82f5c34521
e3d6cea8a02f4c514862aad5609e71b7,a81b65b4-fcbe-5e1f-a279-9e82f5c34521
6cf67d141fe2c7836b5b1e7cdfa36cb2,a81b65b4-fcbe-5e1f-a279-9e82f5c34521
c4e9d5557509a42f631d00f8e66fe6c2,a81b65b4-fcbe-5e1f-a279-9e82f5c34521
8536684a3ad0a8861ee5cd82d46478ef,a81b65b4-fcbe-5e1f-a279-9e82f5c34521
1d9be3c38858fa63b403c323f9b29173,a81b65b4-fcbe-5e1f-a279-9e82f5c34521
c6d13000a2bdc9fb7e8a0b1b46ba9929,a81b65b4-fcbe-5e1f-a279-9e82f5c34521
dea8e32abaa8cd2fa7a363e71dd6de7d,a81b65b4-fcbe-5e1f-a279-9e82f5c34521
ba72e9763b2edcfc3bed4297198cfa69,a81b65b4-fcbe-5e1f-a279-9e82f5c34521
e1bbb8911fa870fda029fef8165efdf0,a81b65b4-fcbe-5e1f-a279-9e82f5c34521
a19b5323090603ee3601036804fe1bd6,a81b65b4-fcbe-5e1f-a279-9e82f5c34521
0d48f028cd100c06715c046fb98ea9a6,a81b65b4-fcbe-5e1f-a279-9e82f5c34521
64c12a5bae5e654eec9747ad256e750e,a81b65b4-fcbe-5e1f-a279-9e82f5c34521
1d9c689172f5d9d041912d6da4e25dcc,a81b65b4-fcbe-5e1f-a279-9e82f5c34521
d8528f00660ae917d0676941de8cc30f,a81b65b4-fcbe-5e1f-a279-9e82f5c34521
60b17acf76aeb46c66f2c298f156d69d,a81b65b4-fcbe-5e1f-a279-9e82f5c34521
bf8704515c86bd586fc3373809a1e9c9,a81b65b4-fcbe-5e1f-a279-9e82f5c34521
badf4986fa5b43cfc89d606f0639580a,a81b65b4-fcbe-5e1f-a279-9e82f5c34521
5294c7cf4f26de5e12842894206daf55,a81b65b4-fcbe-5e1f-a279-9e82f5c34521
0f8a2ab0b4d36e05fa253fae5ee3fe0e,a81b65b4-fcbe-5e1f-a279-9e82f5c34521
fa5311a245edc2624cb969ebb1223a23,a81b65b4-fcbe-5e1f-a279-9e82f5c34521
98d22a7c3949bcf15dd7424b09b70afc,a81b65b4-fcbe-5e1f-a279-9e82f5c34521
f8498f6866eb9d64fc09c9e75fb7033e,a81b65b4-fcbe-5e1f-a279-9e82f5c34521
7df3f6c58db435679788fcb752f95cb0,a81b65b4-fcbe-5e1f-a279-9e82f5c34521
aa4eb9dbc427aa272fd42c9a1f1769ad,a81b65b4-fcbe-5e1f-a279-9e82f5c34521
4720110d8ec71e450caca85744e18dff,a81b65b4-fcbe-5e1f-a279-9e82f5c34521
4f0db7fd30a991a1591c417e74c3aade,a81b65b4-fcbe-5e1f-a279-9e82f5c34521
ca742afa3695995b87bfde0a368799a4,a81b65b4-fcbe-5e1f-a279-9e82f5c34521
1996a382f8204b2a28d02f3e53c55d57,a81b65b4-fcbe-5e1f-a279-9e82f5c34521
c46f37f15e0566f55ad8ad3d4635486b,a81b65b4-fcbe-5e1f-a279-9e82f5c34521
8d82b510618c5a2607ffb848a7ad2165,a81b65b4-fcbe-5e1f-a279-9e82f5c34521
2de8fc011dfd27f880d1512730bfcd0e,a81b65b4-fcbe-5e1f-a279-9e82f5c34521
73ddbc2ad9789e2fd47b5d112413ca14,a81b65b4-fcbe-5e1f-a279-9e82f5c34521
6c4631f7737b2b0a8b329d60b2e90d60,a81b65b4-fcbe-5e1f-a279-9e82f5c34521
5ae052c326792910fcf71ca28e4e1ac4,a81b65b4-fcbe-5e1f-a279-9e82f5c34521
c6f17772af3ff054e73e75c14759134d,a81b65b4-fcbe-5e1f-a279-9e82f5c34521
db049113390aae79f6f96a9be989fe8b,a81b65b4-fcbe-5e1f-a279-9e82f5c34521
c6ce790762b9276255e6c1db046414b2,a81b65b4-fcbe-5e1f-a279-9e82f5c34521
17b435403e4561363062b47b318f441c,a81b65b4-fcbe-5e1f-a279-9e82f5c34521
d3f92d64d3119af14a8b87acfd619976,a81b65b4-fcbe-5e1f-a279-9e82f5c34521
fa717e74041454cd04a98559ebffc2b0,a81b65b4-fcbe-5e1f-a279-9e82f5c34521
bd25335a08b6305fc9d4bc5065e41b10,a81b65b4-fcbe-5e1f-a279-9e82f5c34521
8c2b067a5680de5269d9c76bb27a7ff3,a81b65b4-fcbe-5e1f-a279-9e82f5c34521
34634a4d16ca98b9c307d9de7855a655,a81b65b4-fcbe-5e1f-a279-9e82f5c34521
a212fde83a8ab388c0b20569895b59e7,a81b65b4-fcbe-5e1f-a279-9e82f5c34521
9fd5931dbd1f21821871910f2ed7c563,a81b65b4-fcbe-5e1f-a279-9e82f5c34521
e182339bd36eb6cd312be950ab8dfe4a,a81b65b4-fcbe-5e1f-a279-9e82f5c34521
25be9d0d7a36e7b3c8d375f6d56d4476,a81b65b4-fcbe-5e1f-a279-9e82f5c34521
a5f111ce45a0eae87052f25b1a1d1e16,a81b65b4-fcbe-5e1f-a279-9e82f5c34521
95edb4abdef27dd5333540c11b5990da,a81b65b4-fcbe-5e1f-a279-9e82f5c34521
c6c90577082af06b50f8a33d4a46b206,a81b65b4-fcbe-5e1f-a279-9e82f5c34521
081d0a9947698db6e22adb1c8009fc37,a81b65b4-fcbe-5e1f-a279-9e82f5c34521
f254a62b6c21c09508c0b1e2ddb44d4a,a81b65b4-fcbe-5e1f-a279-9e82f5c34521
0663ebdc301a5ef80155c2926e696e05,a81b65b4-fcbe-5e1f-a279-9e82f5c34521
5afc44dd0c73beb586aaec9cc285d6f2,a81b65b4-fcbe-5e1f-a279-9e82f5c34521
7b798f238e0163be9e698b26ea31925a,a81b65b4-fcbe-5e1f-a279-9e82f5c34521
aa266d0c0a451f1681fc2dcac1243f75,a81b65b4-fcbe-5e1f-a279-9e82f5c34521
0464646d6cecb242297caee92c7ca2ca,a81b65b4-fcbe-5e1f-a279-9e82f5c34521
ff6dc46200cbc0ed293e94f148d2b4c6,a81b65b4-fcbe-5e1f-a279-9e82f5c34521
7f6d384a92a0e3c5e7580f56819feca3,a81b65b4-fcbe-5e1f-a279-9e82f5c34521
ebf0e0e1cd8e1b1496d751d29e8a070c,a81b65b4-fcbe-5e1f-a279-9e82f5c34521
aead79e63419a7c2ee9a0735acbf2276,a81b65b4-fcbe-5e1f-a279-9e82f5c34521
c0d18a74c67d7cf9efdcbb15971ab21d,a81b65b4-fcbe-5e1f-a279-9e82f5c34521
79329e228a34207eb2752d15293abcf9,a81b65b4-fcbe-5e1f-a279-9e82f5c34521
66afada28cc97a8f29c07dad5f0913e0,a81b65b4-fcbe-5e1f-a279-9e82f5c34521
d15572ea30f8b1f358ce1767abee9fc2,a81b65b4-fcbe-5e1f-a279-9e82f5c34521
9c0d15867b54d96c3c048cc481db7166,a81b65b4-fcbe-5e1f-a279-9e82f5c34521
55d5ef6b7916c4e9d83c1cb4529d59b6,a81b65b4-fcbe-5e1f-a279-9e82f5c34521
f9b08462ebb5207de62a5128bc3d8006,a81b65b4-fcbe-5e1f-a279-9e82f5c34521
b7ff632358bc5611e6624b86be16b774,a81b65b4-fcbe-5e1f-a279-9e82f5c34521
25414715516509ce443eb6875cfb602f,a81b65b4-fcbe-5e1f-a279-9e82f5c34521
cd7a4b31f9203d9aef17b5096e80f31d,a81b65b4-fcbe-5e1f-a279-9e82f5c34521
4e0558051d47fe14e551cac9f9ae5361,a81b65b4-fcbe-5e1f-a279-9e82f5c34521
bb14a8340fd453ebb39c2160b640cbb3,a81b65b4-fcbe-5e1f-a279-9e82f5c34521
3130e6ba569bf69458ff7be2950cddbd,a81b65b4-fcbe-5e1f-a279-9e82f5c34521
967d02e07c6f8c14328cf272b5084609,a81b65b4-fcbe-5e1f-a279-9e82f5c34521
5563f8b83936c01f1068d638c25d3e8b,a81b65b4-fcbe-5e1f-a279-9e82f5c34521
43b80290c92d5858d689a1ba5d0756c2,a81b65b4-fcbe-5e1f-a279-9e82f5c34521
dff91616aaa76630246497a1d7c2b562,a81b65b4-fcbe-5e1f-a279-9e82f5c34521
2b14be10ba9bd9400fcfa2c93ec8aa80,a81b65b4-fcbe-5e1f-a279-9e82f5c34521
d5643525af678c4caea13ad48345a90c,a81b65b4-fcbe-5e1f-a279-9e82f5c34521
f09fded178caaa52727d0b66a17874f0,a81b65b4-fcbe-5e1f-a279-9e82f5c34521
7cec43bfcbf8cfd69096fcc3062d8552,a81b65b4-fcbe-5e1f-a279-9e82f5c34521
c97d7aac414b4105cf0494e901d854cd,a81b65b4-fcbe-5e1f-a279-9e82f5c34521
27b4bd4092f451347ce6d03566069ef1,a81b65b4-fcbe-5e1f-a279-9e82f5c34521
998898312abb49a45d511a1a7df7a50a,a81b65b4-fcbe-5e1f-a279-9e82f5c34521
0fda6fcd1e36b7badf65670618a984cb,a81b65b4-fcbe-5e1f-a279-9e82f5c34521
d87e81aa31c2d4e242d127fb4ae89560,a81b65b4-fcbe-5e1f-a279-9e82f5c34521
13d1756f6a4a086ac10b3d4e3b098a7c,a81b65b4-fcbe-5e1f-a279-9e82f5c34521
37988eb4f8462169533dc88bdc1dd636,a81b65b4-fcbe-5e1f-a279-9e82f5c34521
43ebc8b7683d248f41e7c3096b7e0e86,a81b65b4-fcbe-5e1f-a279-9e82f5c34521
0555551a58773327d34af4579c4e7862,a81b65b4-fcbe-5e1f-a279-9e82f5c34521
2653a02b487e3a578017af5e7442e5c3,a81b65b4-fcbe-5e1f-a279-9e82f5c34521
cea87ed79a81cfabf191f963a95ec9d6,a81b65b4-fcbe-5e1f-a279-9e82f5c34521
7af0c8668091d265a3656fe2f0d0d8d5,a81b65b4-fcbe-5e1f-a279-9e82f5c34521
10174479ae8c57d52895feb7dfd66fd0,a81b65b4-fcbe-5e1f-a279-9e82f5c34521
fd7d9c37620001601aef68936da1ccc4,a81b65b4-fcbe-5e1f-a279-9e82f5c34521
16b3eec29ce4808a3ebaf71f6a367a3f,a81b65b4-fcbe-5e1f-a279-9e82f5c34521
98fe5aad78d552bab546a92b0f0e4acb,a81b65b4-fcbe-5e1f-a279-9e82f5c34521
3418ae635b09fffd87294cc30ba04231,a81b65b4-fcbe-5e1f-a279-9e82f5c34521
20014177183d402db160f0ea3a452a1b,a81b65b4-fcbe-5e1f-a279-9e82f5c34521
a62bf306d6a3bc41a0f95345254c2602,a81b65b4-fcbe-5e1f-a279-9e82f5c34521
5ef3e6b1fa529d61d403c150a0e2c7c9,a81b65b4-fcbe-5e1f-a279-9e82f5c34521
67046e867563d7a3ab9cd826b8d9154b,a81b65b4-fcbe-5e1f-a279-9e82f5c34521
6c3b822dbf4b5d1ffa97524f01f75150,a81b65b4-fcbe-5e1f-a279-9e82f5c34521
c6d00f744607185ff5ed9401009f7d17,a81b65b4-fcbe-5e1f-a279-9e82f5c34521
cd5e56727a4bc0395b496f007fb729bd,a81b65b4-fcbe-5e1f-a279-9e82f5c34521
8f830d581f322712f57ae5dd771c2e3f,a81b65b4-fcbe-5e1f-a279-9e82f5c34521
31671583e21f781e5be16bd73dc8bbd3,a81b65b4-fcbe-5e1f-a279-9e82f5c34521
09d3c34eea3c041e49fdce0bfc1c46b1,a81b65b4-fcbe-5e1f-a279-9e82f5c34521
b5ad34dd494f54f93bf96b89bd9de979,a81b65b4-fcbe-5e1f-a279-9e82f5c34521
fde8b465101f5902caad290a5127a6b2,a81b65b4-fcbe-5e1f-a279-9e82f5c34521
15b2f571cddf2f837a7ca062b32733dc,a81b65b4-fcbe-5e1f-a279-9e82f5c34521
cbfa8b93612ab0bf543e77ba1950f477,a81b65b4-fcbe-5e1f-a279-9e82f5c34521
efe3e8a2b5fdf0d32ad68784612e7359,a81b65b4-fcbe-5e1f-a279-9e82f5c34521
d75ca9e69332c1f65d2cc155a21ae8fb,a81b65b4-fcbe-5e1f-a279-9e82f5c34521
2c4687f649c32224c4c6a93aa32ef1d1,a81b65b4-fcbe-5e1f-a279-9e82f5c34521
0237ed53fc24850dee4a094a9a9f5170,a81b65b4-fcbe-5e1f-a279-9e82f5c34521
f265fddc41e835f621f62bdb22177c22,a81b65b4-fcbe-5e1f-a279-9e82f5c34521
2db2f28aef6ce9520ed7360a301050d2,a81b65b4-fcbe-5e1f-a279-9e82f5c34521
75d89f82cc51dd31335b024e5cf61d9c,a81b65b4-fcbe-5e1f-a279-9e82f5c34521
de25b5e09181164d1b553f04a8691031,a81b65b4-fcbe-5e1f-a279-9e82f5c34521
0e5b7d5e3e24f44a812c6284ba46e798,a81b65b4-fcbe-5e1f-a279-9e82f5c34521
eb083cb12eb679336a36e8e7a455fd56,a81b65b4-fcbe-5e1f-a279-9e82f5c34521
52e78cc0f717cde395bdc98765f38048,a81b65b4-fcbe-5e1f-a279-9e82f5c34521
e1d8d80d701d734acfbc1f22cc32fba0,a81b65b4-fcbe-5e1f-a279-9e82f5c34521
9712fc1344baf0ed2b1c4e80c17b5079,a81b65b4-fcbe-5e1f-a279-9e82f5c34521
206db9876450111743ae4dbc08930f9d,a81b65b4-fcbe-5e1f-a279-9e82f5c34521
1a2281c048a76d10bd7c89e6538177b8,c264106e-7541-5be9-a274-a276be6da44f
fe5d8bce3dc7d28efdc030dfd7e584f8,c264106e-7541-5be9-a274-a276be6da44f
efe3e8a2b5fdf0d32ad68784612e7359,c264106e-7541-5be9-a274-a276be6da44f
d75ca9e69332c1f65d2cc155a21ae8fb,c264106e-7541-5be9-a274-a276be6da44f
b1ca367d663c2bb80908d47a2f96ae8d,c264106e-7541-5be9-a274-a276be6da44f
fc4ddd4adffdf45739297e24ad8fdc74,c264106e-7541-5be9-a274-a276be6da44f
3aa97f30a1ac0b25576efb85aabe564d,c264106e-7541-5be9-a274-a276be6da44f
e080ab7fa1439489b2d2aa6c9f578eb0,c264106e-7541-5be9-a274-a276be6da44f
e51753a9929e6c015624216c86175f34,c264106e-7541-5be9-a274-a276be6da44f
1f832f5e8bfb4366df8b622d90916603,c264106e-7541-5be9-a274-a276be6da44f
f287570114c074e4c1d402d2b1cd5596,c264106e-7541-5be9-a274-a276be6da44f
fe5cd61ac0ad242dff0365e481110cda,c264106e-7541-5be9-a274-a276be6da44f
a414a5a7b0490eb0558087cb56ed515e,c264106e-7541-5be9-a274-a276be6da44f
c8195727b8c7670efd9d5d0f42e37019,c264106e-7541-5be9-a274-a276be6da44f
69b630a55904a62810bc46b6c25b0cf1,c264106e-7541-5be9-a274-a276be6da44f
f29a3e927b817bacf3fb3986f1d8fc7c,c264106e-7541-5be9-a274-a276be6da44f
00228ee0511e9ae6773dccd192b16ba9,c264106e-7541-5be9-a274-a276be6da44f
ad89fa28bbc9a15a498a919bb4cf843b,c264106e-7541-5be9-a274-a276be6da44f
9b996bd80ecbb58dca2c74d65c9080c2,c264106e-7541-5be9-a274-a276be6da44f
422d99945c5947e285256e74091ef90c,c264106e-7541-5be9-a274-a276be6da44f
e33b445341a933a6714c3bd3c106693a,c264106e-7541-5be9-a274-a276be6da44f
1735c929e6ce4a8881e4148d2e4b4c13,c264106e-7541-5be9-a274-a276be6da44f
0b923382de52721b93aef18e3bf86e62,c264106e-7541-5be9-a274-a276be6da44f
65612879aceba1da6a92728f4c7cffa9,c264106e-7541-5be9-a274-a276be6da44f
a77f19d59e44f1b95f6ea1fe2ac26ca7,c264106e-7541-5be9-a274-a276be6da44f
e8c46b5c18eee48bc3413add1e611174,c264106e-7541-5be9-a274-a276be6da44f
13e546c70180362159482b41e00acc4a,c264106e-7541-5be9-a274-a276be6da44f
ef2566e73c562a384a51f9ccb2bfdad7,c264106e-7541-5be9-a274-a276be6da44f
2e5757d1a3369e270fa75b0178e0fd5e,c264106e-7541-5be9-a274-a276be6da44f
ee91dde58a906c5850cf0ec64891b727,c264106e-7541-5be9-a274-a276be6da44f
48d52bf9a20eaeeb6f857b90399783e5,c264106e-7541-5be9-a274-a276be6da44f
8bfe525638540ea43a4a999c5d3d1b6e,c264106e-7541-5be9-a274-a276be6da44f
e3ae91b1ae79c25770a549db5c47f07f,c264106e-7541-5be9-a274-a276be6da44f
eb5512b0bdc40652864b5656a8a183e8,c264106e-7541-5be9-a274-a276be6da44f
32321d9411e65bf97a1cebad96717fcc,c264106e-7541-5be9-a274-a276be6da44f
9d7f0d7ee2ef2de72146c19193f04613,c264106e-7541-5be9-a274-a276be6da44f
493e047e72a851d252dbebaec89c1943,c264106e-7541-5be9-a274-a276be6da44f
ddf4f6a55ad073bb40ddb22b8e6f16a4,c264106e-7541-5be9-a274-a276be6da44f
e60f50a40259646eef4fa85266269fc8,c264106e-7541-5be9-a274-a276be6da44f
7ab2bf49408d5c4935aa190e2548fc04,c264106e-7541-5be9-a274-a276be6da44f
d5643525af678c4caea13ad48345a90c,c264106e-7541-5be9-a274-a276be6da44f
f09fded178caaa52727d0b66a17874f0,c264106e-7541-5be9-a274-a276be6da44f
503d74687257054c8c2b027c547e2db1,c264106e-7541-5be9-a274-a276be6da44f
4c9f0e6c0203eb0a1b001d7b1b7b542e,c264106e-7541-5be9-a274-a276be6da44f
268ba59fe47dbff5a64d50a37dabff33,c264106e-7541-5be9-a274-a276be6da44f
04b98dc9b0fe3203c731c908fe9c2fa1,c264106e-7541-5be9-a274-a276be6da44f
a2f755dff45ecea629e2140b893c3240,c264106e-7541-5be9-a274-a276be6da44f
25f66d7444f74ef289cf50e27f52283b,c264106e-7541-5be9-a274-a276be6da44f
3dd4eeefbf5e0b02e3576b6566769435,c264106e-7541-5be9-a274-a276be6da44f
ba56ca6cef5728c4da3a7d893753f507,c264106e-7541-5be9-a274-a276be6da44f
98f5e8e515a95631146fd0ff55f1a211,c264106e-7541-5be9-a274-a276be6da44f
3bda5107662e5225cf580b7174c90839,c264106e-7541-5be9-a274-a276be6da44f
c478957bf69568fa9c49f3248e48e70e,c264106e-7541-5be9-a274-a276be6da44f
0643a8be07cd5b638eda595f0c60c3f5,c264106e-7541-5be9-a274-a276be6da44f
ea7cd77dc442b53cda58fd0e00d7e9bf,c264106e-7541-5be9-a274-a276be6da44f
cf5f543d1aef958d20dc9e206049fdcd,c264106e-7541-5be9-a274-a276be6da44f
c1d9f7ebec2af835b207edc2877dcfbb,c264106e-7541-5be9-a274-a276be6da44f
9618daf1dbad4f5ca665128572f3ef4e,c264106e-7541-5be9-a274-a276be6da44f
b4e48d457c478a5f405a6d4f7e372210,c264106e-7541-5be9-a274-a276be6da44f
20f8644d35758d7a7a47f2e2c1d923b8,c264106e-7541-5be9-a274-a276be6da44f
523bdd3c655607c43b40fa608d317b1e,c264106e-7541-5be9-a274-a276be6da44f
dcb0ad99988227f17bedbc915f7b7be5,c264106e-7541-5be9-a274-a276be6da44f
5624684ed015e15604c64f9617f6ba1c,c264106e-7541-5be9-a274-a276be6da44f
d1f2ef1aaf739c564c55fe50681b0092,c264106e-7541-5be9-a274-a276be6da44f
81c5ff8ae96d1bf1a949c4415e8ad4d4,c264106e-7541-5be9-a274-a276be6da44f
3fbddbf2f3845869f561949ba49ea00f,c264106e-7541-5be9-a274-a276be6da44f
d2c7ce6fdbe0579a4a0ca06b9bb374f7,c264106e-7541-5be9-a274-a276be6da44f
e5d9633d39d466556445188b398f26f3,c264106e-7541-5be9-a274-a276be6da44f
81ee4bbb40c8f103062bc172391b9541,c264106e-7541-5be9-a274-a276be6da44f
283d346c65637de66dd0d315fa293408,c264106e-7541-5be9-a274-a276be6da44f
52a29012f10f492465493e05792d8c28,c264106e-7541-5be9-a274-a276be6da44f
5e04e7a2538fe39dab21cc0fac9a15b3,c264106e-7541-5be9-a274-a276be6da44f
b5f368961e1de4a03384de17f422a1a6,c264106e-7541-5be9-a274-a276be6da44f
3ae7e5f5a4128e0c99acb94c7b82db8a,c264106e-7541-5be9-a274-a276be6da44f
edaa890066bec83b42b824ef774ca9cb,c264106e-7541-5be9-a274-a276be6da44f
b7b5d8b213e5b2a296d5ee2f123f7790,c264106e-7541-5be9-a274-a276be6da44f
0d4f738fd53853ff3d5c50b4100b8130,c264106e-7541-5be9-a274-a276be6da44f
74257106356171f4c6badad1043643e7,c264106e-7541-5be9-a274-a276be6da44f
a9808a6dd596730f2d70f08524b43eb3,c264106e-7541-5be9-a274-a276be6da44f
19c6feb82034f026328a4580162deafd,c264106e-7541-5be9-a274-a276be6da44f
61323e365a3668f39db9d8646d7b2930,c264106e-7541-5be9-a274-a276be6da44f
c2819bd761e914dead6868843ab7c2fb,c264106e-7541-5be9-a274-a276be6da44f
afb45138723d355a8d74e6c625dd6389,c264106e-7541-5be9-a274-a276be6da44f
a39c19ff18215b4077c858624e42f179,c264106e-7541-5be9-a274-a276be6da44f
561a993e41fb3d0a6de2a324f71d7467,c264106e-7541-5be9-a274-a276be6da44f
7bcfd137000d9731bda0c2fe3a73978b,c264106e-7541-5be9-a274-a276be6da44f
f9151bc80e425eea929cd29af0363688,c264106e-7541-5be9-a274-a276be6da44f
b5dc1938e11942ef429f48a4a38241eb,c264106e-7541-5be9-a274-a276be6da44f
b0f3a85734f93932308b2eb47adcc172,c264106e-7541-5be9-a274-a276be6da44f
e5aa6fae40c7cfa217d1dd1abf873218,c264106e-7541-5be9-a274-a276be6da44f
c642add3097d9420bf3a3889d0c22299,c264106e-7541-5be9-a274-a276be6da44f
488eaf3631328a40a54f9bf76311afbe,c264106e-7541-5be9-a274-a276be6da44f
9aed4352dd71014009c88a4e313a55a3,c264106e-7541-5be9-a274-a276be6da44f
30a8fa66ef1fb59397e72ee1cfc8cf79,c264106e-7541-5be9-a274-a276be6da44f
4c49f76a0d9db3e8a0d66a40154336bd,c264106e-7541-5be9-a274-a276be6da44f
ea0220370c32e024c0117cd50d323dda,c264106e-7541-5be9-a274-a276be6da44f
2cf3b8c18f6dc8ce6b8407531ed86bb7,c264106e-7541-5be9-a274-a276be6da44f
1606cd44ccb3118865563ee242306a36,c264106e-7541-5be9-a274-a276be6da44f
14b2612e77fef60e00906d1a80721363,c264106e-7541-5be9-a274-a276be6da44f
3b08710b5245b0a54da81422092e5faa,c264106e-7541-5be9-a274-a276be6da44f
f6e18b3636566fa71667cdf043c1f3ee,c264106e-7541-5be9-a274-a276be6da44f
5acf1b45c6a51df0d7a6c877119a48e6,c264106e-7541-5be9-a274-a276be6da44f
0d038ba4033a7b26d2c9c3f906e704f3,c264106e-7541-5be9-a274-a276be6da44f
21c253b0925a1e395f32612372c1ec10,c264106e-7541-5be9-a274-a276be6da44f
495ddf43970b561f40eb096ef8d98236,c264106e-7541-5be9-a274-a276be6da44f
cd48a65f32329f81e2119e20cd626c9a,c264106e-7541-5be9-a274-a276be6da44f
046b025b79289a9f6dc436ed64b29085,c264106e-7541-5be9-a274-a276be6da44f
e950dbccf4866709bb983624339988f1,c264106e-7541-5be9-a274-a276be6da44f
9b5ec60e2f706bc4d82c50ead96724fd,c264106e-7541-5be9-a274-a276be6da44f
85ca228f3d40d51ce6c298b932507824,c264106e-7541-5be9-a274-a276be6da44f
7219bf0abaaf2bc403bd452f20d9ea3b,c264106e-7541-5be9-a274-a276be6da44f
434eb087eabfc7f47c8fdcd1ab3eef94,c264106e-7541-5be9-a274-a276be6da44f
f6e63066707bc973431eb66540fc5163,c264106e-7541-5be9-a274-a276be6da44f
a80b43100d5fa554a912919a303ae1e2,c264106e-7541-5be9-a274-a276be6da44f
fc821836edb04d540b490ef2a0393377,c264106e-7541-5be9-a274-a276be6da44f
77da8984618fb797766e8d61989edb64,c264106e-7541-5be9-a274-a276be6da44f
ec580ea576863548339d5d3e7dfe6043,c264106e-7541-5be9-a274-a276be6da44f
cb64f55c6626f10f9918a8362311e2fd,c264106e-7541-5be9-a274-a276be6da44f
7d70532d4f31071c77610a5dac582175,c264106e-7541-5be9-a274-a276be6da44f
ec521c928178f806904619edff3145ba,c264106e-7541-5be9-a274-a276be6da44f
fd5b1e5be2f3d1774bec1ed4836ce4fe,c264106e-7541-5be9-a274-a276be6da44f
1f16ba803301dcad8eba50fd557b8305,c264106e-7541-5be9-a274-a276be6da44f
fc058e68ad899992396f7ac7d6b8ff16,c264106e-7541-5be9-a274-a276be6da44f
b6fcb031c21d0c4330b2af332de176df,c264106e-7541-5be9-a274-a276be6da44f
449cf56227243d0966a46c0f1de2e4c7,c264106e-7541-5be9-a274-a276be6da44f
45234647ef9bd38b2b28ebe4e9122410,c264106e-7541-5be9-a274-a276be6da44f
7abf177623c3874cd3dc4cd55422c9b0,c264106e-7541-5be9-a274-a276be6da44f
5fdb1da4efb475b718a4cfe97b635d93,c264106e-7541-5be9-a274-a276be6da44f
df74355b49ef1b04a2d87e7887e15266,c264106e-7541-5be9-a274-a276be6da44f
97b9a7965bf1752962738688e75d1b58,c264106e-7541-5be9-a274-a276be6da44f
98af6be7450399d9819682127a1481d3,c264106e-7541-5be9-a274-a276be6da44f
5995a5b0eab1038affdf9d50ae0933d2,c264106e-7541-5be9-a274-a276be6da44f
dc08a90c7fa60c589a09f7ceb22afa2e,c264106e-7541-5be9-a274-a276be6da44f
09b4994b31f312f8a3020a858d9960e0,c264106e-7541-5be9-a274-a276be6da44f
0c63f44a44e6b47e22c4803759aff0be,c264106e-7541-5be9-a274-a276be6da44f
8b9440a7958e60f634eaec525b4aeedf,c264106e-7541-5be9-a274-a276be6da44f
4bd6eaee36b3df13080fea8149dfb7b6,c264106e-7541-5be9-a274-a276be6da44f
24e3cde7ad361fe98c25fdef7d34f7a3,c264106e-7541-5be9-a274-a276be6da44f
1fe2d50a54e489d3315d8a8e1f822ea7,c264106e-7541-5be9-a274-a276be6da44f
04f2e1c8cb3c4a3f835b8cf345867f94,c264106e-7541-5be9-a274-a276be6da44f
8441d3577c52d82d5388b42cffd92171,c264106e-7541-5be9-a274-a276be6da44f
5c92b25577a73f230a02a5b5338d60ca,c264106e-7541-5be9-a274-a276be6da44f
24725fda2bd11442bf05bf3b1722d355,c264106e-7541-5be9-a274-a276be6da44f
b4bf4ed29ce53bbc60f2bb1978f1f66b,c264106e-7541-5be9-a274-a276be6da44f
33dfe01b9cd99b50570cc2b3b99e241c,c264106e-7541-5be9-a274-a276be6da44f
dadf4054a2bcb055af3f0f83bd790bec,c264106e-7541-5be9-a274-a276be6da44f
0bad063a9f350d5751ae7e972c095f74,c264106e-7541-5be9-a274-a276be6da44f
a8ef87196083c5af6e67d32093cf3aaa,c264106e-7541-5be9-a274-a276be6da44f
34ef9c7a5751bcdf91d53b317288b3bf,c264106e-7541-5be9-a274-a276be6da44f
f16653f4239e64a9a3da6114f9f7c04c,c264106e-7541-5be9-a274-a276be6da44f
c56d0fccbf37fbb446713ce7978bc77b,c264106e-7541-5be9-a274-a276be6da44f
8a7b4188d6c97157da49699caf02223d,c264106e-7541-5be9-a274-a276be6da44f
698854e141368d28cc8532a922277101,c264106e-7541-5be9-a274-a276be6da44f
7500e855ae7b951a58b13c325c29f2c6,c264106e-7541-5be9-a274-a276be6da44f
6cb05883d8672db3b48b932c4d3ce1dc,c264106e-7541-5be9-a274-a276be6da44f
8b7a61b4ecb3637a73169a182387f3b1,c264106e-7541-5be9-a274-a276be6da44f
612e95bdc655044977a705f851917288,c264106e-7541-5be9-a274-a276be6da44f
945fab6b778298ced526f4ca416a5c34,c264106e-7541-5be9-a274-a276be6da44f
a5773d5d482dc31e31325bb22502c05f,c264106e-7541-5be9-a274-a276be6da44f
4829ae072b4d6452cff836fcb714fadb,c264106e-7541-5be9-a274-a276be6da44f
120df5d3ef26781c2abea8f59c38e463,c264106e-7541-5be9-a274-a276be6da44f
ddfb79a27f8e97a3ec2d810e926a3739,c264106e-7541-5be9-a274-a276be6da44f
8111a2a493102cd8077617af692283e1,c264106e-7541-5be9-a274-a276be6da44f
857ff6cce808c5800ab40393477cfed6,c264106e-7541-5be9-a274-a276be6da44f
2f361f03498f49c0b2a08e53119805e5,c264106e-7541-5be9-a274-a276be6da44f
ed79dafc1dbc6620f488a82e6835c7c1,c264106e-7541-5be9-a274-a276be6da44f
fe82c1d79b10cc8acfab7cf90ee00c0e,c264106e-7541-5be9-a274-a276be6da44f
127c4b4df87c13350c42047019a5cf18,c264106e-7541-5be9-a274-a276be6da44f
5889a40ef0c5e6cff1ce74d0ddc56049,0829e88e-cd03-57db-b5aa-5f4e91008362
46ca76950ba7e33c1b53381b99aceadc,0829e88e-cd03-57db-b5aa-5f4e91008362
e675b3005225bd96239a4279ee44bdd9,0829e88e-cd03-57db-b5aa-5f4e91008362
2db5bd86974b416bccb1de612d10e3b1,0829e88e-cd03-57db-b5aa-5f4e91008362
ae5328bf25d43e40b61b53ea648d6c3c,0829e88e-cd03-57db-b5aa-5f4e91008362
6ad826221ed3c0dd547bd3be4b576774,0829e88e-cd03-57db-b5aa-5f4e91008362
2f51607f9c98d35539c412902c443f64,0829e88e-cd03-57db-b5aa-5f4e91008362
93bacba100c21c2feee2ad7c823d543b,0829e88e-cd03-57db-b5aa-5f4e91008362
37f8a1fbc31c3d86307ca4debc60ea71,0829e88e-cd03-57db-b5aa-5f4e91008362
454dd6d21bbb2fcbf885f7211085ed05,0829e88e-cd03-57db-b5aa-5f4e91008362
e57ffc8ba37e9528ed635d46892e53b8,0829e88e-cd03-57db-b5aa-5f4e91008362
88cf5a8d1aee6a144cd0a988658197ed,0829e88e-cd03-57db-b5aa-5f4e91008362
8aadbfb68b895472659fa4f74fb81fc8,0829e88e-cd03-57db-b5aa-5f4e91008362
57afa370104b524853508b831c4646cf,0829e88e-cd03-57db-b5aa-5f4e91008362
bc650a5cbc72fef0da8f895d3fab19a6,0829e88e-cd03-57db-b5aa-5f4e91008362
43e4d597b0410e3a96db25d5210f7875,0829e88e-cd03-57db-b5aa-5f4e91008362
0d03aca5f33e90579ade0c67abeb104e,0829e88e-cd03-57db-b5aa-5f4e91008362
101d118ee7ef9043b35a622906fd23c2,0829e88e-cd03-57db-b5aa-5f4e91008362
3131382fdfc9403427feefb09487353e,0829e88e-cd03-57db-b5aa-5f4e91008362
e406f422cbc2d6af344a164be047a1b7,0829e88e-cd03-57db-b5aa-5f4e91008362
e5fe5052505d09b82ca98b72bf9d434e,0829e88e-cd03-57db-b5aa-5f4e91008362
f21fd9a32b9e618120e00155da0ab9e2,0829e88e-cd03-57db-b5aa-5f4e91008362
0446ec63776b01a96b43a75ba6c97ad6,0829e88e-cd03-57db-b5aa-5f4e91008362
bc3849af75cd9836ced94bb2ee167da2,0829e88e-cd03-57db-b5aa-5f4e91008362
c04a75971502120b6e9c258c26d17619,0829e88e-cd03-57db-b5aa-5f4e91008362
ad89fa28bbc9a15a498a919bb4cf843b,0829e88e-cd03-57db-b5aa-5f4e91008362
02c667b19a46b606a40632519582924e,0829e88e-cd03-57db-b5aa-5f4e91008362
75892e121ee1bfa5441ae5173f26519c,0829e88e-cd03-57db-b5aa-5f4e91008362
066b5d5f5c89c61f28f633b0430045fa,0829e88e-cd03-57db-b5aa-5f4e91008362
f0d86ebcbb6f9db883978bcbb3c6c6a2,0829e88e-cd03-57db-b5aa-5f4e91008362
154d2f19c123d4d812ca8e6d07bb55bb,0829e88e-cd03-57db-b5aa-5f4e91008362
830f8b0743644ffb9a248e74bfe258f4,0829e88e-cd03-57db-b5aa-5f4e91008362
70ce0cc3edb5e60e0cda66fc6e1d59eb,0829e88e-cd03-57db-b5aa-5f4e91008362
6bba5251fee0b4c941488c0cc2b15981,0829e88e-cd03-57db-b5aa-5f4e91008362
256675e54d2c74cc8791c4936073672f,0829e88e-cd03-57db-b5aa-5f4e91008362
dceaa1a7840557239ccf1b881cb3704c,0829e88e-cd03-57db-b5aa-5f4e91008362
26a7799601fe0c247bb118063fb67322,0829e88e-cd03-57db-b5aa-5f4e91008362
bd4772931efffbb0efcd13064b1e2bd7,0829e88e-cd03-57db-b5aa-5f4e91008362
b7231a0dab07f531506a3c522c2d5bd8,0829e88e-cd03-57db-b5aa-5f4e91008362
87c482480922c5af426642e488fb7810,0829e88e-cd03-57db-b5aa-5f4e91008362
11a4c54bd3ea1d147a00ddd30a7cd05a,0829e88e-cd03-57db-b5aa-5f4e91008362
75be3818baaf7dcda5c53fe7a89f6fbe,0829e88e-cd03-57db-b5aa-5f4e91008362
b17ba9168daa4be7f307c71c943f9c9a,0829e88e-cd03-57db-b5aa-5f4e91008362
ac4b0d838cbede1c86de045e9f336769,0829e88e-cd03-57db-b5aa-5f4e91008362
817d6193c5ac779eed4924f9c6255d63,0829e88e-cd03-57db-b5aa-5f4e91008362
05e2e6e66f673376390c0ee41798ed65,0829e88e-cd03-57db-b5aa-5f4e91008362
6fde7771d4b0ed6c6e22d1539d3b2ea0,0829e88e-cd03-57db-b5aa-5f4e91008362
3c4e11c3c446a3db515f5a359a2deb64,0829e88e-cd03-57db-b5aa-5f4e91008362
543209659eb1f2c6eae8d3a1cccc8946,0829e88e-cd03-57db-b5aa-5f4e91008362
c9e464155cd9c6e5010001e7796a77ec,0829e88e-cd03-57db-b5aa-5f4e91008362
722f996ed188481ad142059bd806be5a,0829e88e-cd03-57db-b5aa-5f4e91008362
de733786f822b9886dab305f8571787f,0829e88e-cd03-57db-b5aa-5f4e91008362
a0cb0f50f3ccf7fe839dd1522c979b3d,0829e88e-cd03-57db-b5aa-5f4e91008362
35af803fa8048d73609681c8ac0e5ae3,0829e88e-cd03-57db-b5aa-5f4e91008362
62b27e5ec90a89d3df083a2fff8a9a16,0829e88e-cd03-57db-b5aa-5f4e91008362
98e07994f188b3cd245eb752d65d3d80,0829e88e-cd03-57db-b5aa-5f4e91008362
43cffa50e90e314d8b20e1bdca03cb55,0829e88e-cd03-57db-b5aa-5f4e91008362
e14d15e16bd1c7260f4a9828f774ec86,0829e88e-cd03-57db-b5aa-5f4e91008362
4cbdb4b1bf2e02df51acdb09b3c1bc2d,0829e88e-cd03-57db-b5aa-5f4e91008362
bdf67efd0754e3c39884637cdbca7803,0829e88e-cd03-57db-b5aa-5f4e91008362
9911dbc67ecf1ccf25e0fdc442a365cc,0829e88e-cd03-57db-b5aa-5f4e91008362
ca4dfa3cec37b88dd6d509c698376318,0829e88e-cd03-57db-b5aa-5f4e91008362
aca58ba7c5c5309032456c0653653e6f,0829e88e-cd03-57db-b5aa-5f4e91008362
c8a9db9124cc31ff9756691047fc47d3,0829e88e-cd03-57db-b5aa-5f4e91008362
6bd14a6d61cf13de1c48624d35116ed2,0829e88e-cd03-57db-b5aa-5f4e91008362
35e495265938f1983202be5202684f6a,0829e88e-cd03-57db-b5aa-5f4e91008362
495ddf43970b561f40eb096ef8d98236,0829e88e-cd03-57db-b5aa-5f4e91008362
cd48a65f32329f81e2119e20cd626c9a,0829e88e-cd03-57db-b5aa-5f4e91008362
046b025b79289a9f6dc436ed64b29085,0829e88e-cd03-57db-b5aa-5f4e91008362
e950dbccf4866709bb983624339988f1,0829e88e-cd03-57db-b5aa-5f4e91008362
3a83ecac8aea9f64f1b1c82fdc329a4e,0829e88e-cd03-57db-b5aa-5f4e91008362
2f5378d32fb5697bfb2eb0bb4d273679,0829e88e-cd03-57db-b5aa-5f4e91008362
cad400ad36f9af1d1583f4762302c303,0829e88e-cd03-57db-b5aa-5f4e91008362
2fbd5ee96db3cc5c8aea18148950323e,0829e88e-cd03-57db-b5aa-5f4e91008362
4e02aa12f11654bfa1d90bb943c054a0,0829e88e-cd03-57db-b5aa-5f4e91008362
2739d2af06e953cff7f25ad7cf7a6f30,0829e88e-cd03-57db-b5aa-5f4e91008362
07734670dc378f3091592348dc48057f,0829e88e-cd03-57db-b5aa-5f4e91008362
1f1f2bd02e58bf20cff1d5558820474f,0829e88e-cd03-57db-b5aa-5f4e91008362
dad1785fe6bc69498d0189690b41e95e,0829e88e-cd03-57db-b5aa-5f4e91008362
b6c934d073a4eb5c3c492298a6df9cc1,0829e88e-cd03-57db-b5aa-5f4e91008362
414c25d81ffc311383f204005e62ecf8,0829e88e-cd03-57db-b5aa-5f4e91008362
546566af3dc32c7e4caa4dd34fe94c7b,0829e88e-cd03-57db-b5aa-5f4e91008362
bf244cbe33c9be3f7039ca9951eeec68,0829e88e-cd03-57db-b5aa-5f4e91008362
cd3a8c346adbb910441c83412ff9b521,0829e88e-cd03-57db-b5aa-5f4e91008362
b763d4e9cb6c90045558f7506212a880,0829e88e-cd03-57db-b5aa-5f4e91008362
06c8deaa68405c9b31507470ea0ac82c,0829e88e-cd03-57db-b5aa-5f4e91008362
eb06f04b151f299a5049ccc79ac49d5f,0829e88e-cd03-57db-b5aa-5f4e91008362
cd99a6dd5be138f9713c5ab49a7d1573,0829e88e-cd03-57db-b5aa-5f4e91008362
857ff6cce808c5800ab40393477cfed6,0829e88e-cd03-57db-b5aa-5f4e91008362
dfe18b4b5124572a294eb73fdfc53c20,0829e88e-cd03-57db-b5aa-5f4e91008362
dfabab65496c6fa669ab2105d19caa2c,0829e88e-cd03-57db-b5aa-5f4e91008362
4586187fe675546f9740acdf39a1d4e7,0829e88e-cd03-57db-b5aa-5f4e91008362
db21d8c8d2290557afcf9074f2ab2d2c,0829e88e-cd03-57db-b5aa-5f4e91008362
aa16dd5a8c6b8c5e4b1a19c9f10e0fa1,0829e88e-cd03-57db-b5aa-5f4e91008362
f6023ceb271ea724d6906869681ef3f7,0829e88e-cd03-57db-b5aa-5f4e91008362
4cfab80135ae37872dcd44e452d9ded4,0829e88e-cd03-57db-b5aa-5f4e91008362
bba5423c0627c9ae3763a5b11efdf928,0829e88e-cd03-57db-b5aa-5f4e91008362
d5565d8937e7c601d46463ee394c385b,0829e88e-cd03-57db-b5aa-5f4e91008362
376449d3a57ddc96acc08902846790d0,0829e88e-cd03-57db-b5aa-5f4e91008362
3597ec6b3d36a27c238066baafeadc1e,0829e88e-cd03-57db-b5aa-5f4e91008362
cef56e95dc2f0064c31b7e81acf77674,0829e88e-cd03-57db-b5aa-5f4e91008362
90ee430861dd038d91bf1e16253bae1d,0829e88e-cd03-57db-b5aa-5f4e91008362
60cd9b79d4414175697cd68d98b31ef7,0829e88e-cd03-57db-b5aa-5f4e91008362
555a91fd48e98936b2b14253c1c41c04,0829e88e-cd03-57db-b5aa-5f4e91008362
a89a99daae0e76af6be22b158636a60b,0829e88e-cd03-57db-b5aa-5f4e91008362
0f97dc528e12502aad7c02ef8425393a,0829e88e-cd03-57db-b5aa-5f4e91008362
1d3e1e14e4eef3f151550a5156653168,0829e88e-cd03-57db-b5aa-5f4e91008362
75243fc183b3c8571fe3ab14a08b0cf7,0829e88e-cd03-57db-b5aa-5f4e91008362
7fc44bdcd88319aed38634048915b47a,0829e88e-cd03-57db-b5aa-5f4e91008362
bc11e80b103a06bcf1f298b2a1f8a8b5,0829e88e-cd03-57db-b5aa-5f4e91008362
29d5eaf1137a0e9c1eae94975fb21d22,0829e88e-cd03-57db-b5aa-5f4e91008362
d290aca7874499ed891a76830c2fb4a9,0829e88e-cd03-57db-b5aa-5f4e91008362
dd445b45269450a169aa3f0b9d32e35a,0829e88e-cd03-57db-b5aa-5f4e91008362
fa1a47f81929bacf66ef0ac2e41e173f,0829e88e-cd03-57db-b5aa-5f4e91008362
56857f416ce01ce714e7d2d2a57d3e64,0829e88e-cd03-57db-b5aa-5f4e91008362
f67878fd7cb6c437b71d17807eb402e5,0829e88e-cd03-57db-b5aa-5f4e91008362
7c58bd07a648da3f3c8c3944e2536a7a,0829e88e-cd03-57db-b5aa-5f4e91008362
e61795aa4febaf821889f29815571031,26a39cef-d553-5aa4-a2a6-d32d663d77f2
90c1ce51553a71895fc2b427d4992eb9,26a39cef-d553-5aa4-a2a6-d32d663d77f2
d1b37322be054a4f96ca869dedc90617,26a39cef-d553-5aa4-a2a6-d32d663d77f2
8646bfff1fe67706b1a6b68ba50c70a1,26a39cef-d553-5aa4-a2a6-d32d663d77f2
24adb4d5986f29723c99b8e1eac0679c,26a39cef-d553-5aa4-a2a6-d32d663d77f2
3a3417fc97b0acbc754f4f85396931f4,26a39cef-d553-5aa4-a2a6-d32d663d77f2
c69e04a681bc50b8cac009ad934e1d63,26a39cef-d553-5aa4-a2a6-d32d663d77f2
7a2354111bb9507a4278309e9abfdbb6,26a39cef-d553-5aa4-a2a6-d32d663d77f2
cd99a6dd5be138f9713c5ab49a7d1573,26a39cef-d553-5aa4-a2a6-d32d663d77f2
53a647fc09f7ceb9cc11c61db06278f7,26a39cef-d553-5aa4-a2a6-d32d663d77f2
4b5f2e2b42681488b29d7303fc4b52f8,26a39cef-d553-5aa4-a2a6-d32d663d77f2
857ff6cce808c5800ab40393477cfed6,26a39cef-d553-5aa4-a2a6-d32d663d77f2
4aa5137461d26187a0f38bd37cbf74b9,26a39cef-d553-5aa4-a2a6-d32d663d77f2
cccd8e222900ac521671032f82e12ee3,26a39cef-d553-5aa4-a2a6-d32d663d77f2
679f69b2eff6369e8bc955d476f5d70b,26a39cef-d553-5aa4-a2a6-d32d663d77f2
3fc16c747009adb23406c2aa43577f77,26a39cef-d553-5aa4-a2a6-d32d663d77f2
e72e030a69d2341d13ba8d5905f59922,26a39cef-d553-5aa4-a2a6-d32d663d77f2
07916d885a98da903c8089d2a5c6c478,26a39cef-d553-5aa4-a2a6-d32d663d77f2
a9d117261f83b43d2d8a5f79d3fba901,26a39cef-d553-5aa4-a2a6-d32d663d77f2
21797371512ece93d3c571e745104b2c,26a39cef-d553-5aa4-a2a6-d32d663d77f2
15f8b4e4a79da75c67205ba5de74dcf1,26a39cef-d553-5aa4-a2a6-d32d663d77f2
8968afb352c5e0445ff255b7dbb42a57,26a39cef-d553-5aa4-a2a6-d32d663d77f2
80d34cb9d8680c21ef4000a7b3036d6f,26a39cef-d553-5aa4-a2a6-d32d663d77f2
9442ff122908ed8e66ffbf6237c4249a,26a39cef-d553-5aa4-a2a6-d32d663d77f2
7f196d541b4ebd1e63fbee9cf35f9a4b,26a39cef-d553-5aa4-a2a6-d32d663d77f2
2e227269201f50974780fbd29eed2574,26a39cef-d553-5aa4-a2a6-d32d663d77f2
b645fbe699e7a594e7a81999f8559b5e,26a39cef-d553-5aa4-a2a6-d32d663d77f2
8fa7431ae86d64fbd7ab8e04dae40ca3,26a39cef-d553-5aa4-a2a6-d32d663d77f2
eb06f04b151f299a5049ccc79ac49d5f,26a39cef-d553-5aa4-a2a6-d32d663d77f2
9bbfe36f90084e6e68434ed701b8ef37,26a39cef-d553-5aa4-a2a6-d32d663d77f2
2ed211611d4c970d1bdd8826e3ecf5b6,26a39cef-d553-5aa4-a2a6-d32d663d77f2
300a1fd531f9880d4f6ba5878efbb106,26a39cef-d553-5aa4-a2a6-d32d663d77f2
4faaf6dd7c1bd118580e6204b8dfb9b5,26a39cef-d553-5aa4-a2a6-d32d663d77f2
612d4d5dccf0992f3e6501aab8bc1caf,26a39cef-d553-5aa4-a2a6-d32d663d77f2
9e9504f070be11d8c752ca8cca185db6,26a39cef-d553-5aa4-a2a6-d32d663d77f2
6f742ec7dd5b05c6eea1f07426077b52,26a39cef-d553-5aa4-a2a6-d32d663d77f2
19c6feb82034f026328a4580162deafd,26a39cef-d553-5aa4-a2a6-d32d663d77f2
61323e365a3668f39db9d8646d7b2930,26a39cef-d553-5aa4-a2a6-d32d663d77f2
90397252a9c917dd8384e6c09ebf81c1,26a39cef-d553-5aa4-a2a6-d32d663d77f2
d60984d5e6b59f53027d7d59f8797b6e,26a39cef-d553-5aa4-a2a6-d32d663d77f2
716020513ead0b3b745ea3acf8ec9078,26a39cef-d553-5aa4-a2a6-d32d663d77f2
eb39cef648a3f4baf6bd9570f9222ac7,26a39cef-d553-5aa4-a2a6-d32d663d77f2
855c4b96a61d9095ed1094b0d6903f49,26a39cef-d553-5aa4-a2a6-d32d663d77f2
d0b4347a92772dfab4e515dcfb9bde2d,26a39cef-d553-5aa4-a2a6-d32d663d77f2
50708c9e10bf526a15fa715736976f4d,26a39cef-d553-5aa4-a2a6-d32d663d77f2
0625acb95a649d7a59a82434688e24e7,26a39cef-d553-5aa4-a2a6-d32d663d77f2
47420ba90cbe1cf21f1b73b378db2ffa,26a39cef-d553-5aa4-a2a6-d32d663d77f2
bc17b5424bdcec21f620cb3822de41c7,26a39cef-d553-5aa4-a2a6-d32d663d77f2
79c8c6801d222df0134ff6f7cbc07bc0,26a39cef-d553-5aa4-a2a6-d32d663d77f2
a4ff01ce97b68ee82c8a452efc9cbb06,26a39cef-d553-5aa4-a2a6-d32d663d77f2
73a215f2455cb730dfba7876a8ddaaa0,26a39cef-d553-5aa4-a2a6-d32d663d77f2
4d2c869d45e4abc5831e23895e5fade6,26a39cef-d553-5aa4-a2a6-d32d663d77f2
39a25148e273ee85a762bdd2e907d7f3,26a39cef-d553-5aa4-a2a6-d32d663d77f2
2fed187f7f4b04c52c1d9449de88e3d7,26a39cef-d553-5aa4-a2a6-d32d663d77f2
9def351cb22eb28a04586d9533425c75,26a39cef-d553-5aa4-a2a6-d32d663d77f2
6b3ee45d5c3ee5f381b68ec613078140,26a39cef-d553-5aa4-a2a6-d32d663d77f2
146fb780af5199243b3e5f5055f7f066,26a39cef-d553-5aa4-a2a6-d32d663d77f2
edabebdb47c00a3e5fca67b9f9493cbe,26a39cef-d553-5aa4-a2a6-d32d663d77f2
c02deeb43e39615e465c6fdb66187f80,26a39cef-d553-5aa4-a2a6-d32d663d77f2
7bc65193b3ea780fb6292eb195dc6fea,26a39cef-d553-5aa4-a2a6-d32d663d77f2
572ed838d2052067f9b747cd9c722f9b,26a39cef-d553-5aa4-a2a6-d32d663d77f2
ac4af69549d1328532e3bab1541c7cf6,26a39cef-d553-5aa4-a2a6-d32d663d77f2
45f05905fd64402a9cad086b6785f1dc,26a39cef-d553-5aa4-a2a6-d32d663d77f2
c5899aeee4a009149cef705f46dc2b3c,26a39cef-d553-5aa4-a2a6-d32d663d77f2
641f2bbc7e672a07a69a1bed0f4812fa,26a39cef-d553-5aa4-a2a6-d32d663d77f2
50297183a626d10b78e0dc7cffb8b223,26a39cef-d553-5aa4-a2a6-d32d663d77f2
b2fc938f26ec3ccd61c5178d7ffc2651,26a39cef-d553-5aa4-a2a6-d32d663d77f2
98bb07384b303ce74e9ee1e91d28e1cb,26a39cef-d553-5aa4-a2a6-d32d663d77f2
e0e7156d6b3eef2f2899b9874bd1004b,26a39cef-d553-5aa4-a2a6-d32d663d77f2
7f690fd358ed91517aa0d6f440b6b8a1,26a39cef-d553-5aa4-a2a6-d32d663d77f2
aa6cc720cbd52bce7484ac27965877f3,26a39cef-d553-5aa4-a2a6-d32d663d77f2
7d7a6525a021510c0e03c54129f9c1a0,26a39cef-d553-5aa4-a2a6-d32d663d77f2
585b5d89b1eb9f4a6e4729c73ad9819c,26a39cef-d553-5aa4-a2a6-d32d663d77f2
29ed6ec6d29ddf27ff4a3d578f751c3a,26a39cef-d553-5aa4-a2a6-d32d663d77f2
7c42328fddd47c47000b21c67cadb8ed,26a39cef-d553-5aa4-a2a6-d32d663d77f2
5b1cd3184e85f4a19e05fb8af565bc81,26a39cef-d553-5aa4-a2a6-d32d663d77f2
fcda2c50972d04fafd0461f409c13a8d,26a39cef-d553-5aa4-a2a6-d32d663d77f2
f29c805b9428e29327767ae0332c2c45,26a39cef-d553-5aa4-a2a6-d32d663d77f2
4be03f6d2f144a353b894ec039460e18,26a39cef-d553-5aa4-a2a6-d32d663d77f2
6c35b28ea764d17f0919c56c780045b8,26a39cef-d553-5aa4-a2a6-d32d663d77f2
7a1ec8e4d928884f99a42e97b450bea8,26a39cef-d553-5aa4-a2a6-d32d663d77f2
a3de0829e47dd1768156423c2c795ee6,26a39cef-d553-5aa4-a2a6-d32d663d77f2
901fb71c3870cf8138d2ce9687434563,26a39cef-d553-5aa4-a2a6-d32d663d77f2
1abe5d4282cfc12b82600e46a1132d3e,26a39cef-d553-5aa4-a2a6-d32d663d77f2
fdb44807242f33274dd3de32090c4d93,26a39cef-d553-5aa4-a2a6-d32d663d77f2
9265ad8baec2e83b4ae18cb3b8cf6acb,26a39cef-d553-5aa4-a2a6-d32d663d77f2
43a6f4b618dfcaa566c441fc603fff6d,26a39cef-d553-5aa4-a2a6-d32d663d77f2
3a19fa4a3418e987c7e5c082be0ffa42,26a39cef-d553-5aa4-a2a6-d32d663d77f2
703365920f83a913320a33ba052348c1,26a39cef-d553-5aa4-a2a6-d32d663d77f2
0221e3cca0565e620444d28883e7789c,26a39cef-d553-5aa4-a2a6-d32d663d77f2
dd960affdc5591fd750178238ffeaafb,26a39cef-d553-5aa4-a2a6-d32d663d77f2
ed0e0f0d3f644cf040385663f8aefca8,26a39cef-d553-5aa4-a2a6-d32d663d77f2
2e592f132bc86dfa9b3fb765737a54bf,26a39cef-d553-5aa4-a2a6-d32d663d77f2
d7f86cfe05e35df1836fec7111986b29,26a39cef-d553-5aa4-a2a6-d32d663d77f2
d63c53440a23b198966ee0a5143ada2e,26a39cef-d553-5aa4-a2a6-d32d663d77f2
ea6519d886007594bc3e027e0500fcc0,26a39cef-d553-5aa4-a2a6-d32d663d77f2
063ba8cd5e665d61fa47ade79ff51d17,26a39cef-d553-5aa4-a2a6-d32d663d77f2
bc90f515775316f1f8a17c221ddd0382,26a39cef-d553-5aa4-a2a6-d32d663d77f2
df57f0d47e11baa3533c2f50ee43bfda,26a39cef-d553-5aa4-a2a6-d32d663d77f2
ac5c7a9ed9fcda45315f8d4105ded495,26a39cef-d553-5aa4-a2a6-d32d663d77f2
9d2f50b0beb3f0e3a0c7d4c0426a574b,26a39cef-d553-5aa4-a2a6-d32d663d77f2
68c6508142ce752a799ded6796404fe3,26a39cef-d553-5aa4-a2a6-d32d663d77f2
401680044bb6688ba335b5e7661e8c60,26a39cef-d553-5aa4-a2a6-d32d663d77f2
81d433a71a1acc50ab0c57679ed4e3f8,26a39cef-d553-5aa4-a2a6-d32d663d77f2
936476c22d0ad9261b5bc9407e0c3072,26a39cef-d553-5aa4-a2a6-d32d663d77f2
66224cc77636ec4dff1e30db8e390e10,26a39cef-d553-5aa4-a2a6-d32d663d77f2
adbb96400a08b184073796861009bd42,26a39cef-d553-5aa4-a2a6-d32d663d77f2
f3270ba11c0fc9d78da16bc8721029f2,26a39cef-d553-5aa4-a2a6-d32d663d77f2
3c178affc6b3d71933ef8d3d3ed5c3e9,26a39cef-d553-5aa4-a2a6-d32d663d77f2
99c75a23bb6332c0bcdeb41c4fd8337c,26a39cef-d553-5aa4-a2a6-d32d663d77f2
3682ad3a7bda76c59a6221eadfff58b4,26a39cef-d553-5aa4-a2a6-d32d663d77f2
6c0d9440906b490db691ac39e22f3c62,26a39cef-d553-5aa4-a2a6-d32d663d77f2
013f8a54a9f5e547c8785f06c6591ecc,26a39cef-d553-5aa4-a2a6-d32d663d77f2
77b81f1ae66319b43b5b0f9853c5a6f4,26a39cef-d553-5aa4-a2a6-d32d663d77f2
67ebe9dd35a59b009bfdf7d9fdca3a51,26a39cef-d553-5aa4-a2a6-d32d663d77f2
a32badedf9a099cccfdf6d229f388482,26a39cef-d553-5aa4-a2a6-d32d663d77f2
1be1710fdd338833fd084804ec8bd56b,26a39cef-d553-5aa4-a2a6-d32d663d77f2
05cc26bc165b30f303a4281b1596fe68,26a39cef-d553-5aa4-a2a6-d32d663d77f2
c95a31e6f0218eae7396dbda4f9a5b25,26a39cef-d553-5aa4-a2a6-d32d663d77f2
fd3c9ff083269d62c03207bee4b231da,429dbba0-b155-5156-927e-ba1f1ce3b717
894687f05f5dfc789718e348108af962,429dbba0-b155-5156-927e-ba1f1ce3b717
eda0cc743d9dd6f0cb59d68e81618aac,429dbba0-b155-5156-927e-ba1f1ce3b717
cad3c9e85c7fd568ba03a47d68264db9,429dbba0-b155-5156-927e-ba1f1ce3b717
9bb242ffca33c67b97c06dfd5570c946,429dbba0-b155-5156-927e-ba1f1ce3b717
bc1c3ad5b63490f3bd8e7a214a60a07a,429dbba0-b155-5156-927e-ba1f1ce3b717
cd247686d022754839873fdcd113a868,429dbba0-b155-5156-927e-ba1f1ce3b717
5ed52aeeaf3995f1e15f35302cb1e53c,429dbba0-b155-5156-927e-ba1f1ce3b717
781a6ff02075b4facc5e6d1a9a5764b4,429dbba0-b155-5156-927e-ba1f1ce3b717
3b509647066f39e43dcb43483a1a0d58,429dbba0-b155-5156-927e-ba1f1ce3b717
1843ee10c4ed24869869025502afec30,429dbba0-b155-5156-927e-ba1f1ce3b717
042e856f0a96acf84a63f1f42021377c,429dbba0-b155-5156-927e-ba1f1ce3b717
e1f6bf363fbe287a3b49b0961cb63293,429dbba0-b155-5156-927e-ba1f1ce3b717
cf77ca1daf9502f97e7622c69199da24,429dbba0-b155-5156-927e-ba1f1ce3b717
f1df2a8072933098f3f7d0698b759852,429dbba0-b155-5156-927e-ba1f1ce3b717
f88ebf5a01cc826b9e54b78ae9e80332,429dbba0-b155-5156-927e-ba1f1ce3b717
e3cacbe5fa0fc25e7e4c0000b27b2b55,429dbba0-b155-5156-927e-ba1f1ce3b717
0a257234b21994a60ff41ceb800b715f,429dbba0-b155-5156-927e-ba1f1ce3b717
99164b6a48d1dcc27ff259bd2de0945c,429dbba0-b155-5156-927e-ba1f1ce3b717
1fdc2b2ae11283c212f18d6a40e8cca1,429dbba0-b155-5156-927e-ba1f1ce3b717
174503fd8e977f8aa36cfe5bcffc1efb,429dbba0-b155-5156-927e-ba1f1ce3b717
b3e00766eb73b18ed1e67432415e2541,429dbba0-b155-5156-927e-ba1f1ce3b717
7a51fbcb4164978b3fdf7e97fc6c09be,429dbba0-b155-5156-927e-ba1f1ce3b717
89469ebf5e5486109bd508085bcf4320,429dbba0-b155-5156-927e-ba1f1ce3b717
9e4f3fe1762b445fc5b7df37c1ddc559,429dbba0-b155-5156-927e-ba1f1ce3b717
0f50ebff4090f553f320879eccd1ffd0,429dbba0-b155-5156-927e-ba1f1ce3b717
bfe1cb886bf9f8bd9d11ad04bdc1610b,429dbba0-b155-5156-927e-ba1f1ce3b717
240e60f1e1e48453925a73d43431d09f,429dbba0-b155-5156-927e-ba1f1ce3b717
cda57f45ca6dc3507465dc1eed6b2c0f,78135813-1492-5efa-835f-7b3de61050e3
edf865813c455f88b4941933600a3809,78135813-1492-5efa-835f-7b3de61050e3
f6d423e7dd628a20daa5b4cf0d9b81cb,78135813-1492-5efa-835f-7b3de61050e3
6ac2f24744382190e078dfa6b3555ed4,78135813-1492-5efa-835f-7b3de61050e3
b4425448dc7693f9ca8a8808d8c813ea,78135813-1492-5efa-835f-7b3de61050e3
74470f760d51413adf8d137984c62efa,78135813-1492-5efa-835f-7b3de61050e3
d3736f042c38ccfe24f4bd0652f89317,78135813-1492-5efa-835f-7b3de61050e3
d189779ffae4c949b889bb6d2fef7b04,78135813-1492-5efa-835f-7b3de61050e3
a34930cf70e522e73ceb7ecfb29abfb9,78135813-1492-5efa-835f-7b3de61050e3
e0461b23734f567696f682eac95efd5d,78135813-1492-5efa-835f-7b3de61050e3
186fbc4862a6ddfbc28362cc99cde2c8,78135813-1492-5efa-835f-7b3de61050e3
28e8a5d476892a7cab5dfd0009fba12e,78135813-1492-5efa-835f-7b3de61050e3
72208ec66355c78819883429fcd74d2a,78135813-1492-5efa-835f-7b3de61050e3
8ea6ec092f4ae21d5f50b9c4b310497e,78135813-1492-5efa-835f-7b3de61050e3
e596d5681cc7b5f0035ea67ba1891b62,78135813-1492-5efa-835f-7b3de61050e3
ab5b37644888a5771ac2bf093b681d8d,78135813-1492-5efa-835f-7b3de61050e3
3a8f14ac89044045e9f4ca388a71229e,78135813-1492-5efa-835f-7b3de61050e3
d9928cb2b62c1cbf219d2dd3bc720fed,78135813-1492-5efa-835f-7b3de61050e3
edcb311b2729335047a70f92be668435,78135813-1492-5efa-835f-7b3de61050e3
68a8b106317fdb91a49c308be21971c2,78135813-1492-5efa-835f-7b3de61050e3
0125b50d2196ccc17d637ad3f6ff7c99,78135813-1492-5efa-835f-7b3de61050e3
d5e443295c91ee56715f6c46ff1870ba,78135813-1492-5efa-835f-7b3de61050e3
8956d9d753150bdf6f991ae64726c72d,78135813-1492-5efa-835f-7b3de61050e3
c721c06215b12756d3718e232858aae2,78135813-1492-5efa-835f-7b3de61050e3
0021bc8655242923b30ed6b15f502476,78135813-1492-5efa-835f-7b3de61050e3
db09e6a8d4412400d17803cae295777b,78135813-1492-5efa-835f-7b3de61050e3
